,PercentVoted_df_dv,AboriginalHouseholdRate_df5,ChildrenRate_df12,MedianHouseholdIncomeBeforeTaxes_df13,LargeHouseholdRate_df15,CoupleWithChildrenRate_df16,AvgRent_df23,RecentImmigrantRate_df24,OverallImmigrantRate_df24,CrimeRatePer100_df26,NeighbourhoodImprovementPlan_df27,Total Population_df32,SeniorRate_df32,Married or living common-law rate_df32,House_rate_df32,Average household size_df32,Median total income of household in 2020 ($)_df32,"Occupied private dwellings by period of construction, 2016 to 2021 rate_df32",Mother Tongue English or French_df32,Indigenous Rate_df32,Canadian Citizen Rate_df32,Non-immigrant Rate_df32,Unemployment rate_df32,Advanced Degree Rate_df32,Long commute distance rate_df32,YouthCrimeRate_df35,Neighbourhood Equity Score_df41,Walk Score_df41,Debt Risk Score_df45,Home Prices_df45,Early Development Instrument_df46,Pollutant Carcinogenic TEP Score_df47,Pollutant Non-Carcinogenic TEP Score_df47,Pollutants Released to Air_df47,Breast Cancer Screenings_df48,Cervical Cancer Screenings_df48,Female Fertility_df48,Premature Mortality_df48,Rate_HospitalAdmissions_df51,Prevalence_2+_ChronicConditions_df52,Prevalence_Asthma_df53,Pravalence_COPD_df54,Pravelence_Diabetes_df55,Pravelence_HighBloodPressure_df56,Pravelence_MentalHealthVisits_df57,AnnualRate_Hospitalizations_df58,Birthrate_df59,PercentBirths_MothersNotBornInCanada_df60,Pravalence_AsthmaYouth_df61,Annual_Injury_ED_VisitsYouth_df62,Annual_ED_MentalHealthVisits_df63,Pravalence_CongestiveHeartFailure_df64,Annual_ED_Visits_df65,Annual_MentalHealth_ED_df66,Annual_MentalHealth_Hospitalizations_df67,Annual_PrematureDeaths_df68,AvgChlaymdiaRate_df69,FoodInspectionOutcome_df76,VehicleRatio_df92,OFFENCE_RATE_df1,CulturalHotspotsRate_df2,HateCrimeRate_df3,HomicideRate_df4,MentalHealthApprehensionRate_df25,PoliceCallsAttendedRate_df36,PoliceTicketRate_df37,ShootingsFirearmDisargeRate_df38,SocialHousingUnitRate_df39,TheftFromMotorVehicleRate_df40,City Grants Funding $Rate_df41,Salvation Army DonorsRate_df41,Watermain BreaksRate_df41,BusinessesRate_df45,Child Care SpaceRate_df45,EmployedRate_df45,Social Assistance RecipientsRate_df45,Health ProvidersRate_df48,Student NutritionRate_df48,Green Rebate ProgramsRate_df47,CrucialSeverityDineSafeInspectionsRate_df48,NumberofBridgesRate_df71,NumberofCafesRate_df72,NumberofClothingDropboxRate_df73,NumberofParkDrinkingFountainsRate_df74,NumberofFireHydrantsRate_df75,NumberofAirconditionedSpacesRate_df77,NumberofWashroomsRate_df79,NumberofParksandRecRate_df80,NumberofPlacesofWorshipRate_df81,NumberofPSSLicensesRate_df82,NumberofArtRate_df83,NumberofRealEstateAssetsRate_df84,NumberofLandAssetsRate_df85,NumberofSpeedDisplaySignsRate_df86,NumberofSchoolsRate_df88,NumberofBenchesRate_df89,NumberofTennisCourtsRate_df90,NumberofCommericalIndustrialPropertiesforSaleRate_df91,Rent Bank ApplicantsRate_df49,SumAffordableHousingRate_df70,NumberofMotorVehicleCollisionsRate_df78,total_vehicleRate_df92,NumberofTreesRate_df93
PercentVoted_df_dv,1.0,0.2865742669672345,-0.00028070487484618497,0.46511206710375347,-0.4634154372936092,0.13532025066073136,-0.22069519245306463,-0.5068857907208909,-0.7300572383365591,-0.16345366065742975,-0.31119599366757256,-0.3296317543997172,0.05575443962008051,0.4213256709904915,0.19115191155518466,-0.3481017631186231,0.426652176249138,-0.13603560278269772,0.7258578068646121,0.3798176559012842,0.6984078443870105,0.7920174296843984,-0.5478197153112551,0.5082287091860616,-0.5439251494900131,0.04116906030188654,0.5594893136437826,0.37544718633963386,0.43626054298902694,0.45511232325947687,0.44774844305696326,-0.15976015632844384,-0.11987627545900667,-0.21640757763514903,0.20365689495523698,0.5938794889665282,-0.24735441666368363,0.12466377333119658,-0.10607690879150032,-0.34009922806307613,0.2776753083218528,0.01832879677652514,-0.5438034882363094,-0.3494292991186189,0.6453816505794782,-0.016863005266742042,-0.13908355153180016,-0.75802069716039,-0.13852914823651433,0.5105786085765663,0.35956818056950623,-0.139497751608918,-0.1811291647179538,0.13639850716879023,0.13505063693075695,-0.007084685766939794,-0.219848680614904,-0.02666457319919352,-0.2545359742760357,-0.18953716359804496,0.25982817021143256,0.10853049584951198,-0.18329495677418142,-0.03492824004437029,-0.03903163058175345,-0.012596051941582618,-0.36966218983766075,0.001732109963891885,-0.0545828467803656,-0.12407048659120261,0.4163988761226108,-0.09656404611089142,-0.10110049748041984,0.3802475135713491,-0.1822137148494055,-0.3743753958667002,-0.009107344426505615,-0.2401344223269514,0.14026820174775112,-0.04053375053651249,-0.17613478137374725,0.26557337342634674,-0.2575111680215347,0.3631186193469379,0.07926604741650489,0.05121238220640357,0.21660834415362334,0.2350785158594901,0.16775391693663866,0.07262938499917854,-0.07442903873309137,0.19830194467564982,0.035034438790219065,0.004177111968315819,-0.02635306232537674,0.194099409030358,0.0700874447895504,-0.25384735533708336,-0.31362950174336046,-0.08868372162619255,-0.1448336919087749,-0.06530213724744706,0.17278308088347202
AboriginalHouseholdRate_df5,0.2865742669672345,1.0,-0.019699454933871586,-0.1539985064368935,-0.23111712945535454,-0.16692080613933938,-0.340064877170499,-0.3431136830157703,-0.3236623884809292,0.15568320391019927,0.06789159555633895,-0.24518763895505385,-0.20438913086552327,-0.1365735440625882,0.10634041244782948,-0.19992225249338197,-0.16210985261478134,-0.1857169660013508,0.4116820745343349,0.9429857170344298,0.3258966610532905,0.3499828242323739,0.12476131008359664,-0.06830214178414064,0.057175502808773156,-0.16566016262288888,-0.10237899263630441,0.18517238514320034,-0.16955162714366823,-0.07919188405262231,0.10555959704578441,0.26065444455910375,0.10330533580655457,-0.0998589412457368,-0.2566712698071787,0.014684961393322309,-0.11783295756201573,0.5892256312450894,0.25112837648551173,0.018159962179480932,0.3394978637511687,0.48257899028503065,-0.031280724424614985,-0.06839979755960092,0.5184827687383805,0.05469238523795711,0.11090255796439275,-0.3570955807420841,0.08628084836869311,0.385955022879302,0.5563729839507241,-0.1379429324067098,0.35096709627126416,0.4419722871785441,0.5219463011839107,0.5678474808001899,0.08282381815112515,-0.39222372217101825,-0.1844684527004651,0.1653851516682024,0.19593686698047308,-0.05458401840482538,0.193194569914926,0.3237767086637912,0.27473386304018266,0.04788702915637728,-0.03571144289050699,0.2014133536338932,0.11676546799535797,0.004257873789212692,-0.0511463604514174,-0.125733873625566,-0.058658910434542785,0.08137141708572322,-0.12490835044221128,0.22075447880257698,-0.1576362301689805,-0.016532374467488235,0.1469765770307485,0.017862500496831992,-0.24861155597799667,0.13354751918702912,-0.0926436079587025,0.23127677314547604,0.02921680791908109,0.2596777289059298,0.20951733317290688,0.22670963143245715,0.14096325396454407,0.014938878253708682,-0.07009121242791215,0.24785870661906884,0.07841632243445813,0.07387356081401665,-0.008333393892132694,0.06933307247467438,-0.1513202387692831,-0.07309587873991277,0.2519929426781393,0.0007922207080779243,0.07624309654885264,-0.026907464194663156,-0.11964220946527276
ChildrenRate_df12,-0.00028070487484618497,-0.019699454933871586,1.0,0.2791773492081909,0.7210145004635717,0.8742919944376355,-0.3365581910505092,-0.1323390309374179,0.305667728323109,-0.34641522684125603,0.36383958068525485,-0.14983611872050634,-0.02477618954391735,0.36787041036257767,0.4683390595097769,0.839085680122069,0.26804778636196336,-0.6199211830110443,-0.025027625432562886,-0.07724984858516876,0.2415786140100622,-0.025782255833055153,0.20381092757938488,-0.4131311889478028,0.2786055056006069,0.33211860099290835,-0.3055505933194199,-0.5667351432986708,-0.17228727752635994,-0.06568526255272894,-0.29844050366494,0.10281967941642893,0.12888651266964116,0.10624757905986414,-0.060428490755939444,0.06967658181554938,0.638833574022105,-0.12899020783315157,-0.2794875929339756,0.42861707385372694,0.4071997645642815,0.09264900068375832,0.43589045828968875,0.46966925305101376,-0.07822174407501989,0.20462030630924896,0.3905300173951093,0.07981149111161545,0.21971307382645514,-0.03354634195020185,-0.25908329814654496,0.18239611743461348,0.12838533935849208,-0.36232653888017,-0.20994315950968712,0.09845656488958215,-0.42045170699605144,0.01007874021301773,0.6938862793910142,-0.38574431959564115,0.04639394131775452,-0.598250532960956,0.04155266736978236,-0.5160647778246379,-0.5408121087274931,-0.12518343243261873,0.14969919633893783,-0.08349816376022554,-0.3421643203247951,-0.5927713605394109,0.04245050303066096,0.06723035757015607,-0.5399219704828984,0.09475687939256443,-0.514897898833398,0.3235482548068736,-0.49701956218134796,0.28167975778424964,0.28978789880339356,-0.5125330423489424,0.09483555164622681,-0.5342072877989135,0.2526998570666897,-0.3098076323709812,0.22457689581226206,-0.09576728713394768,0.008710524157970202,-0.06676807954020791,-0.19952940751399567,-0.3889589722726698,-0.6453192703302152,-0.10509180254403297,-0.03007501069177379,0.17307923664506736,-0.13874053757977392,-0.103083850414965,0.1551497978072181,-0.3634450423540234,0.21285142199559207,-0.06200164592982806,-0.25034837358823825,0.22319209608047288,0.15501012258142938
MedianHouseholdIncomeBeforeTaxes_df13,0.46511206710375347,-0.1539985064368935,0.2791773492081909,1.0,-0.08239548863074735,0.5935985477392915,0.08465004162564656,-0.5117823607335615,-0.6070929869587114,-0.37467570338971273,-0.42045646649070667,-0.1796035213175525,0.3979657083002266,0.8003232503581797,0.6506303176871476,0.14159677076469973,0.9849154442345414,-0.11419882284697269,0.6012914338504525,-0.19822875887521724,0.6146060722176384,0.6804144778736412,-0.6954691284770109,0.514986603622202,-0.6087114151559175,0.2189020756401468,0.7008938594012157,-0.0551835741771155,0.7470199034647247,0.752399673067547,0.34658247064393405,-0.00798709893956554,-0.07179304909353919,-0.04257180227189659,0.7382164657492079,0.8051610622156208,-0.28887305424858173,-0.48597143222984657,-0.5296748352585442,-0.3256497145837021,0.13204398120189192,-0.410142005402363,-0.49676770128699077,-0.2184905181450082,0.18540364130006368,-0.3241493806078713,-0.5261595677373891,-0.5690518298824662,-0.00719040241241446,0.35179258696031807,-0.0009731098449511285,-0.16653579015447062,-0.6043646227555745,-0.4362800245489362,-0.4630964299498103,-0.5139561007483447,-0.43026459088697216,0.045501214265373735,0.17060435165556712,-0.36769086994739414,0.06734672934133563,-0.01753816317237253,-0.5267916870553937,-0.5071561446397814,-0.43510972530384545,-0.025511425524547226,-0.48620833730627655,-0.5188383536832417,-0.17479681508878728,-0.22758993956004844,0.797656496166341,0.1947665619405104,-0.1568393111869852,0.4360082100653431,-0.1829150013175185,-0.6321642756612705,-0.016764452520230837,-0.4472232541522199,0.4750157283389582,-0.1415806601854956,0.06837755955898028,0.03058350534247064,-0.04927080320108893,0.026611592645909538,0.5272862655867038,-0.052865477481456716,0.209680201441164,0.2793198527183222,-0.056407183336917896,0.08589567880399691,-0.09041941136960607,0.18246548803879428,0.1369518535610981,0.07497287102088368,0.16051828781957794,0.08984948028974803,0.3282848025924835,-0.1819908292560854,-0.44387123876974366,-0.3269189807304561,-0.1987575198019336,0.08356039394791435,0.6843539626795492
LargeHouseholdRate_df15,-0.4634154372936092,-0.23111712945535454,0.7210145004635717,-0.08239548863074735,1.0,0.5887842545902885,-0.21144601873932792,0.12162873536604088,0.6921492140524835,0.06294499421425076,0.5140734353034242,0.15340375749066115,-0.008144883087645839,-0.07386880354110942,0.18075088364771802,0.9016202728206651,-0.10051702651027677,-0.46660127645545135,-0.4352302329095721,-0.22809457740525174,-0.1333257453866727,-0.4868693967998322,0.5129824215513666,-0.647539914967844,0.5286264779750784,0.25247842213204874,-0.6167259046022806,-0.6896974679970337,-0.4384374197566848,-0.36675165027649875,-0.44826741191643266,0.1144429297018883,0.18956055059682905,0.3484733117980647,-0.31082930958599914,-0.41209383237995106,0.6818833483725264,-0.07091254526200409,-0.03242586922941634,0.6474017595038949,0.2498123405873786,0.1420064898756937,0.7752211876597428,0.6569081000209662,-0.4104737134044858,0.23039369511944413,0.431550068377804,0.5244408401752549,0.32491235623367726,-0.4188783232223405,-0.5314423994805751,0.30723933376511836,0.3702659462193818,-0.15621863644637668,-0.08586899065185279,0.16789656011361292,-0.13908045932968585,0.017682984788430188,0.57937113982525,0.006053932258614361,-0.14225720078865361,-0.4526031987813926,0.2615995320056431,-0.20375109852398487,-0.228317833607046,0.04970720408962534,0.4472753001852948,0.07706661291638174,-0.03505714843488377,-0.31618648714146413,-0.2778028278551519,0.0916385045784251,-0.2959016037161975,-0.13657476898863194,-0.2443179786458152,0.5047713389437394,-0.4099113950327559,0.5022993349891355,0.05480866841248794,-0.37095534155456716,0.3158863645177917,-0.4758259069307083,0.24001738148477897,-0.42610619451359155,0.12642077481917813,-0.12146352586377371,-0.06879221438628941,-0.22426986484563974,-0.16153988593670443,-0.37566447794618046,-0.4281407588038127,-0.1722627862582964,0.09861265923213779,0.23677304363561238,0.00019173646267266604,-0.21038796363624823,0.012877162776361452,-0.16256086493188338,0.30776887406730796,0.038228023478077015,0.013356459735086052,0.1395915660974831,-0.015021749912929025
CoupleWithChildrenRate_df16,0.13532025066073136,-0.16692080613933938,0.8742919944376355,0.5935985477392915,0.5887842545902885,1.0,-0.2112030271518828,-0.3110764487379721,0.07211371066243101,-0.4219784610887627,0.029498570162725876,-0.1478736313511805,0.24847727323815216,0.673041619360451,0.6882461510566859,0.7885664561237361,0.5812520865016706,-0.5464485780848088,0.08171800054742274,-0.2246128836998444,0.40079933017045366,0.1570586162645859,-0.12297685227171476,-0.1802781737725602,-0.0016991703399336358,0.40424192383258345,0.028479795093872405,-0.5606054560190259,0.23199275782327466,0.19866068836124026,-0.09002825185525046,0.0689388757247487,0.022731798027725608,0.09637503288169333,0.26173110591471477,0.33243029063062735,0.3358734199250479,-0.3456737754083679,-0.4341033606888234,0.2937317071786271,0.31579546781195833,-0.05481923685424324,0.22462520453146026,0.3885641290273082,-0.07643103691729268,0.021000227186759937,0.055643915405748375,-0.08807245039537,0.09483955730685155,0.11936204228049034,-0.27083187489687505,0.13434971431411047,-0.13819900383104503,-0.5381973505094214,-0.4335269711016609,-0.14744123311500074,-0.583979335208079,-0.04128539005341113,0.6709455080064587,-0.4883036689388642,0.018385100016620953,-0.4891579480269924,-0.2509682218117615,-0.6809376867646548,-0.6562074235346959,-0.1160093159272661,-0.16482812625973892,-0.38428893727468827,-0.32172934601505887,-0.5516607847752392,0.33829129694361043,0.19403335909605202,-0.4985534370364722,0.22636162505633187,-0.47170632362605114,-0.08679826886491476,-0.4452856103704261,-0.01796849678568739,0.48076387166924534,-0.46522927146765836,0.17395215498025507,-0.43624173977988573,0.21245544215880793,-0.2897915255630126,0.43425619717077607,-0.12814223678417544,0.10505208875823319,0.021647253901150576,-0.19832536308529278,-0.32461753492217155,-0.5856892647186257,-0.04712535229176246,0.04733759265163483,0.19665697467463478,-0.049395448539970625,-0.05452411272664984,0.22522143630337163,-0.3465255679747641,-0.11253318007343188,-0.215180250039395,-0.24183745351536093,0.18634406270928494,0.40721074854026057
AvgRent_df23,-0.22069519245306463,-0.340064877170499,-0.3365581910505092,0.08465004162564656,-0.21144601873932792,-0.2112030271518828,1.0,0.12956979203600932,-0.06427678701378291,0.03508980958068281,-0.1143037633522694,0.28256431124757075,0.08403052868733586,-0.014962809251087283,-0.18577032639176277,-0.31616627294527033,0.09817553900594163,0.4619275920532177,-0.11145224464116138,-0.29372987028902536,-0.23125379497974008,-0.08099546642793787,-0.16457340387431735,0.3347616800646706,-0.2640715347878025,-0.13813242124759878,0.2904784673277146,0.0945592970972504,0.2826897969513772,0.13198828744829652,0.059851618390090025,0.02406486328495462,0.03926105839732428,-0.027196948811838696,0.28849058672643046,0.006665421127956077,-0.36935192405042194,-0.279224208313532,-0.1608357580742516,-0.29619723223436767,-0.3300158589603489,-0.3759219570405278,-0.2764739513161142,-0.25450294481146957,-0.2712978513261979,-0.25553699381279305,-0.41144082775253066,0.1310539288144336,0.05214898545105028,-0.05148405673172673,-0.20068468595934935,-0.14429595466710352,-0.31789024449406705,-0.1740553791086962,-0.3031507361374066,-0.39414575824676773,0.03512006475030891,0.05957453380862354,-0.24185991219829023,0.032193898664660034,-0.2516396866105188,0.29654509267427387,-0.2226648836650452,-0.10262840449048781,0.021862747799387308,0.03185785648163437,-0.19338818734674335,-0.2199492865486032,-0.08645543300617305,0.3654707095406485,0.2702413568570568,0.16042522886045468,0.19158912655086935,0.07701355430462957,0.38655451040754113,-0.33293030306850135,0.2419824929076765,-0.2093834411800273,-0.2713546084272058,0.09364236560966932,0.22571729866826098,0.14589454354206705,-0.05900662427848584,0.07159583073907998,-0.019397673408245643,-0.3201059502822079,-0.13974120639137277,-0.013348756647573594,-0.3319589196200967,0.04310693516476999,0.45304982886416595,-0.059388846203266045,0.16374602912403363,-0.05897403414885333,-0.06722700653501748,-0.11118735700095549,0.029048061370882176,0.3716475317991811,-0.19492520475213845,-0.015642874872084937,0.059364256287535014,-0.02354297088947339,0.0038975151431305155
RecentImmigrantRate_df24,-0.5068857907208909,-0.3431136830157703,-0.1323390309374179,-0.5117823607335615,0.12162873536604088,-0.3110764487379721,0.12956979203600932,1.0,0.5176994055454859,0.13288523840981908,0.30957149456437666,0.3700622252652523,-0.5504468756960696,-0.3912975784783393,-0.7092422166164359,-0.08557754517760499,-0.4971576596093262,0.5158547131606195,-0.6752954765048724,-0.3351963382472426,-0.9134215594088774,-0.7292668567572536,0.3865370133933914,-0.04041126155376681,0.34562363663413453,-0.14077469881360652,-0.3358111083518069,0.166168350539184,-0.36810142542472135,-0.39358018976753134,-0.29396045002569715,-0.13847757384885323,-0.04993530597293461,0.06128330090138586,-0.3092612157727986,-0.5468957319414145,0.3060684787361708,-0.02687174064889588,-0.07572548063406259,-0.16810300323283472,-0.6659912425436817,-0.2987198106915853,0.1422745086068222,-0.20132275695761093,-0.5024203599304364,-0.2030313648357786,0.39855305041713224,0.7599012801182473,-0.34275137229142183,-0.5621740582668662,-0.4718018767569075,-0.2575806704886958,-0.00546520574148523,0.056382032309165976,-0.1503961015372608,-0.19929605709510814,0.27521062455172707,0.23603895566357908,-0.11451472887056256,0.15864198831104107,-0.21952982838242274,0.05403597499984804,0.11866960604515123,0.13351751137466128,0.16520358550883948,-0.024362768869196475,0.17535316470627918,0.13559389381225706,-0.015702082762847635,0.2031055452117504,-0.4861110069376664,-0.27287347044631927,0.2250275779079457,-0.43497803984821476,0.3024890766767469,0.28138678179524157,0.2057827117626978,0.20644166060462613,-0.6730059690157528,0.07918360030569761,-0.015600190826416097,-0.07973446780685843,0.05489603126320604,-0.21430966583228286,-0.5900333813357598,-0.16433085343280676,-0.321446781667863,-0.46627605907897995,-0.2565243347075759,-0.005733616698215018,0.20546162594226763,-0.3578096697943677,-0.3855576714279156,-0.2941758665116775,-0.21416680347805941,-0.27905266374884063,-0.224064085028534,0.358311113242821,0.1270110924049652,0.40640191344388216,-0.05030707685652605,-0.09366318948529453,-0.5727913492831185
OverallImmigrantRate_df24,-0.7300572383365591,-0.3236623884809292,0.305667728323109,-0.6070929869587114,0.6921492140524835,0.07211371066243101,-0.06427678701378291,0.5176994055454859,1.0,0.16142130133427246,0.5746780403589471,0.23253506306988356,-0.19105179595159735,-0.48710793198571406,-0.2742643186723429,0.548627909514413,-0.5978815816247808,-0.16258599494532153,-0.8663713950219362,-0.2927122598667613,-0.6149296736966129,-0.9133942079356842,0.7420838808966801,-0.7665793956172927,0.785190840171695,0.06148291830229382,-0.8415395760217311,-0.5158474162800736,-0.7343703249369468,-0.7472505750546596,-0.5653432823032138,0.028730701970370268,0.16824724827957174,0.23272749062685996,-0.5658654993963569,-0.7706932754677486,0.5940361022934283,0.06170024444972738,0.24322547351977503,0.6371176398460046,-0.02463284047166307,0.21369665823425615,0.8372733824976311,0.6220941817622063,-0.6073739960463471,0.3415882696067928,0.5556004257252387,0.8281476780360818,0.1891258528759957,-0.5047667494408404,-0.4826800303217501,0.37091884704024836,0.5222287259581209,0.008149626955130457,0.018262771455384862,0.2630775122133724,0.18432879977214614,0.09299777298076001,0.36968796968396656,0.13288359823260715,-0.16828851574603682,-0.3394359881103105,0.45555341172925784,0.06251069572451029,0.009512974309866085,-0.011594137295956933,0.5923606437351844,0.2933298399900458,0.007885590422395217,-0.10587011182315333,-0.6779313315203037,-0.019031816296967492,-0.12085527766183779,-0.3518133078785246,-0.04509015380930841,0.6656300560049103,-0.23605108297445643,0.567697789456301,-0.32693137226924074,-0.21243506609340146,0.22737716964970925,-0.4441107104886944,0.16177321150936014,-0.43472242258041627,-0.2623831124515631,-0.13141379162463956,-0.259237415491225,-0.39120976112164385,-0.1498929918460262,-0.3223172277571487,-0.19846163798535618,-0.341582171858309,-0.10774323674635941,0.04080128312033699,-0.20224777331751093,-0.2770005405012053,-0.15380269305578587,0.031449830048229994,0.41203136723412465,0.26858011983037783,0.1142694650238633,0.1655182913551062,-0.4002746349021801
CrimeRatePer100_df26,-0.16345366065742975,0.15568320391019927,-0.34641522684125603,-0.37467570338971273,0.06294499421425076,-0.4219784610887627,0.03508980958068281,0.13288523840981908,0.16142130133427246,1.0,0.1271005697999262,0.16526008573625553,-0.27972620714012403,-0.5339426472310521,-0.2875106118076407,-0.19269924156928367,-0.3094886597583122,0.22972997741067558,-0.03722739962471688,0.15551625760957896,-0.20411688769941003,-0.10276384692411303,0.26431682548427143,0.011747557846106087,0.008168328225618455,-0.28883710532089385,-0.1847876119603674,0.2708877140271778,-0.29459593290573427,-0.1879607484950625,-0.060065953277475596,0.23165325319803268,0.17748301032782413,0.37726639464411693,-0.3581806675136092,-0.4144817914397056,0.01732061543099974,0.36321479219533226,0.36062178684782814,-0.09214830508869368,-0.08254893089255466,0.08551045776433733,0.02886515600101413,-0.18052800747329908,0.009987146093553683,-0.042029117744675014,0.005246587044004297,0.12095781393734366,0.004097420279787017,-0.2261023034808129,0.06955511912492547,-0.10120520172153742,0.21049541427599372,0.37931797809115136,0.3360950896297719,0.17617589124066782,0.4583763656366156,0.09166455799807932,-0.43137402057995095,0.9192019226918785,-0.07402871716646103,0.5375876145839661,0.417434756211025,0.6641926023650591,0.7858669751010459,0.3849941813341192,0.3059548805164304,0.2475370974501014,0.778257310313846,0.5541093865094496,-0.26504103414968966,-0.11992241501502555,0.7037568769117729,-0.08541509120417197,0.5823647705118713,0.1759700680603838,0.3757650235585462,0.29845225090048044,-0.24125067541788112,0.4920770974501153,0.03554090415786506,0.43763769322798085,-0.03290189267207406,0.05025980758049375,-0.010972224631429627,0.061866180685020554,-0.0183978037662588,-0.07360608227460154,0.4675679886540313,0.4738025224248583,0.33649018476967113,0.11509200811321024,0.064826382430655,0.076651828501199,0.19520333947647847,0.12166360805482265,-0.2213708498815322,0.3438894770079808,0.11950250510560963,0.1621332749556284,0.5609625534992665,-0.14032827181388402,-0.18203109777062657
NeighbourhoodImprovementPlan_df27,-0.31119599366757256,0.06789159555633895,0.36383958068525485,-0.42045646649070667,0.5140734353034242,0.029498570162725876,-0.1143037633522694,0.30957149456437666,0.5746780403589471,0.1271005697999262,1.0,-0.03879841069790628,-0.25464454378229456,-0.46135361395943114,-0.19411136550639987,0.32087954200730545,-0.3954697015392638,-0.14606358139556785,-0.2554075396219797,0.03626241329980383,-0.27518254410243564,-0.36261287203988374,0.6434878727717732,-0.5143292298223275,0.5835683390864601,-0.0034204660858279624,-0.7421088478141763,-0.30561982192963366,-0.6856630581109046,-0.4257105977800804,-0.5367968615319998,0.19617533431560422,0.09282232278075223,0.05309546615037807,-0.43287484080118954,-0.5145774316749046,0.6010578918925609,0.19755627839534365,0.24664810777695684,0.4025030349939344,0.25849102821877923,0.26681106026279544,0.5315822008065778,0.3244245508208719,-0.07293451099592681,0.3588913901562412,0.507210438710563,0.3954694970131603,0.3995830422502028,-0.17888346171221295,0.028131950216494107,0.21081074581591497,0.5832397542118593,0.22675346608669444,0.1851654035267383,0.3742912110772657,0.24011896183910678,0.05107824421536794,0.17435118586644296,0.20947172541116205,-0.036097695610257226,-0.2078659393088206,0.5301252937274971,0.15491648438981434,0.12497389792726994,-0.0133486726199264,0.6326235220429244,0.38306441625334553,-0.02543190266388923,-0.05099966743022707,-0.3632971336660911,-0.03525045536829627,-0.08407520919846898,-0.19474331179362614,-0.09229494511496047,0.773667761978923,-0.22236424034277916,0.6077085243328164,-0.3314176984846508,-0.15052362020032856,-0.03013505463645689,-0.2477295701109662,0.11736128720518765,-0.14478973435575748,-0.17135636989504482,0.018362481931386676,-0.024674310125595657,-0.05891498709985363,0.023537152974292593,-0.10864835954558331,-0.154058880923156,-0.06742817709619442,0.1028641127493081,-0.039697124532473684,-0.19375717458083092,-0.2261653680121945,-0.08897752481237634,0.029375461235657416,0.45691055111736645,0.17819906346324393,0.06161707124844784,0.16431110656587347,-0.24118968360492665
Total Population_df32,-0.3296317543997172,-0.24518763895505385,-0.14983611872050634,-0.1796035213175525,0.15340375749066115,-0.1478736313511805,0.28256431124757075,0.3700622252652523,0.23253506306988356,0.16526008573625553,-0.03879841069790628,1.0,-0.26171075984172976,-0.2009211503505841,-0.2862271283656914,-0.09313241114199987,-0.17407616772300136,0.41169674796386785,-0.2348230493072196,-0.18648198925546247,-0.38475942724887197,-0.3019716104326046,0.049366446104221945,0.026457460636635892,0.06784469231924226,-0.13895570488446188,-0.04458131094163915,0.09833810812518119,-0.0729571616502194,-0.25743505055490873,0.012520541956039882,0.04033385588979773,-0.003742882089593205,0.21815034682963091,-0.09058464158737302,-0.2016045912493107,0.017434288162772777,0.053623885897996534,-0.06731292755439314,-0.17113263660195227,-0.323689743617598,-0.3287382835577298,0.021034114359368666,-0.1578950303275727,-0.35518660362816873,-0.3304062167109527,-0.03754304784436874,0.3368955912189941,-0.15950423020622165,-0.24461272064243247,-0.12384648765858443,-0.3167444509903102,-0.09017695259687544,0.01036093202420455,-0.048421942162846586,-0.2323153215601196,0.15442429615259207,-0.008261753407413964,-0.15804077069361272,0.08275552329286517,-0.1829341652499421,-0.027581405281805315,-0.09342492584533194,-0.04463003113059579,0.06493174741969616,0.039502297459555254,-0.015483310889524194,-0.07116664285929868,0.023090774706242188,0.1720311269675514,-0.23364365564756215,-0.17415449913080167,0.10134467758792597,-0.2840456974306282,0.1567203683527518,-0.055529870796806886,-0.018970532166579835,-0.09571258600223433,-0.18955836518396216,-0.01936031538144277,0.30509491259937227,-0.011397040993245998,0.024285391707108462,-0.07987060220856018,-0.3105731311049162,-0.10985863918816746,-0.10557927052820208,-0.29812474027890534,-0.2531779229663101,0.040227775345764265,0.2819192427725165,0.031201565019433025,-0.05373116363756763,-0.17556500463914249,-0.18890435712515327,-0.2152042470344419,-0.17823045881981256,0.14919060125440892,-0.03830316547941695,0.1486422907534431,0.004579169011609579,-0.6203061831709579,-0.32596034249767253
SeniorRate_df32,0.05575443962008051,-0.20438913086552327,-0.02477618954391735,0.3979657083002266,-0.008144883087645839,0.24847727323815216,0.08403052868733586,-0.5504468756960696,-0.19105179595159735,-0.27972620714012403,-0.25464454378229456,-0.26171075984172976,1.0,0.45569260688774454,0.4438921675251787,0.23525897875545307,0.3128989574152571,-0.393293287415206,-0.11060132036590047,-0.4196297621541678,0.25833209375595867,-0.023730379399998582,-0.15756032078035107,-0.0003164179072774858,-0.0832207528776429,0.32261877596030913,0.27187625049607667,-0.39495851099205503,0.5245809209993941,0.3709819530638004,0.1423686343295394,-0.0627014377551737,-8.571763087884987e-05,-0.0635559188999905,0.6443396485137354,0.3644663883521608,-0.4177379545685892,-0.5199611518232348,-0.07588011304378854,0.4339097703994156,-0.01983311694290744,0.18956421350341845,0.1568505800393579,0.5359932134675086,-0.21344533285239226,0.15241194262983077,-0.482653901136906,-0.005574618588944492,0.01760915008092701,-0.11282378837033669,-0.3240878307042986,0.5513399992662148,-0.21271412358477843,-0.49605504992773725,-0.39361671191319775,-0.14232694380475977,-0.45892476664795373,0.07316755695921076,0.464487754366943,-0.3297010151072236,0.0170611383501689,-0.15223873459920043,-0.3250438545516992,-0.3756135988494781,-0.43527230039582654,-0.03762140314041828,-0.20596009697076578,-0.32354255151613914,-0.16750614861807644,-0.28875297324554344,0.5606634184740246,0.41676029177449103,-0.1325733242257959,0.21649648596684207,-0.12968546674854659,-0.3763592806033813,0.0342259464459991,-0.295188574920004,0.5286476145504206,-0.08355892194160781,-0.005229420021855002,-0.18586140015563446,0.07822912222096653,-0.0915232944764737,0.4933431898917655,-0.13489026943215726,0.004618536006035238,0.28303522105000006,-0.03493676145799824,-0.1573947985312534,-0.2748291301605965,-0.111857750160562,0.1528764017567338,0.28871756029282264,0.3727697221846013,0.1964493312416511,0.2950478473167955,-0.04878434352813301,-0.2601056120946474,-0.21425170227796209,-0.12007981247304383,0.3142581191575501,0.5836879588729716
Married or living common-law rate_df32,0.4213256709904915,-0.1365735440625882,0.36787041036257767,0.8003232503581797,-0.07386880354110942,0.673041619360451,-0.014962809251087283,-0.3912975784783393,-0.48710793198571406,-0.5339426472310521,-0.46135361395943114,-0.2009211503505841,0.45569260688774454,1.0,0.6570937277973897,0.2621104154180189,0.7574138506954087,-0.25868746678904053,0.21569549348237474,-0.23622398196948388,0.46737417249536717,0.3609105214255019,-0.5666640109730193,0.2877533521713854,-0.35896520970659884,0.3076788306303626,0.5816058738586932,-0.1897722007761961,0.7460836042408358,0.48317023436294415,0.37701108850219645,-0.128723442958343,-0.10064553551604291,-0.0558067974535563,0.6339870742582217,0.7246454144180278,-0.20411451801052335,-0.4922373240521379,-0.6185581015495258,-0.06405762272371855,-0.0016771826135042883,-0.22310699882035567,-0.23571556050844225,0.06664391831274782,0.02873022505138379,-0.23213752587842332,-0.24143100065619041,-0.3287607936128492,-0.1909162761713239,0.31174928383643197,-0.1367262064788696,-0.03561388358209728,-0.5296619937643317,-0.5526421810223566,-0.525621371072346,-0.45966314124850066,-0.742207732906863,-0.027630306866343535,0.4225823385114617,-0.6015184188257802,0.14930605872632985,-0.25860144691248926,-0.5997906442028492,-0.6316403373745277,-0.6450251337544054,-0.16697183321239117,-0.5887001466514178,-0.6274267999651683,-0.38848453684116635,-0.46792439369288785,0.5997767873468889,0.18512924080349538,-0.2641516012892436,0.36284887017208667,-0.27497672644342763,-0.6324618454351107,-0.09285765499709685,-0.507355608573682,0.5472885053633759,-0.2462458718217063,-0.003926222362878997,-0.15320513666189875,0.09262036983512706,0.03874371055428573,0.4566734197975113,-0.04960444565686633,0.09646859854785876,0.22076234309647932,-0.10967751688434603,-0.11560699906641121,-0.29634214097937966,0.011642188716775873,0.07603686482298082,0.1227540104826957,0.13345400904637886,0.14385900552903355,0.3083829155528343,-0.1492396696810617,-0.4775472292055158,-0.2423908001909789,-0.2807345365898475,0.10201075954460291,0.5350393048371792
House_rate_df32,0.19115191155518466,0.10634041244782948,0.4683390595097769,0.6506303176871476,0.18075088364771802,0.6882461510566859,-0.18577032639176277,-0.7092422166164359,-0.2742643186723429,-0.2875106118076407,-0.19411136550639987,-0.2862271283656914,0.4438921675251787,0.6570937277973897,1.0,0.64201695729598,0.5995134755180906,-0.4751009007100981,0.12938872125818177,-0.1350646330173426,0.5144661235818354,0.20355445366563615,-0.1535495119917678,-0.23717007577476545,0.03264756058869002,0.4502160111054941,0.1503115871480404,-0.5286121418701346,0.3531257241380719,0.18439704774269505,0.14593555977807368,0.04838445913388027,0.044478621298879396,0.061676179133926576,0.45973261639959173,0.4895915726136439,-0.0319278523089231,-0.32330279624464575,-0.3357457070493739,0.3939095110078295,0.424580968587071,0.14738586576161805,0.23948298651508484,0.46497076670904375,-0.05457241191617229,0.025433593794204106,-0.0880751841771171,-0.22939471351365556,0.3536677171142236,0.2342300215876842,-0.23911605379783174,0.27028040762214667,-0.07169900461642244,-0.44161156124932316,-0.40557291459269973,-0.06618937378174587,-0.4858786308360857,-0.16239726950109742,0.5364627064981352,-0.30295866179581854,0.19011858031008494,-0.27913680130827,-0.16906515862857172,-0.46014189277309303,-0.4578110894650587,-0.04857677180466687,-0.0909207941559349,-0.3743246071939341,-0.15106805169659349,-0.4014874283476587,0.3653460545233574,0.2726371307496279,-0.19648595309941358,0.32343212620743067,-0.24722276159590315,-0.24999634073666854,-0.217431783217857,-0.17216172687168846,0.6979253416826043,-0.20598644492147433,0.02648865177568854,-0.21977604645599857,0.11097099445166779,-0.046016813483497385,0.7093166626768251,0.08056816717718751,0.11035405211094115,0.2780089280892974,0.05250334017755035,-0.13487020569637395,-0.4207931983859822,0.05919510141719143,0.21112249315160353,0.36436451633583394,0.28530347635919406,0.149564957397061,0.30350893787162103,-0.10106569041555176,-0.20108433604228157,-0.3185336691090017,-0.03696822645066932,0.2670238556299265,0.5834778857789621
Average household size_df32,-0.3481017631186231,-0.19992225249338197,0.839085680122069,0.14159677076469973,0.9016202728206651,0.7885664561237361,-0.31616627294527033,-0.08557754517760499,0.548627909514413,-0.19269924156928367,0.32087954200730545,-0.09313241114199987,0.23525897875545307,0.2621104154180189,0.64201695729598,1.0,0.13533633802178555,-0.503559465263194,-0.4101115282508249,-0.37903183855680367,-0.033250259665503865,-0.41682222025951793,0.44561622287280234,-0.6738795676647078,0.5508696284133296,0.4463611124770929,-0.4524717118355071,-0.7856744124075372,-0.1672876899120845,-0.27412426627599346,-0.2791797728865676,0.09923373805885527,0.10369603296215504,0.2192317492137946,0.08860955581199172,-0.10621268279184637,0.48341280526878183,-0.35406833511969654,-0.2710910497516271,0.7131932336165714,0.273232145641598,0.16286233442353165,0.7649125882616188,0.7531613697929588,-0.43973705617791997,0.14283477542811437,0.2745948051368215,0.40002252562143653,0.40974832475099965,-0.2531768864419233,-0.4377593542757523,0.38632496989658294,0.21735567738177494,-0.4313583671757477,-0.4276318758302489,0.018563355066473056,-0.3388589220490358,-0.07758080170444547,0.7133736864923477,-0.19979239243581273,0.03757903940601283,-0.457835918130993,0.0850205050724191,-0.45906899165005044,-0.4790339690721565,-0.14615074173185624,0.3160625573518171,-0.20150056886233414,-0.1648470994296375,-0.41383082954912004,-0.08730100883791579,0.16483102335362465,-0.22728854564529713,0.015252564229645924,-0.25262758738926544,0.3046684076774986,-0.2941170264728798,0.19630760027030272,0.43489661915128625,-0.30094787031741616,0.007832880779372248,-0.4406062790502067,0.3413827530658074,-0.33025118944185056,0.40243910825304274,-0.022312792637473898,-0.07110690728075073,-0.042524153648923556,-0.03368136701737481,-0.27488662368715966,-0.5332608245090564,-0.21912995975757998,0.11115967500247992,0.2919814192436859,0.11625677163197644,-0.07269445056222489,0.21234348117434293,-0.027385411902070656,0.16419284244202878,-0.18245577599328883,-0.08922991294406181,0.2516546900646665,0.25397754936253747
Median total income of household in 2020 ($)_df32,0.426652176249138,-0.16210985261478134,0.26804778636196336,0.9849154442345414,-0.10051702651027677,0.5812520865016706,0.09817553900594163,-0.4971576596093262,-0.5978815816247808,-0.3094886597583122,-0.3954697015392638,-0.17407616772300136,0.3128989574152571,0.7574138506954087,0.5995134755180906,0.13533633802178555,1.0,-0.10313344972250148,0.4688604580177977,-0.1747610939751076,0.5629530997977633,0.5388724517813095,-0.6460631166542329,0.44743292761496994,-0.5290585564209351,0.19128053406005308,0.6447144257574438,-0.10318222510922578,0.6665320126523033,0.7049493420956379,0.34595038451997795,-0.051261125224086546,-0.07463125432304013,-0.058027392717652615,0.6144433259683804,0.7463104010430928,-0.30362869207671966,-0.37963281212458816,-0.5104776615001866,-0.24405150734484188,0.11670738630627193,-0.3541790276292639,-0.4033113611332141,-0.1406250074640775,0.08969071584014701,-0.308438101015941,-0.3682233079753019,-0.4340437253696336,0.03145022757705465,0.35334895135430877,-0.1027931539995997,-0.1200597328254883,-0.5257208587573725,-0.3716246547041774,-0.3600371137699311,-0.4623702784617417,-0.42112486206463967,-0.012117501769079391,0.16290589851785262,-0.30428734044457145,0.17073023907510196,-0.0343746703937199,-0.4512211236013928,-0.32733414186209425,-0.3320202421075442,0.0195134614396768,-0.4078623883417084,-0.46838395261044113,-0.16640963607088394,-0.20514860142760397,0.6936222106641853,0.19877623024995109,-0.13177986472873893,0.33687358492410135,-0.07107255547688794,-0.6017167643748821,-0.041487749345726556,-0.3914065700394664,0.3164924459866935,-0.10718206264255697,0.14947354123204182,0.04327689698721215,-0.08119568271420509,0.22845606835944987,0.5469487519049517,-0.05923640109529925,0.2178366398744329,0.34886206050032564,-0.06742544184196327,0.016842465504941926,-0.009248912210891615,0.23482206002376332,0.11904267895634019,0.08642731423052685,0.24348129642623417,0.13522890319821496,0.3121385181365297,-0.1383736399682573,-0.4164044374256602,-0.22403796920372376,-0.16160758736400332,0.19544978525832143,0.6745826193460113
"Occupied private dwellings by period of construction, 2016 to 2021 rate_df32",-0.13603560278269772,-0.1857169660013508,-0.6199211830110443,-0.11419882284697269,-0.46660127645545135,-0.5464485780848088,0.4619275920532177,0.5158547131606195,-0.16258599494532153,0.22972997741067558,-0.14606358139556785,0.41169674796386785,-0.393293287415206,-0.25868746678904053,-0.4751009007100981,-0.503559465263194,-0.10313344972250148,1.0,-0.04541354970826411,0.005917081494120193,-0.37878391850379833,-0.07010633629717876,-0.15275846041621938,0.3279887365496029,-0.21749790056169854,-0.3292876214109852,0.1422876318826744,0.3801789583385102,0.020607096146179036,-0.02224770712684811,0.06903763769147918,-0.04133527672041029,-0.0920079821355997,0.041142097253770764,-0.09216479191991321,-0.13742354070178697,-0.17939425898972974,0.22310006280190922,0.09185072704309183,-0.5075254595920794,-0.383896598461618,-0.3554178264193204,-0.3691810872142211,-0.5179170202656074,-0.1180513698980746,-0.3051650191323054,-0.07828139129866873,0.11347118353295184,-0.17297201141668583,-0.08154376877635507,-0.04030030895708379,-0.4363588516087934,-0.19285183688437935,0.1492834719833002,0.07001203772817567,-0.20924788056429475,0.34782799166952866,0.09090873656073861,-0.4300475700001235,0.25227092670688966,-0.12093635672376912,0.2647812653414785,0.016287629027896686,0.17166568769277626,0.33038935223782295,0.05376959106990684,-0.0347500653513143,0.1067773203665927,0.15837316789711764,0.4000502458260839,-0.11145638638478868,-0.1063354250540741,0.2921237509734752,-0.19540167421601715,0.39502564013723873,-0.1943182984560979,0.17002373166470883,-0.1947211170100657,-0.3866623464581191,0.10050837426138977,0.1835971499641554,0.1464895238641048,-0.14797254938059162,0.09735451225544839,-0.30459923873712963,0.019023292727232764,-0.04840671058926291,-0.062125640311391096,-0.14124755870920008,0.17620429792258152,0.4664749845203331,0.06975566284217499,-0.08659446327950748,-0.3152879928148087,-0.13038087821732086,-0.1572791464218869,-0.1344832739809272,0.2748595243484004,-0.19648675469777505,0.2412073436458119,0.05263970912858587,-0.23075887808110412,-0.25549230086962227
Mother Tongue English or French_df32,0.7258578068646121,0.4116820745343349,-0.025027625432562886,0.6012914338504525,-0.4352302329095721,0.08171800054742274,-0.11145224464116138,-0.6752954765048724,-0.8663713950219362,-0.03722739962471688,-0.2554075396219797,-0.2348230493072196,-0.11060132036590047,0.21569549348237474,0.12938872125818177,-0.4101115282508249,0.4688604580177977,-0.04541354970826411,1.0,0.5292088852317656,0.7853533154006058,0.9553873966313962,-0.5908849243054306,0.4980755832710398,-0.5708683090076763,-0.056062482082040205,0.5287665000658234,0.40158869009495957,0.25772557409620955,0.5091919801769417,0.3607263380261106,-0.03219011760828202,0.00032066336526647603,-0.1591681421882952,0.10664661129367711,0.6308376340519841,-0.2111069799211306,0.2402013707387172,-0.07047246612219954,-0.39884454913272405,0.4806500781056269,0.02079470643605019,-0.5942512729497355,-0.4408303154516888,0.7699527936488314,0.011777375792620769,-0.0538826960131659,-0.8700827527569722,0.09265504716877457,0.6046490790651421,0.41977019983871233,-0.2003627993038692,-0.10723697814981042,0.2643907771305528,0.2958918692344186,0.05588421254727102,-0.023807820889846218,-0.07923824334065284,-0.3358248799326966,-0.02199190800300402,0.22596402063650411,0.1974519210351501,-0.0803810226271975,0.14963187263529326,0.1439937440296494,0.11615833697119672,-0.24388423680036084,0.03197793799218387,0.04295716716288528,-0.0007849356539829374,0.4252760253367438,-0.13408629362149316,-0.05298727084430715,0.31102396947168665,-0.1268399867785131,-0.28572127477239634,0.06762802765400502,-0.1269029384230203,-0.04860963765192697,0.0593624917809517,-0.022222039487699595,0.3311904691598239,-0.20988244191601224,0.3748074299439532,0.07724183441174198,0.15520546315882283,0.28203941667083465,0.2865780807087998,0.13716611235523693,0.12635997780319277,0.10320719142473515,0.390280221098964,0.12215306719640502,-0.05619725516921405,-0.01794558285146258,0.16597998750134418,0.0076528655453200044,-0.28384244999471697,-0.06163042832687797,-0.05992303244168974,-0.033847590394041206,-0.10318717916856307,0.1435184988296954
Indigenous Rate_df32,0.3798176559012842,0.9429857170344298,-0.07724984858516876,-0.19822875887521724,-0.22809457740525174,-0.2246128836998444,-0.29372987028902536,-0.3351963382472426,-0.2927122598667613,0.15551625760957896,0.03626241329980383,-0.18648198925546247,-0.4196297621541678,-0.23622398196948388,-0.1350646330173426,-0.37903183855680367,-0.1747610939751076,0.005917081494120193,0.5292088852317656,1.0,0.3656862840058918,0.4853587798822322,-0.010750299566795747,0.0838973568275938,-0.09947232732380588,-0.14067024372076486,-0.06901973033040518,0.4182907172556249,-0.21525384776380982,-0.09289739764401754,0.13954045734728623,0.046617999558943767,0.11255289605606976,-0.11117679890513901,-0.4105044225035222,0.001829211213496708,0.009978243420889953,0.6326241981470831,0.2885148624938898,-0.20315476401777147,0.3458368113444277,0.37275899154102204,-0.22356728399465692,-0.32025577539039374,0.6299256826789114,0.11915642159062724,0.20651748330476982,-0.48360328148318427,0.013112295351763385,0.40886934975974737,0.5456985526365699,-0.27123265632586047,0.3578188752319268,0.603767081076748,0.6018019160105723,0.5646897620248764,0.19914054354435695,-0.2216522108708841,-0.4174317816580413,0.19828702114980837,0.1538863398470623,0.1327384367557943,0.25410671773335,0.40598079501813,0.4113099801679021,0.040096695389749304,-0.006590042264404432,0.41636137878032153,0.22298626597479773,0.16483463035093535,-0.1309416324605997,-0.2191261930422999,-0.04850347180773944,0.09504465156670272,-0.11205788010523932,0.22995466357358493,-0.1074863909632403,0.18203486723696197,-0.12362591984673063,0.08462310447035358,-0.19138847882377222,0.20076669063961594,-0.22601350960434505,0.2733707249101553,-0.22854591775931074,0.25611391245397996,0.2125732800250578,0.060862809652764006,0.11893639074091486,-0.0021614806332071763,0.0452288701898744,0.3241129482560335,0.03656703408926948,-0.009190297935062314,-0.1855914075789303,0.0327403196786185,-0.22106211431429815,-0.17313384367822665,0.20707964852729405,0.17193254688689152,0.10173309495738171,-0.14393995635461493,-0.3200802939302575
Canadian Citizen Rate_df32,0.6984078443870105,0.3258966610532905,0.2415786140100622,0.6146060722176384,-0.1333257453866727,0.40079933017045366,-0.23125379497974008,-0.9134215594088774,-0.6149296736966129,-0.20411688769941003,-0.27518254410243564,-0.38475942724887197,0.25833209375595867,0.46737417249536717,0.5144661235818354,-0.033250259665503865,0.5629530997977633,-0.37878391850379833,0.7853533154006058,0.3656862840058918,1.0,0.8505374736230289,-0.4702998389836633,0.20479628265872032,-0.4332809093442667,0.1711375707000678,0.42255852385044507,0.03653861640199319,0.37920066381052087,0.435249804731921,0.3524172577150609,-0.08607879077797964,0.02231819722406016,-0.13725778656582896,0.23869529348310722,0.6659752503420798,-0.1985559630743024,0.04488774129511966,-0.09449440671286041,-0.013162478575324628,0.6475106085502368,0.21081625851841662,-0.28501028197212785,-0.014779537527781375,0.6217593811588459,0.1703865123868971,-0.12014926751802542,-0.8320745931940362,0.24669215232464917,0.6123524285262498,0.26653479025527105,0.11628437523207696,-0.007491231945009918,0.05284059418728382,0.12072184163525244,0.11962765257178816,-0.3122112469297216,-0.13895998793418388,0.020925472652865765,-0.24861995665109796,0.2115995914162955,-0.04596289777593213,-0.10528695542876217,-0.10633688953730175,-0.15076556232803429,0.04471346376673515,-0.20125332645046157,-0.0842804829006882,-0.09283004532248981,-0.26652338172980183,0.4694407026153168,0.08931437796956802,-0.23699111015298313,0.42091233084066887,-0.35659801249762957,-0.28621215268007216,-0.1309379559992802,-0.16138216563769744,0.3319470116249135,-0.09333399527711879,0.008327406740333571,0.1679390114391365,-0.1367776711997234,0.2816341522084571,0.3554803408554292,0.12083965260906236,0.3109734865897672,0.3476485381922485,0.186843819124098,-0.029199877042955555,-0.20218437552109148,0.3143405094568997,0.2392151602478077,0.139297330176535,0.06293493532213817,0.21581399483247404,0.18033841187179198,-0.379658299682352,-0.1629846294109732,-0.15724222718227363,-0.04611638351193405,0.0827773306858238,0.37783677393592285
Non-immigrant Rate_df32,0.7920174296843984,0.3499828242323739,-0.025782255833055153,0.6804144778736412,-0.4868693967998322,0.1570586162645859,-0.08099546642793787,-0.7292668567572536,-0.9133942079356842,-0.10276384692411303,-0.36261287203988374,-0.3019716104326046,-0.023730379399998582,0.3609105214255019,0.20355445366563615,-0.41682222025951793,0.5388724517813095,-0.07010633629717876,0.9553873966313962,0.4853587798822322,0.8505374736230289,1.0,-0.665263418084613,0.533458935661548,-0.6697919943069305,-0.0308062934146189,0.615224063434301,0.4164873109403365,0.39347949589782477,0.5663019854796041,0.4216008558546116,-0.08094062854393777,-0.05589212948131141,-0.19569158239688242,0.17473086045849326,0.6982445566837437,-0.2787185843814372,0.16130896751058144,-0.1224231977216804,-0.4421325498372206,0.4422186829050406,-0.0009330069665725515,-0.6708895700744277,-0.45745107330989176,0.7747443440544193,-0.011939722423235781,-0.12225934974810419,-0.9383438764287101,0.02968164099091283,0.6573408094067301,0.3977250295681108,-0.18532919088709793,-0.19030376447559064,0.20078531120063697,0.21817649807628445,-0.013204273109548751,-0.13436715811785666,-0.0647396510715084,-0.3122819745436406,-0.11025093083253595,0.20059224591435262,0.19072600151817082,-0.17223466379175376,0.07048358353576713,0.06719056043636626,0.08227488335745314,-0.33425176833984666,-0.062375969259674625,0.0012236603275583193,-0.03328244053159038,0.4801742688505035,-0.049929061757124416,-0.05184608584601841,0.386596201864157,-0.15219515820599333,-0.3972364194435298,0.05961557470392522,-0.19720141860909826,0.04230659009169667,0.05689751529596111,-0.039281233868818835,0.3644249484877112,-0.22941196100010441,0.38258019700072854,0.1464787514319396,0.1330798127210286,0.2956617726592465,0.29147234873133865,0.1901152366532819,0.16263044036940724,0.060356076007193796,0.3628964844447825,0.10890696432363042,-0.025658037053323823,3.2180403129352125e-05,0.22833588464493892,0.05860493442115039,-0.28916051654521024,-0.2069052114312158,-0.09820079320414243,-0.03218045613575076,-0.05368528614581553,0.22573005282735678
Unemployment rate_df32,-0.5478197153112551,0.12476131008359664,0.20381092757938488,-0.6954691284770109,0.5129824215513666,-0.12297685227171476,-0.16457340387431735,0.3865370133933914,0.7420838808966801,0.26431682548427143,0.6434878727717732,0.049366446104221945,-0.15756032078035107,-0.5666640109730193,-0.1535495119917678,0.44561622287280234,-0.6460631166542329,-0.15275846041621938,-0.5908849243054306,-0.010750299566795747,-0.4702998389836633,-0.665263418084613,1.0,-0.7061847478308251,0.7161121467631566,0.09704093896938501,-0.8419415673098314,-0.34910503005459514,-0.6671390397580322,-0.6701078012086386,-0.4518232736964284,0.09965303730032117,0.10028425676792296,0.09198509438491627,-0.4616198585310846,-0.7199108178495338,0.5211794467818974,0.17467114997568622,0.3751731135269646,0.5835202447545828,0.0746005180698831,0.4089299946186357,0.7603161300785876,0.5061705418876737,-0.3563881063141604,0.30356246042041624,0.34261686046224643,0.6408070385564669,0.24316008279419848,-0.4554926903462846,-0.09031669913618598,0.272444709817855,0.6403894033805927,0.18285527806749166,0.14619366931858235,0.4872374544586517,0.27457225689423553,0.029488685476745727,0.18646850664332226,0.2879457938412648,-0.1115813928999787,-0.15911879871920193,0.5161104412356613,0.17483556157392038,0.15725218327313198,-0.07250639423412603,0.6131361105623024,0.403544261462907,0.16872786253412816,0.049176847221721644,-0.5417483269999435,-0.07387615264751027,0.015753881676304066,-0.26273333905199947,-0.01384925930251973,0.7769193033147982,-0.12464813607135654,0.48676433647962786,-0.06209900155046332,-0.028623274845685012,-0.15110061075980427,-0.2657260355209323,0.19834233629431838,-0.2957492321096687,-0.20474006981225412,0.02191664125145348,-0.1389406753233673,-0.24008788360824182,0.020456499135297984,-0.14743927561933318,-0.22132684938981254,-0.2358224784166832,-0.0159937887182186,0.12846445132364237,-0.0937561560180963,-0.22357971905677407,-0.16123237832573326,0.061885417845389236,0.499861914354836,0.16106711065842585,0.07648902883733354,0.06939760363267221,-0.3823718261702665
Advanced Degree Rate_df32,0.5082287091860616,-0.06830214178414064,-0.4131311889478028,0.514986603622202,-0.647539914967844,-0.1802781737725602,0.3347616800646706,-0.04041126155376681,-0.7665793956172927,0.011747557846106087,-0.5143292298223275,0.026457460636635892,-0.0003164179072774858,0.2877533521713854,-0.23717007577476545,-0.6738795676647078,0.44743292761496994,0.3279887365496029,0.4980755832710398,0.0838973568275938,0.20479628265872032,0.533458935661548,-0.7061847478308251,1.0,-0.801653281792684,-0.24316038449885116,0.8379033691552199,0.6661254086394194,0.6440173365349579,0.6906624888183278,0.4540095582709426,-0.13646028217476847,-0.12952703753460754,-0.19230674972563597,0.3921550728490087,0.5027590425995822,-0.5631942445451669,-0.07616210570738798,-0.25304382157986577,-0.8199457528390025,-0.4154627912995032,-0.5493711169336909,-0.8800686580067748,-0.7787677884777366,0.2912565894346359,-0.5302830140158958,-0.5365999757055178,-0.4327052985708954,-0.5394351298999822,0.21896750083274713,0.2515871828620634,-0.5355649540682897,-0.665613490648161,0.05827944867922076,0.025098113240654082,-0.5030067791867207,-0.06455995744449021,0.1586254539619436,-0.5314591267875276,-0.003072015483477903,-0.0170630694942169,0.4711884292927285,-0.4313405406826714,0.1679822453762359,0.15383311875650657,0.0598433974179419,-0.580752983019872,-0.1899194440415333,0.04486093328010312,0.29629716811212276,0.48912625241998947,-0.1116223522894243,0.2100328628728612,0.16270350467615452,0.2614172515221571,-0.6798334443961526,0.4220374500731745,-0.38587143735613444,-0.13246175135989657,0.31760889329010067,-0.0496584124458264,0.44013796406306155,-0.29014131793077663,0.3637705054498812,-0.10385697369228243,-0.10893742326413632,0.08781255537169115,0.1257878982436982,-0.030751139633942624,0.2953675153159546,0.43903101648761,0.21012414280314867,-0.0491741268668388,-0.1155020929786097,0.12214782264268081,0.11862130088219663,-0.0036280825924266424,0.01269096368229681,-0.5251894060105066,-0.007361801997524366,-0.08459995449243966,-0.18197954871108687,0.11484781579237405
Long commute distance rate_df32,-0.5439251494900131,0.057175502808773156,0.2786055056006069,-0.6087114151559175,0.5286264779750784,-0.0016991703399336358,-0.2640715347878025,0.34562363663413453,0.785190840171695,0.008168328225618455,0.5835683390864601,0.06784469231924226,-0.0832207528776429,-0.35896520970659884,0.03264756058869002,0.5508696284133296,-0.5290585564209351,-0.21749790056169854,-0.5708683090076763,-0.09947232732380588,-0.4332809093442667,-0.6697919943069305,0.7161121467631566,-0.801653281792684,1.0,0.24748354829005845,-0.8039293924530282,-0.5281078628593042,-0.6405355220254652,-0.7029698073434412,-0.48126475033269234,0.11804078700197741,0.1558420302507634,0.148892175298135,-0.3598332710920953,-0.5799417342742142,0.4634428695691076,0.06157406340009884,0.23871249631326846,0.6876276067352907,0.1464631762734004,0.3568191663381262,0.831132491154206,0.6394277771838429,-0.3771680720023991,0.35988123739400774,0.47151218250668775,0.5898448319121089,0.3141142202898991,-0.3197122053097077,-0.18627344074859678,0.3525998693435595,0.5662099335841113,0.006610970869982168,0.024317974142749936,0.3950033171834897,0.13076430737159703,-0.14813761136184622,0.41293426884442863,0.047382619560426394,-0.03634661282960953,-0.3751109455954496,0.37097263791519236,-0.04313746472202712,-0.08331612021831715,-0.1189407734416912,0.4810488960625622,0.2175249954445396,-0.06681449992882699,-0.20470530218676286,-0.5161344801802908,-0.02837992732320354,-0.15761560202045777,-0.23763221690690764,-0.16970680537041433,0.6645599976778395,-0.26988250122655677,0.36993004898732945,0.002447813951577143,-0.25588328326479115,-0.01186471554188316,-0.39294409872370006,0.19386884848044947,-0.29505868445931743,-0.08803115163743278,0.10282082455508872,-0.18267425186882608,-0.15363214650937596,-0.040006519990175265,-0.23403859258493456,-0.2730458514898157,-0.20217845097273837,0.028221785612400296,0.01730126431680728,-0.12354073052653088,-0.18093694542059896,-0.05496360420807122,0.06070616416530563,0.4441582477342757,0.12840620580732198,0.04481861279270221,0.09906450322393383,-0.2569943531855163
YouthCrimeRate_df35,0.04116906030188654,-0.16566016262288888,0.33211860099290835,0.2189020756401468,0.25247842213204874,0.40424192383258345,-0.13813242124759878,-0.14077469881360652,0.06148291830229382,-0.28883710532089385,-0.0034204660858279624,-0.13895570488446188,0.32261877596030913,0.3076788306303626,0.4502160111054941,0.4463611124770929,0.19128053406005308,-0.3292876214109852,-0.056062482082040205,-0.14067024372076486,0.1711375707000678,-0.0308062934146189,0.09704093896938501,-0.24316038449885116,0.24748354829005845,1.0,-0.04740826860322138,-0.3918939964391926,0.18506604214238823,-0.10162723186947821,-0.023213303140161116,-0.07258467794599216,-0.016186949556865622,-0.08996409298140769,0.17890209732164725,0.1927126252351882,0.07894812664337703,-0.2133784778294983,-0.2141531121403793,0.39415999157605974,0.14040225284712918,0.1808833345860912,0.2991983019536877,0.43800841859846035,-0.15455268176114761,0.13356863794855958,0.003232264370155696,0.05559294802401264,0.20043541959661992,0.03022322620360672,-0.21028518866553367,0.29638735319205856,0.053780352104636844,-0.3315345950221119,-0.27332981560878467,-0.006931010779834506,-0.3305231516351748,-0.08984843056035759,0.37018977293913213,-0.2786248995247285,0.12475953429776909,-0.18282107642028445,-0.006168413277561787,-0.3628670043610655,-0.3773519922252792,-0.18580152180758477,0.0672535218833059,-0.13138195126000232,-0.14837861728316232,-0.23964929332120005,0.26852677207981135,0.1910526623046766,-0.2503981210414885,0.2950596557036618,-0.21842185612657378,-0.004443935355693097,-0.18884679083339997,0.05621165050801966,0.3823549518830599,-0.22108439179090164,-0.03379589509833456,-0.25285941973581344,0.0813975512499872,-0.21916646892514846,0.23543516063876424,0.21866150480495422,0.038972323664508264,0.056209276865385314,-0.19044096591522716,-0.23479048539305056,-0.30009649571885844,-0.09207556254400344,-0.015687291061280362,0.3766063471241127,0.1575703234466437,0.03636345155719294,0.16202863687372507,-0.1582830889508118,-0.01188574925308232,-0.13284384888492023,-0.21261336909839465,0.10892511254134825,0.18926757493669263
Neighbourhood Equity Score_df41,0.5594893136437826,-0.10237899263630441,-0.3055505933194199,0.7008938594012157,-0.6167259046022806,0.028479795093872405,0.2904784673277146,-0.3358111083518069,-0.8415395760217311,-0.1847876119603674,-0.7421088478141763,-0.04458131094163915,0.27187625049607667,0.5816058738586932,0.1503115871480404,-0.4524717118355071,0.6447144257574438,0.1422876318826744,0.5287665000658234,-0.06901973033040518,0.42255852385044507,0.615224063434301,-0.8419415673098314,0.8379033691552199,-0.8039293924530282,-0.04740826860322138,1.0,0.42697941069557455,0.8578613850737566,0.7422520761440193,0.568122097828273,-0.1260887655387685,-0.09804233092178173,-0.16362818488741163,0.6338040770900716,0.7689567062980956,-0.6389522853430335,-0.3184490141718255,-0.44042779027199663,-0.6269967875756225,-0.2534869227477765,-0.4807261118478614,-0.7973280344337995,-0.5302098747062539,0.24468642120240922,-0.4959767439671583,-0.607672121527307,-0.5506130143959984,-0.3794074479737,0.2943091975130949,0.015317916424597474,-0.3413128747133124,-0.7736429936161555,-0.23732694063926532,-0.24001441974950855,-0.5884533751340324,-0.2904748288653279,0.0952808152132689,-0.2625554526600026,-0.22868588058391584,0.02133431036338104,0.31219638041562064,-0.6011150528009055,-0.1385289904994409,-0.12160391298191021,0.039143552866448855,-0.7108305929853652,-0.43726590540328053,-0.0724078969732611,0.08968802215301369,0.6521054075750762,0.04954104180283587,0.11303859089440405,0.302319646943175,0.1334316317947765,-0.8929079734632969,0.32219106045062185,-0.5934007120804315,0.20750435416481755,0.204645813818343,0.05780641882158343,0.3196923081715013,-0.15865454740792187,0.2425688775076898,0.18943752789454282,-0.12219691898868439,0.08513304962062306,0.17781818985780595,-0.02588594048587716,0.2522296863835833,0.27384683102930824,0.17520457221357144,-0.03327579815566762,-0.010892379597259574,0.21824058243151037,0.20595113921224967,0.13811758139095467,-0.03990433953775684,-0.5791104009707015,-0.17489987421678962,-0.10240862757589336,-0.08628998815806906,0.3632145904113478
Walk Score_df41,0.37544718633963386,0.18517238514320034,-0.5667351432986708,-0.0551835741771155,-0.6896974679970337,-0.5606054560190259,0.0945592970972504,0.166168350539184,-0.5158474162800736,0.2708877140271778,-0.30561982192963366,0.09833810812518119,-0.39495851099205503,-0.1897722007761961,-0.5286121418701346,-0.7856744124075372,-0.10318222510922578,0.3801789583385102,0.40158869009495957,0.4182907172556249,0.03653861640199319,0.4164873109403365,-0.34910503005459514,0.6661254086394194,-0.5281078628593042,-0.3918939964391926,0.42697941069557455,1.0,0.1299973862387432,0.209923351557787,0.2795455912419042,-0.09217567801527653,-0.0715270683939886,-0.14970527213093157,-0.14000844550635852,0.060437805347496,-0.28860638662139815,0.3379809029135354,0.1009567660992678,-0.7602808958783542,-0.2933570857016658,-0.26673507330081836,-0.7078719920874984,-0.8167610728474778,0.4487807909334891,-0.3361187960258809,-0.1790676098005901,-0.4261961343893828,-0.520895644461319,0.12051376006454423,0.40681874475983154,-0.5491594460304995,-0.26687709506345,0.45176078799273195,0.42387260362832,-0.09734292385891467,0.30663094903459076,0.16260748346726245,-0.8134409070945093,0.2519719346058561,-0.05372990626991802,0.49230382513648757,-0.020821323058703704,0.45027826505172747,0.4913472165817689,0.08388867993087458,-0.27348148319052584,0.18645690867104114,0.23527631209928765,0.430367436462295,-0.08367026467597977,-0.4154705398393261,0.34987018193688757,0.05324807045048165,0.2515656140778743,-0.24690054444916376,0.40268431526552323,-0.06906476316925274,-0.2786865088200207,0.41069841816347746,-0.23181067797639332,0.6083895259434993,-0.3207991391014219,0.33749933035475993,-0.5108366107220381,0.08699907786411049,0.04339152017439481,-0.22085117464477527,0.1839619864066795,0.4278933035591511,0.39457211222164557,0.17284440226360265,-0.22326955999760195,-0.2476550155904923,-0.11382972250567033,0.1445708923918374,-0.38880978273582223,0.039781519874481065,-0.2842593083109585,0.11217529373455662,0.08158404680020355,-0.376194578943445,-0.4215180497006456
Debt Risk Score_df45,0.43626054298902694,-0.16955162714366823,-0.17228727752635994,0.7470199034647247,-0.4384374197566848,0.23199275782327466,0.2826897969513772,-0.36810142542472135,-0.7343703249369468,-0.29459593290573427,-0.6856630581109046,-0.0729571616502194,0.5245809209993941,0.7460836042408358,0.3531257241380719,-0.1672876899120845,0.6665320126523033,0.020607096146179036,0.25772557409620955,-0.21525384776380982,0.37920066381052087,0.39347949589782477,-0.6671390397580322,0.6440173365349579,-0.6405355220254652,0.18506604214238823,0.8578613850737566,0.1299973862387432,1.0,0.6256998028579032,0.5379172861976226,-0.12467220480995762,-0.13028241016582373,-0.11063180599525096,0.73581362652486,0.7207151755052221,-0.5919699543996286,-0.44910009538862655,-0.4730175511652065,-0.34221074444855476,-0.3187897372382601,-0.36363508630725555,-0.5194101866358299,-0.21364692510635985,-0.029166420320341967,-0.45592484687260215,-0.6621973570240156,-0.3255383555751588,-0.36220506951520287,0.18467543181130347,-0.10789856439967692,-0.1907792497059397,-0.7187143781127174,-0.41699135946721383,-0.3984396056349989,-0.549037721216294,-0.5284248655414706,0.06499076855938153,0.01939223336770961,-0.35205583046448174,0.01532174566944171,0.13996435552323797,-0.6459689519743759,-0.31473773404487,-0.3260368459081589,-0.030245461556896298,-0.705586632467025,-0.5122828609663104,-0.13105642548667992,-0.03085171788715936,0.7337090036959117,0.21189461379269195,0.032557077154658554,0.349936747617567,0.07553783111467449,-0.873966538701989,0.1962368463255401,-0.6394613116985242,0.4882991593137085,0.10057187072833856,0.08713369691632365,0.14400481761782202,-0.05160909298454097,0.13319757455716394,0.3556085465087514,-0.10409579023742235,0.12927073018349475,0.2125851877405824,-0.10337366036760183,0.11840737245049451,0.1199640525706469,0.11908781276839457,0.018118654747906388,0.13796720853961142,0.27863908069399684,0.15645583660727677,0.22648669494909252,0.002512662638115392,-0.6500046694395434,-0.18820312445512766,-0.1272976298920099,-0.0073636104112634075,0.4795368669676286
Home Prices_df45,0.45511232325947687,-0.07919188405262231,-0.06568526255272894,0.752399673067547,-0.36675165027649875,0.19866068836124026,0.13198828744829652,-0.39358018976753134,-0.7472505750546596,-0.1879607484950625,-0.4257105977800804,-0.25743505055490873,0.3709819530638004,0.48317023436294415,0.18439704774269505,-0.27412426627599346,0.7049493420956379,-0.02224770712684811,0.5091919801769417,-0.09289739764401754,0.435249804731921,0.5663019854796041,-0.6701078012086386,0.6906624888183278,-0.7029698073434412,-0.10162723186947821,0.7422520761440193,0.209923351557787,0.6256998028579032,1.0,0.3702801085185644,-0.09795938888874678,-0.11536339842361007,-0.19142746629825147,0.622201999046699,0.6728312894612581,-0.5189179109156714,-0.3180396545404036,-0.2871249626478992,-0.41864489709581715,-0.0657100896259275,-0.30518935918706536,-0.6248111267305385,-0.3555160539666311,0.29025697338829504,-0.26704733266638353,-0.5154718569119954,-0.4590736419352594,-0.2112806131121795,0.16893700347792154,0.01727829270777579,-0.1098905469652868,-0.5882508117295361,-0.20131042145114805,-0.16610593273549093,-0.4069270029123166,-0.24466575664609982,0.18866384601332653,-0.07221981647289707,-0.159576657557851,0.06676766721791305,0.2103222894895959,-0.44531753780072936,-0.07228834035307352,-0.11070338416711328,0.14401821311324586,-0.43297754257660953,-0.25582849318525297,-0.09778660974911359,-0.044971003069771344,0.6671645214233025,0.1699138086979457,0.01543378731052362,0.2163037552678723,0.046265427060206636,-0.5950887816758546,0.2311080399674594,-0.3911076336342868,0.05510693869018958,0.09272717227883485,-0.002924394888057513,0.21557256283278925,-0.1442559691771827,0.3476214448096571,0.3903063614567287,-0.1781794289489997,0.08330799248899275,0.40373914896284513,0.028786166435291662,0.12652507075401662,0.09830097731480304,0.18175242379560197,0.05281148466380838,0.019290055261519484,0.32565350645041174,0.2454175632425608,0.18410277885490378,-0.1156765298871934,-0.40951588487577095,-0.13652583993774514,-0.09538809351079813,0.1584175540136531,0.597063291357829
Early Development Instrument_df46,0.44774844305696326,0.10555959704578441,-0.29844050366494,0.34658247064393405,-0.44826741191643266,-0.09002825185525046,0.059851618390090025,-0.29396045002569715,-0.5653432823032138,-0.060065953277475596,-0.5367968615319998,0.012520541956039882,0.1423686343295394,0.37701108850219645,0.14593555977807368,-0.2791797728865676,0.34595038451997795,0.06903763769147918,0.3607263380261106,0.13954045734728623,0.3524172577150609,0.4216008558546116,-0.4518232736964284,0.4540095582709426,-0.48126475033269234,-0.023213303140161116,0.568122097828273,0.2795455912419042,0.5379172861976226,0.3702801085185644,1.0,-0.1342717982593117,-0.13534519569534104,-0.06595702967610215,0.3440524433307348,0.45143969767136277,-0.40359530619360073,-0.07670251463374506,-0.15721394625559734,-0.31836309409056157,-0.040907612347971724,-0.14787144832685026,-0.42061937751211054,-0.2930271575876355,0.23375289674648964,-0.307598742615102,-0.3475233645734193,-0.3997430751104038,-0.1815370268559373,0.26065586860371187,0.21372730420475794,-0.2436726403992506,-0.3909325271846578,-0.04257820345984354,-0.06466312520635385,-0.22012544083850047,-0.1861038208735588,-0.030238785871080923,-0.18381583732034443,-0.11239711765395245,0.09502117861826369,0.08087826103948019,-0.3794795885734375,-0.1187052353599544,-0.026654110793765055,0.036568846314803165,-0.49137878988868594,-0.24319554012537395,0.053135701672199484,0.03148371777789939,0.3653424120446001,-0.039957197280015413,0.10120319374576003,0.23223527995495474,0.0524191873355328,-0.5509321744047195,0.13973061764837014,-0.41026450826761485,0.24687697683714935,0.021679074863233644,-0.009610604857772305,0.21796226328473361,-0.12768499009796414,0.14161742302219535,0.11419506296071782,-0.12181877684205138,0.09078113630289973,0.0839123826862134,0.08554914904656542,0.18866753564539582,0.06726400479580726,0.09907548501646271,0.11002841616836394,0.07175782816588365,0.08663287384035491,0.13564950650502733,0.029436710935177208,-0.08840703134926894,-0.2697400040768097,-0.08537000531310523,-0.0598673673397737,-0.19543300016014442,0.17973634037346783
Pollutant Carcinogenic TEP Score_df47,-0.15976015632844384,0.26065444455910375,0.10281967941642893,-0.00798709893956554,0.1144429297018883,0.0689388757247487,0.02406486328495462,-0.13847757384885323,0.028730701970370268,0.23165325319803268,0.19617533431560422,0.04033385588979773,-0.0627014377551737,-0.128723442958343,0.04838445913388027,0.09923373805885527,-0.051261125224086546,-0.04133527672041029,-0.03219011760828202,0.046617999558943767,-0.08607879077797964,-0.08094062854393777,0.09965303730032117,-0.13646028217476847,0.11804078700197741,-0.07258467794599216,-0.1260887655387685,-0.09217567801527653,-0.12467220480995762,-0.09795938888874678,-0.1342717982593117,1.0,0.30465733328886707,0.15473709013620124,-0.0688356671644277,-0.12193592406084394,0.05868790586087062,0.01233946856567623,0.019818338452060404,0.07254050943442088,0.007670352477794111,0.06962799328518787,0.09603956342182544,0.06351508603030205,-0.0038389968053078667,0.020263987302583025,0.12434406617830186,0.05912540493206577,0.03044477378369416,0.05121530677228622,-0.05145516547377795,0.023913791239389415,0.08587652032907835,-0.0029793796423353354,-0.0002811586245851189,0.04282043382480032,0.11401741582729324,-0.0547577869433709,0.07512645247017279,0.23091017397044186,0.018277193825149262,0.10131929167882071,0.10414431842380917,0.11840277069262575,0.09970506672313297,0.03608310337944937,0.0845815467301844,-0.02040088256481708,0.16065962327943226,-0.022013036719940413,-0.059652034302271895,0.08027624896690959,0.2315350804064108,-0.02711038292102084,0.13018067330663774,0.10830911897866932,0.03597711234706589,0.13561895926188516,-0.0233759451352275,0.1175361458877181,-0.026297619233677107,-0.032844273419413234,0.2060761190719454,-0.11279426323678982,0.14641914813836726,-0.07843494757930439,0.013454288067444909,0.0017347139328685887,0.12722005676028939,0.04418128045769968,-0.024167750673003204,0.14418054573391792,-0.029561908835628488,0.07172802560887237,0.050037800348304955,0.03035524287476295,0.009688078599833021,0.16033539154714566,0.1266052508746387,-0.001613530227533922,0.11902282506394583,0.012224813904502056,0.07070529657414716
Pollutant Non-Carcinogenic TEP Score_df47,-0.11987627545900667,0.10330533580655457,0.12888651266964116,-0.07179304909353919,0.18956055059682905,0.022731798027725608,0.03926105839732428,-0.04993530597293461,0.16824724827957174,0.17748301032782413,0.09282232278075223,-0.003742882089593205,-8.571763087884987e-05,-0.10064553551604291,0.044478621298879396,0.10369603296215504,-0.07463125432304013,-0.0920079821355997,0.00032066336526647603,0.11255289605606976,0.02231819722406016,-0.05589212948131141,0.10028425676792296,-0.12952703753460754,0.1558420302507634,-0.016186949556865622,-0.09804233092178173,-0.0715270683939886,-0.13028241016582373,-0.11536339842361007,-0.13534519569534104,0.30465733328886707,1.0,0.3380065732907201,-0.07685069267122074,-0.05597847326401441,0.10830457754546141,0.07358848240970807,0.11123099089279984,0.15809760372113169,0.11332528905521391,0.08918848301865352,0.15777929200946558,0.14167018041347887,0.014062282397698165,0.1369885720636149,0.10277019453588752,0.06394150352078341,0.1390489533679935,-0.00977166069931899,-0.06587796205043142,0.16390584105324146,0.15992809623373028,0.047473799774140006,0.06880305475771173,0.11524464284332837,0.12683147161517655,0.05192217378336625,0.07710418599047893,0.21668254300965295,-0.04533068032587264,-0.03567155270292247,0.16777667447713004,0.08033308914742499,0.11524702810677741,0.20043760691637916,0.1529342099481667,0.09964226195833174,0.1798665508728995,-0.030112593414428013,-0.029846135538826608,0.07200088554800886,0.1476292723873127,-0.07534236666415889,0.06918436298486298,0.11767997101814372,0.015054197272467826,0.0925750274463246,-0.008097308465774064,-0.00925464127970183,-0.004320196339357814,-0.055265399774383626,0.04912472636630627,0.008924087896000098,0.14298401150466802,-0.005000071982030891,-0.0015844479824741247,0.019786691264655536,0.1579226147174518,0.01613257551606191,-0.05285302992857932,0.25815091704227905,0.015380482564511383,0.03300970768819152,0.021362014819455488,0.03823565838437079,-0.030239245343812813,0.13376557249225726,0.14469690812197336,0.11968791416323983,0.1618400373444062,0.036501305913841195,0.051437123088730115
Pollutants Released to Air_df47,-0.21640757763514903,-0.0998589412457368,0.10624757905986414,-0.04257180227189659,0.3484733117980647,0.09637503288169333,-0.027196948811838696,0.06128330090138586,0.23272749062685996,0.37726639464411693,0.05309546615037807,0.21815034682963091,-0.0635559188999905,-0.0558067974535563,0.061676179133926576,0.2192317492137946,-0.058027392717652615,0.041142097253770764,-0.1591681421882952,-0.11117679890513901,-0.13725778656582896,-0.19569158239688242,0.09198509438491627,-0.19230674972563597,0.148892175298135,-0.08996409298140769,-0.16362818488741163,-0.14970527213093157,-0.11063180599525096,-0.19142746629825147,-0.06595702967610215,0.15473709013620124,0.3380065732907201,1.0,-0.08942113623569295,-0.15448636192745016,0.228271355487777,0.01521537969841697,0.0011352160077366185,0.14268715211664856,-0.011643588290380001,-0.04994845556650573,0.21974360317732808,0.14371436009698402,-0.23027964165002032,0.027434357638435828,0.17733625218491134,0.20186704496547095,0.1279245567076395,-0.19276491872816334,-0.16752702894844515,0.05015583003359651,0.08009949276794957,-0.05353091230317062,-0.06158642509803965,-0.008411414479715525,-0.004258262648728636,-0.016952464950368645,0.17038150241329017,0.36801006128887465,0.04379199107840927,-0.04386485835311589,0.09072434599596264,0.03051202147619982,0.12388871761707974,0.2907980336376968,0.16871831309418006,-0.06245257938603703,0.33357101403161526,0.008554319653129026,-0.11738099578677182,0.0896239424624795,0.3662899114694516,-0.11909379280050818,0.2846360425587095,0.04337775020989666,0.04639115652893734,0.05162309881663559,0.014052293835846512,-0.0006518654582646845,0.2588756102977452,-0.028993681076937814,0.07921276627156291,-0.0653655244882659,0.2843842477561621,0.024830459477610624,-0.015325897564689267,-0.03551215848078061,0.233533328364393,0.11873450835917487,-0.002109730051504009,0.10460459818164877,0.19472991645808424,0.010294067941709483,0.0437903923904216,0.15169789198717581,0.026719155973744847,0.34379391559580974,0.06844074224232201,0.12077853756173419,0.3570971467142775,-0.08452247713010022,0.08006879139269614
Breast Cancer Screenings_df48,0.20365689495523698,-0.2566712698071787,-0.060428490755939444,0.7382164657492079,-0.31082930958599914,0.26173110591471477,0.28849058672643046,-0.3092612157727986,-0.5658654993963569,-0.3581806675136092,-0.43287484080118954,-0.09058464158737302,0.6443396485137354,0.6339870742582217,0.45973261639959173,0.08860955581199172,0.6144433259683804,-0.09216479191991321,0.10664661129367711,-0.4105044225035222,0.23869529348310722,0.17473086045849326,-0.4616198585310846,0.3921550728490087,-0.3598332710920953,0.17890209732164725,0.6338040770900716,-0.14000844550635852,0.73581362652486,0.622201999046699,0.3440524433307348,-0.0688356671644277,-0.07685069267122074,-0.08942113623569295,1.0,0.7011114474297592,-0.46703427048396484,-0.6387388455723395,-0.45690877867456603,-0.06359175965823045,-0.16505840147402087,-0.2864642469456762,-0.25040509017917834,0.06168881561521163,-0.12730017122272216,-0.3515618649607358,-0.6000220122271455,-0.1391301483367836,-0.10777980608461445,-0.02133482368561098,-0.2571546662596856,0.03521749350632002,-0.607167595819302,-0.5651855226836453,-0.572001375460052,-0.5939032828087476,-0.4313996647059319,0.24873814365320868,0.26831578722913985,-0.37676969294067325,-0.0017882185812436004,-0.03933714789162836,-0.5209343924283135,-0.43235003452136345,-0.4339031192028418,-0.017050725743810148,-0.4035993060315919,-0.4783938582679677,-0.23817800954910648,-0.18358652374229836,0.6469712413039421,0.1764373397310539,-0.0341470650286528,0.2275862826382913,0.008884034498099373,-0.668958352864343,0.13601624429881506,-0.5153563686866555,0.4464336070591838,-0.012989938472312846,0.10840798472771421,-0.05874942946179799,0.014801511829542095,0.052681262357026616,0.43254652548559913,-0.16282783821554642,-0.04767403727227889,0.21809733716458865,-0.13667605134184993,-0.032005000399472384,-0.023256491099741455,-0.0236428196979896,0.09222682443637875,0.12267680135175145,0.2899026617412948,0.08715572669462074,0.24605003424411442,0.04764521100771949,-0.5237707135284488,-0.2132702944956112,-0.20912907991180985,0.13692930693124195,0.5236740522536939
Cervical Cancer Screenings_df48,0.5938794889665282,0.014684961393322309,0.06967658181554938,0.8051610622156208,-0.41209383237995106,0.33243029063062735,0.006665421127956077,-0.5468957319414145,-0.7706932754677486,-0.4144817914397056,-0.5145774316749046,-0.2016045912493107,0.3644663883521608,0.7246454144180278,0.4895915726136439,-0.10621268279184637,0.7463104010430928,-0.13742354070178697,0.6308376340519841,0.001829211213496708,0.6659752503420798,0.6982445566837437,-0.7199108178495338,0.5027590425995822,-0.5799417342742142,0.1927126252351882,0.7689567062980956,0.060437805347496,0.7207151755052221,0.6728312894612581,0.45143969767136277,-0.12193592406084394,-0.05597847326401441,-0.15448636192745016,0.7011114474297592,1.0,-0.35360606364032043,-0.35746746126879153,-0.48519120603627736,-0.26471014911401025,0.1797929241471647,-0.2073443859870771,-0.5245880642434296,-0.1701729739945471,0.3245410594052661,-0.18918219780814394,-0.35379964763622745,-0.6284095930547311,-0.060819639651826116,0.4662822482580953,0.013603087990899588,-0.06228950591960207,-0.5106899655584844,-0.325911102392743,-0.3000639220488452,-0.3999796301007506,-0.4676792785596768,0.0722291680322316,0.12818373009037395,-0.4218178515542738,0.18754778280264145,-0.03443317720151146,-0.48985962805558086,-0.35851407332014995,-0.3689716457222468,-0.038880261808098344,-0.4854552303110903,-0.4071858077979871,-0.2540972698377273,-0.26853057599940183,0.7160759667792729,0.11164802691732416,-0.14528304203248907,0.42883963494446964,-0.1926338250529969,-0.6572161163689961,0.05365735611095931,-0.4894833309678589,0.3658508348544734,-0.05701469455378389,0.07023474178570233,0.07612522565599071,-0.05202739324519979,0.19483950914734038,0.37852429003077714,-0.019638274143273873,0.1525409170496175,0.30862573606154237,-0.04250030626575346,0.05155708157063932,-0.05044053950776169,0.21437699543258354,0.09643699526854844,0.0737716364938977,0.14998070199318356,0.18307603369764994,0.25695866012480983,-0.23461019194815222,-0.41221550011358227,-0.20567619448022578,-0.21213190207463364,0.059967114981845544,0.4900477051215319
Female Fertility_df48,-0.24735441666368363,-0.11783295756201573,0.638833574022105,-0.28887305424858173,0.6818833483725264,0.3358734199250479,-0.36935192405042194,0.3060684787361708,0.5940361022934283,0.01732061543099974,0.6010578918925609,0.017434288162772777,-0.4177379545685892,-0.20411451801052335,-0.0319278523089231,0.48341280526878183,-0.30362869207671966,-0.17939425898972974,-0.2111069799211306,0.009978243420889953,-0.1985559630743024,-0.2787185843814372,0.5211794467818974,-0.5631942445451669,0.4634428695691076,0.07894812664337703,-0.6389522853430335,-0.28860638662139815,-0.5919699543996286,-0.5189179109156714,-0.40359530619360073,0.05868790586087062,0.10830457754546141,0.228271355487777,-0.46703427048396484,-0.35360606364032043,1.0,0.13766210729386655,-0.046574357595480065,0.37468361113585125,0.30061141892775567,0.2047270452408178,0.5167665251193398,0.31365766286903796,-0.06853662414447019,0.3491616991484122,0.7379466275096751,0.29782828652240934,0.2907509178103543,-0.10562593590719267,0.004160624658562084,0.16949099334325884,0.45468856240092065,0.02804406995784341,0.00228052067767098,0.24109949993953214,0.0016876222017325588,0.07960922132840037,0.32386396214406404,0.058720864453392155,0.07923757645041464,-0.27960380575621596,0.41254359289265796,-0.10505232810365008,-0.06801612301632882,-0.09820479131739733,0.542423991040635,0.24957377740695275,-0.07932438854134684,-0.17513839012139645,-0.3939619537871261,-0.13907390323188606,-0.1037440931967032,-0.18001590988761332,-0.12957834937454005,0.6583508272677407,-0.2377789937063678,0.4479596907674185,-0.17291082086965268,-0.19719294012819122,0.002553860165171011,-0.3038132640343805,0.2924385648037192,-0.21377187986394247,-0.16971413369232127,0.13135159285441256,-0.025563838475598597,-0.23036737200234514,0.045620818795749966,-0.09885129809566238,-0.2758514917526791,-0.12707204663348592,-0.04706914410768008,-0.0983928260273364,-0.28813216938312053,-0.17999850591557562,-0.064973210495678,-0.018239984964703675,0.4565720061253475,0.053775083015765675,-0.030960275191254955,0.029235286143175644,-0.2996674248268011
Premature Mortality_df48,0.12466377333119658,0.5892256312450894,-0.12899020783315157,-0.48597143222984657,-0.07091254526200409,-0.3456737754083679,-0.279224208313532,-0.02687174064889588,0.06170024444972738,0.36321479219533226,0.19755627839534365,0.053623885897996534,-0.5199611518232348,-0.4922373240521379,-0.32330279624464575,-0.35406833511969654,-0.37963281212458816,0.22310006280190922,0.2402013707387172,0.6326241981470831,0.04488774129511966,0.16130896751058144,0.17467114997568622,-0.07616210570738798,0.06157406340009884,-0.2133784778294983,-0.3184490141718255,0.3379809029135354,-0.44910009538862655,-0.3180396545404036,-0.07670251463374506,0.01233946856567623,0.07358848240970807,0.01521537969841697,-0.6387388455723395,-0.35746746126879153,0.13766210729386655,1.0,0.6052331631104774,-0.10415806983437247,0.2175179961128989,0.31860268597968344,-0.03407202560332601,-0.23160711636606382,0.38093262405950407,0.28666935158685675,0.2781513878706039,-0.15109613426450325,0.05939644188718977,0.22129378086404028,0.45421385579623064,-0.14738261992615176,0.5335998434076327,0.6889540559799829,0.7121500135637698,0.6306712390690528,0.48440773550973926,-0.1354942117498513,-0.4246771092351779,0.39947053432400614,0.10266165877655704,0.19182158256198842,0.5180514327021826,0.5068522540479096,0.5488115088672066,0.21139275472857388,0.21826807609013787,0.5313821984208467,0.26788908055438226,0.20650519696110026,-0.36115144753116285,-0.21080691955903763,0.04368533038684082,-0.10548664726186845,0.007510559571020554,0.37249729475076326,-0.12735251281226376,0.2948592046528287,-0.2893754979128653,0.048133940709636086,-0.12859791191154601,0.11530145270047981,-0.2185602194212345,0.13009927080876643,-0.3147855083208746,0.20792754243259498,0.07978975486608987,-0.014752814331538796,0.11063007734862099,-0.008310623392101337,0.08423603393221882,0.10894232173642283,-0.03358260102950106,-0.09640090184386983,-0.2538030472884717,-0.029580166794302358,-0.2786998988709379,-0.0016403087323319909,0.28999292801674625,0.2125432622399536,0.21767684133210385,-0.18822433122495685,-0.41078339716075835
Rate_HospitalAdmissions_df51,-0.10607690879150032,0.25112837648551173,-0.2794875929339756,-0.5296748352585442,-0.03242586922941634,-0.4341033606888234,-0.1608357580742516,-0.07572548063406259,0.24322547351977503,0.36062178684782814,0.24664810777695684,-0.06731292755439314,-0.07588011304378854,-0.6185581015495258,-0.3357457070493739,-0.2710910497516271,-0.5104776615001866,0.09185072704309183,-0.07047246612219954,0.2885148624938898,-0.09449440671286041,-0.1224231977216804,0.3751731135269646,-0.25304382157986577,0.23871249631326846,-0.2141531121403793,-0.44042779027199663,0.1009567660992678,-0.4730175511652065,-0.2871249626478992,-0.15721394625559734,0.019818338452060404,0.11123099089279984,0.0011352160077366185,-0.45690877867456603,-0.48519120603627736,-0.046574357595480065,0.6052331631104774,1.0,0.23318463629028144,0.17899197120572197,0.4938004268018242,0.21053836200211679,0.11660259492995821,0.19849990050426347,0.5599076204202664,0.05931661687133324,0.05713120341326786,0.15058092178058902,-0.091956747798047,0.27119522279776986,0.33803100188051,0.6350233266316803,0.5395660477836822,0.623571002861281,0.6806682554986442,0.5176385887814473,-0.08569958489071645,-0.24248769966752773,0.3908825867335429,-0.061990051139848304,0.09083729604944177,0.500426496744376,0.4893740037237255,0.46319033023877504,0.22531614933527552,0.3684960045291007,0.5675802360149267,0.34185286861339154,0.12369562039078384,-0.3401326416072024,0.04098884758273017,0.0780957163747245,-0.16439698790694618,-0.017850247741579027,0.42491661258808866,-0.07141305287334006,0.3047839031731182,-0.2588031445434112,0.0013281037778428127,-0.041699122519345135,0.049091935453480944,-0.1861559979504966,0.1097915259475713,-0.1571672989185093,0.12316118718007904,0.04205175494193798,0.04226807471841945,0.1704552767222841,-0.01928176042595779,0.03278878812830975,0.049741061618854616,0.047488972099666626,-0.04344893659081037,-0.08452951946645114,0.05838008956237227,-0.17053318023112746,-0.023314850381857818,0.28547006877254544,0.17737667592069625,0.22669955980523246,0.034668521779183135,-0.22341897348959655
Prevalence_2+_ChronicConditions_df52,-0.34009922806307613,0.018159962179480932,0.42861707385372694,-0.3256497145837021,0.6474017595038949,0.2937317071786271,-0.29619723223436767,-0.16810300323283472,0.6371176398460046,-0.09214830508869368,0.4025030349939344,-0.17113263660195227,0.4339097703994156,-0.06405762272371855,0.3939095110078295,0.7131932336165714,-0.24405150734484188,-0.5075254595920794,-0.39884454913272405,-0.20315476401777147,-0.013162478575324628,-0.4421325498372206,0.5835202447545828,-0.8199457528390025,0.6876276067352907,0.39415999157605974,-0.6269967875756225,-0.7602808958783542,-0.34221074444855476,-0.41864489709581715,-0.31836309409056157,0.07254050943442088,0.15809760372113169,0.14268715211664856,-0.06359175965823045,-0.26471014911401025,0.37468361113585125,-0.10415806983437247,0.23318463629028144,1.0,0.4229016184869968,0.6570348199474324,0.908729367735292,0.9774632961610945,-0.26797719710969525,0.6125696916768361,0.2824112320906612,0.3794785371280907,0.5405948368393778,-0.2519131151172592,-0.27849992659423856,0.7773332220738552,0.5481819952599319,-0.24589212999801438,-0.14146031191566025,0.44987595222069987,-0.1717144903337189,-0.07546103856982125,0.6818306514645535,-0.1053763168884414,0.05293830231582914,-0.45350867596346234,0.2900003672984259,-0.28230131099525685,-0.30696892588076213,-0.05144700009342378,0.44260128750211,0.10505668317042322,-0.09398371751272948,-0.3949303159091224,-0.11199676927829512,0.2622017386494096,-0.2647394379491453,-0.04805893293507769,-0.29391276290465007,0.4640002833178108,-0.3321783887524233,0.2336560261494481,0.3057009739835314,-0.32773966486009065,0.0005372296141937404,-0.4921150671520526,0.3153608881278162,-0.3413515262226065,0.28488032077186715,0.02809318629571559,-0.07902891391901892,0.047108427765154365,-0.0011135139990360533,-0.3582608030237662,-0.5259081076796815,-0.21642489805405762,0.14601925057539722,0.23450428313435429,0.03856705275848122,-0.028481788601004962,0.09872023412259252,-0.06889318610989739,0.36538172405583147,-0.07922518513931452,-0.009423888725185028,0.30658658915021864,0.12357844989904834
Prevalence_Asthma_df53,0.2776753083218528,0.3394978637511687,0.4071997645642815,0.13204398120189192,0.2498123405873786,0.31579546781195833,-0.3300158589603489,-0.6659912425436817,-0.02463284047166307,-0.08254893089255466,0.25849102821877923,-0.323689743617598,-0.01983311694290744,-0.0016771826135042883,0.424580968587071,0.273232145641598,0.11670738630627193,-0.383896598461618,0.4806500781056269,0.3458368113444277,0.6475106085502368,0.4422186829050406,0.0746005180698831,-0.4154627912995032,0.1464631762734004,0.14040225284712918,-0.2534869227477765,-0.2933570857016658,-0.3187897372382601,-0.0657100896259275,-0.040907612347971724,0.007670352477794111,0.11332528905521391,-0.011643588290380001,-0.16505840147402087,0.1797929241471647,0.30061141892775567,0.2175179961128989,0.17899197120572197,0.4229016184869968,1.0,0.514554952608342,0.2678800965376822,0.3356169700276287,0.5036359936193385,0.5278790260058549,0.38268936120348646,-0.4784164745063724,0.7845632688041918,0.4008226671686502,0.22894152626719083,0.38527838623122945,0.504757399794344,0.16054738401852614,0.22316633174075443,0.47062900157137255,-0.009432277703195652,-0.16741280080379164,0.2007107180194663,-0.06396111210070769,0.19819516032789075,-0.2982055879336857,0.3445448734129895,-0.05532515477570768,-0.05550489819233576,0.08309346753842774,0.3570900927205209,0.1940416850273523,-0.047999476382225285,-0.3155176998067285,-0.004081966186043656,0.027484445258555375,-0.27226637480783983,0.15844350346460206,-0.3935688936296331,0.3226213851740154,-0.3493938096665118,0.23857554513605864,0.06588456449477706,-0.27268516580099456,0.0472518744157558,-0.08128827172256008,-0.02774524674757364,0.046922919559923115,0.2424649969360438,0.17759590262785685,0.14250344576221452,0.21074434531106703,0.20252104576324062,-0.15384075909967385,-0.33992940332893046,0.15388636392782512,0.28101252755319633,0.11362123458128062,-0.11735019323101244,0.03990757041930716,0.0349348812813395,-0.29973248142871695,0.33079316479798027,-0.1025118915429355,0.05109853010205562,0.14761754724727955,0.11401976846347313
Pravalence_COPD_df54,0.01832879677652514,0.48257899028503065,0.09264900068375832,-0.410142005402363,0.1420064898756937,-0.05481923685424324,-0.3759219570405278,-0.2987198106915853,0.21369665823425615,0.08551045776433733,0.26681106026279544,-0.3287382835577298,0.18956421350341845,-0.22310699882035567,0.14738586576161805,0.16286233442353165,-0.3541790276292639,-0.3554178264193204,0.02079470643605019,0.37275899154102204,0.21081625851841662,-0.0009330069665725515,0.4089299946186357,-0.5493711169336909,0.3568191663381262,0.1808833345860912,-0.4807261118478614,-0.26673507330081836,-0.36363508630725555,-0.30518935918706536,-0.14787144832685026,0.06962799328518787,0.08918848301865352,-0.04994845556650573,-0.2864642469456762,-0.2073443859870771,0.2047270452408178,0.31860268597968344,0.4938004268018242,0.6570348199474324,0.514554952608342,1.0,0.47317713902086084,0.5581646205175355,0.2866352581598154,0.6933704348248616,0.28256925757341567,-0.05545108236350085,0.3488960740742308,0.07962527467120767,0.19581650987467808,0.5541081328416485,0.6537044031147664,0.15574174980500952,0.289369326374929,0.7663598264983186,-0.0033534363832852625,-0.09335133766503953,0.26985095101773243,0.08084134535523371,0.17588986773307239,-0.1768467223534391,0.33793573319869996,0.08610087152519187,0.06535816339488844,0.006361587746158098,0.3018573844188097,0.329025179377427,0.11336223809572862,-0.2173752331019031,-0.10366950139793633,0.15159285609691991,-0.2008151372185498,0.043222338079848634,-0.2881562931277382,0.4481562751059131,-0.2608129482472712,0.28076322405749576,0.08049472665249466,-0.15268068597903964,-0.17095098467275716,-0.19536008027629898,0.13990953800293338,-0.11833953287994982,0.0849181368484311,0.2118953372778877,0.08071758216301916,0.14410066495024051,0.17611179329610682,-0.2503242775443903,-0.38734889753947493,-0.021020628158173182,0.09674620717383939,0.1624042193217444,0.013489778754511331,0.10516564630859762,-0.0559574027842368,-0.1955813775988457,0.42196854515107407,0.030569468409965602,0.09541322286879805,0.2106901279116016,-0.07757409142375415
Pravelence_Diabetes_df55,-0.5438034882363094,-0.031280724424614985,0.43589045828968875,-0.49676770128699077,0.7752211876597428,0.22462520453146026,-0.2764739513161142,0.1422745086068222,0.8372733824976311,0.02886515600101413,0.5315822008065778,0.021034114359368666,0.1568505800393579,-0.23571556050844225,0.23948298651508484,0.7649125882616188,-0.4033113611332141,-0.3691810872142211,-0.5942512729497355,-0.22356728399465692,-0.28501028197212785,-0.6708895700744277,0.7603161300785876,-0.8800686580067748,0.831132491154206,0.2991983019536877,-0.7973280344337995,-0.7078719920874984,-0.5194101866358299,-0.6248111267305385,-0.42061937751211054,0.09603956342182544,0.15777929200946558,0.21974360317732808,-0.25040509017917834,-0.5245880642434296,0.5167665251193398,-0.03407202560332601,0.21053836200211679,0.908729367735292,0.2678800965376822,0.47317713902086084,1.0,0.8687323850032981,-0.4446249467841858,0.417485274868162,0.3837976355372802,0.6118511444802581,0.4521158437413553,-0.42187431174247986,-0.2996827091520952,0.5479925208911811,0.5796402313306483,-0.14152372496456145,-0.10143725336233578,0.40445596792904825,-0.023846136565126453,-0.08976812190216427,0.5674022060877303,0.01905375752804138,-0.03041167798603545,-0.4387059027040442,0.3828533793014672,-0.18666245846078325,-0.195053522078816,-0.048118092870893865,0.5369582612177238,0.15424951625215458,-0.030596783058451378,-0.2772038680470823,-0.38531981791228864,0.08836922070845643,-0.1790104131252752,-0.19458091460613167,-0.1976478515008686,0.6090770550947651,-0.3170204001192379,0.3417866453637324,0.20406797489358902,-0.2755631850792514,0.011057761738912512,-0.46887567942631553,0.3062504353102754,-0.37909732931579354,0.10082827778338398,0.023606273745922526,-0.1484016294730322,-0.1381356958233452,-0.04793062780970284,-0.3202161131106488,-0.431934482521002,-0.26449925466489993,0.08141907564532237,0.18836916053726463,-0.037278111841745544,-0.18345026321124525,-0.025011193022333084,0.02512128663642162,0.4151158894608557,0.0008853241872039763,0.029576062256061745,0.17530224605430073,-0.0946015839837937
Pravelence_HighBloodPressure_df56,-0.3494292991186189,-0.06839979755960092,0.46966925305101376,-0.2184905181450082,0.6569081000209662,0.3885641290273082,-0.25450294481146957,-0.20132275695761093,0.6220941817622063,-0.18052800747329908,0.3244245508208719,-0.1578950303275727,0.5359932134675086,0.06664391831274782,0.46497076670904375,0.7531613697929588,-0.1406250074640775,-0.5179170202656074,-0.4408303154516888,-0.32025577539039374,-0.014779537527781375,-0.45745107330989176,0.5061705418876737,-0.7787677884777366,0.6394277771838429,0.43800841859846035,-0.5302098747062539,-0.8167610728474778,-0.21364692510635985,-0.3555160539666311,-0.2930271575876355,0.06351508603030205,0.14167018041347887,0.14371436009698402,0.06168881561521163,-0.1701729739945471,0.31365766286903796,-0.23160711636606382,0.11660259492995821,0.9774632961610945,0.3356169700276287,0.5581646205175355,0.8687323850032981,1.0,-0.360674288272577,0.5462236632588959,0.20042301703581433,0.40098403181841136,0.48757512840381684,-0.2304843403736986,-0.36326841878160804,0.77771712295851,0.4291586208233845,-0.3668145886810451,-0.2767249560631344,0.31791037991937887,-0.26130387735957483,-0.06689096631310908,0.7601343696023946,-0.19939118099832534,0.044535546523495555,-0.48409254522238754,0.1703472170495401,-0.3916133061992721,-0.4162461116697495,-0.09523957559669606,0.35581870114584685,-0.018018559854922202,-0.15753453883188767,-0.4351937566183839,-0.012547637385510239,0.33458770057944437,-0.2915980384669327,-0.010048505209228798,-0.30066699200292357,0.3497125459704537,-0.3305442849250827,0.13528444438237797,0.37465322392451994,-0.3520096748947508,0.03184119003312708,-0.5404070643920631,0.3530176702473301,-0.37455594508748685,0.3522026648319257,-0.01585392672344275,-0.07642288930788407,0.06355189583620935,-0.0554005107073505,-0.3713407500111772,-0.5379589218430872,-0.24159028234097213,0.13313626486940602,0.2470313148358694,0.07100981424845855,-0.02885240797211836,0.1900757618958794,-0.057952286735278406,0.28376054870816975,-0.12138168516464308,-0.06992384630731761,0.34149090069853066,0.22511684566291318
Pravelence_MentalHealthVisits_df57,0.6453816505794782,0.5184827687383805,-0.07822174407501989,0.18540364130006368,-0.4104737134044858,-0.07643103691729268,-0.2712978513261979,-0.5024203599304364,-0.6073739960463471,0.009987146093553683,-0.07293451099592681,-0.35518660362816873,-0.21344533285239226,0.02873022505138379,-0.05457241191617229,-0.43973705617791997,0.08969071584014701,-0.1180513698980746,0.7699527936488314,0.6299256826789114,0.6217593811588459,0.7747443440544193,-0.3563881063141604,0.2912565894346359,-0.3771680720023991,-0.15455268176114761,0.24468642120240922,0.4487807909334891,-0.029166420320341967,0.29025697338829504,0.23375289674648964,-0.0038389968053078667,0.014062282397698165,-0.23027964165002032,-0.12730017122272216,0.3245410594052661,-0.06853662414447019,0.38093262405950407,0.19849990050426347,-0.26797719710969525,0.5036359936193385,0.2866352581598154,-0.4446249467841858,-0.360674288272577,1.0,0.24627743257603593,0.1511358101196142,-0.783446874909789,0.01963125221799664,0.5172671817578811,0.5575022116200644,-0.047764396477549556,0.14417540892287273,0.4010298650630211,0.4407600062581972,0.2781393005698129,0.06688760498059103,-0.030483360938302204,-0.333969332907162,0.004461253426305291,0.15219941157272865,0.15050052023010244,0.09281469212111447,0.20708325002774872,0.19725450571151476,0.08391949906407906,-0.13699917173757648,0.2050774401223699,0.059589634533543004,-0.0696453593856273,0.09260452784990555,-0.16590675083418263,-0.10733793394874663,0.19704439013680483,-0.2580319431194218,-0.03769943035477255,-0.0387668685395348,0.04188817004487224,-0.22281332505204207,0.010105135695057933,-0.1903806604642072,0.30462310670469506,-0.21407516721344982,0.2820246184908131,-0.10901594988090202,0.13542009666607993,0.14733222227087772,0.13572397665908406,0.2687124456930509,0.07923945552919845,-0.09611164061379061,0.22173738275722862,0.05587989718592314,-0.08085931182319148,-0.1419866484815561,0.19316014937942597,-0.12184157992815259,-0.33229116324448693,-0.0010210441708945282,-0.011481265358793041,0.0064252647283426344,-0.06673690753307686,-0.08663524959648652
AnnualRate_Hospitalizations_df58,-0.016863005266742042,0.05469238523795711,0.20462030630924896,-0.3241493806078713,0.23039369511944413,0.021000227186759937,-0.25553699381279305,-0.2030313648357786,0.3415882696067928,-0.042029117744675014,0.3588913901562412,-0.3304062167109527,0.15241194262983077,-0.23213752587842332,0.025433593794204106,0.14283477542811437,-0.308438101015941,-0.3051650191323054,0.011777375792620769,0.11915642159062724,0.1703865123868971,-0.011939722423235781,0.30356246042041624,-0.5302830140158958,0.35988123739400774,0.13356863794855958,-0.4959767439671583,-0.3361187960258809,-0.45592484687260215,-0.26704733266638353,-0.307598742615102,0.020263987302583025,0.1369885720636149,0.027434357638435828,-0.3515618649607358,-0.18918219780814394,0.3491616991484122,0.28666935158685675,0.5599076204202664,0.6125696916768361,0.5278790260058549,0.6933704348248616,0.417485274868162,0.5462236632588959,0.24627743257603593,1.0,0.4539987162895213,-0.061246068300172304,0.4522930789740605,0.179102622267786,0.16405928274522136,0.7745941847102207,0.65308330210841,0.11437980878340387,0.2616439435540912,0.6522534731421474,0.04004217995176768,-0.04970230422113662,0.3525879333892737,0.0009418753358426956,0.14410457014605493,-0.20938922059910436,0.439622411595237,-0.0013379548622998291,-0.046687015812578704,-0.020553696033277814,0.480833444127111,0.40850942818777897,-0.05371103330720658,-0.2966444700994072,-0.10259799949479428,0.2952077914611199,-0.24007136156719155,-0.0037427720709245246,-0.28186696504014047,0.5096907285725237,-0.27311774601184763,0.3425895204255077,-0.12030421694880761,-0.30283789998559085,-0.02614284744705821,-0.3093919082822371,0.13560859693536484,-0.06365901859578108,0.11570772901848558,0.11934272840274036,0.0784705758650938,0.19495729985682464,0.12787882764967834,-0.25275728723335095,-0.3704624844948847,-0.041959666408165834,0.13373860040141858,-0.01642607848532627,-0.11481956951554372,0.15175903807717048,0.10815553472701327,-0.16172405158691786,0.45239004103483904,0.019973617611335585,0.0014892157842386054,0.311411232118497,0.06233357934700715
Birthrate_df59,-0.13908355153180016,0.11090255796439275,0.3905300173951093,-0.5261595677373891,0.431550068377804,0.055643915405748375,-0.41144082775253066,0.39855305041713224,0.5556004257252387,0.005246587044004297,0.507210438710563,-0.03754304784436874,-0.482653901136906,-0.24143100065619041,-0.0880751841771171,0.2745948051368215,-0.3682233079753019,-0.07828139129866873,-0.0538826960131659,0.20651748330476982,-0.12014926751802542,-0.12225934974810419,0.34261686046224643,-0.5365999757055178,0.47151218250668775,0.003232264370155696,-0.607672121527307,-0.1790676098005901,-0.6621973570240156,-0.5154718569119954,-0.3475233645734193,0.12434406617830186,0.10277019453588752,0.17733625218491134,-0.6000220122271455,-0.35379964763622745,0.7379466275096751,0.2781513878706039,0.05931661687133324,0.2824112320906612,0.38268936120348646,0.28256925757341567,0.3837976355372802,0.20042301703581433,0.1511358101196142,0.4539987162895213,1.0,0.08464467510602797,0.2821357993551332,0.06739557391986026,0.1511266073504671,0.15474586635109133,0.512676376562744,0.1561438967256534,0.11354444054429408,0.34369556481439656,0.0967644146972265,-0.10646042805413125,0.20159327518537593,0.04343631843984004,0.07348866194898213,-0.26875331215503456,0.38510734821510645,-0.05733560012583164,-0.015085205226800279,-0.08267899512555356,0.44388340024066636,0.25472567268598345,-0.07264621438418323,-0.182446182113082,-0.48171842785362906,-0.19023973162733782,-0.12842368800230847,-0.2012444859624336,-0.17703137677867947,0.6167115162142477,-0.2766425982306855,0.41254500795104765,-0.27377889723410503,-0.25891234275156033,-0.03394963103580385,-0.2555957946109769,0.20460807125050254,-0.10146852732373887,-0.18876413581301305,0.1638749499032595,-0.03641236600135439,-0.16121002789057962,0.08096388332197231,-0.15693527251608894,-0.2547159703465266,-0.056130138178260236,-0.00390945401454712,-0.20788724716147602,-0.35659966136889903,-0.1044867246638819,-0.12216803817110693,-0.025832896344760194,0.4820479255752347,0.1377865261334628,-0.019020299759966712,-0.0035730017213221484,-0.3294544423101954
PercentBirths_MothersNotBornInCanada_df60,-0.75802069716039,-0.3570955807420841,0.07981149111161545,-0.5690518298824662,0.5244408401752549,-0.08807245039537,0.1310539288144336,0.7599012801182473,0.8281476780360818,0.12095781393734366,0.3954694970131603,0.3368955912189941,-0.005574618588944492,-0.3287607936128492,-0.22939471351365556,0.40002252562143653,-0.4340437253696336,0.11347118353295184,-0.8700827527569722,-0.48360328148318427,-0.8320745931940362,-0.9383438764287101,0.6408070385564669,-0.4327052985708954,0.5898448319121089,0.05559294802401264,-0.5506130143959984,-0.4261961343893828,-0.3255383555751588,-0.4590736419352594,-0.3997430751104038,0.05912540493206577,0.06394150352078341,0.20186704496547095,-0.1391301483367836,-0.6284095930547311,0.29782828652240934,-0.15109613426450325,0.05713120341326786,0.3794785371280907,-0.4784164745063724,-0.05545108236350085,0.6118511444802581,0.40098403181841136,-0.783446874909789,-0.061246068300172304,0.08464467510602797,1.0,-0.03735870424392808,-0.6290391411251408,-0.41502758446311233,0.10853784117757842,0.14808420781380183,-0.20744151790953405,-0.26257184405683515,-0.028810664528637273,0.12480718116805137,0.10381433529829408,0.3029958490564924,0.1412339011494917,-0.20373331749620857,-0.16922158634938506,0.12065188532844053,-0.06743809442498751,-0.05191673286286328,-0.04260211064013491,0.30060884605642463,0.024045564944776006,0.01664239726661141,0.06515174286953006,-0.3324450967554091,0.06551549960316759,0.06401633933178077,-0.3930830585796807,0.19875813442830306,0.3665165702595599,-0.022623623331066992,0.16174052371864706,-0.12606547479936625,-0.04378272525125306,0.07551079097816417,-0.39971752552546563,0.23885917618185248,-0.36672851642794774,-0.11544814969205623,-0.1567064546478728,-0.28035702238912236,-0.24055326611215164,-0.2710812659361813,-0.15993942105546108,0.0045274023390545325,-0.3330994202519006,-0.1369847291095602,-0.008225948815199245,0.010605322963057877,-0.28968693230570286,-0.017197789956575983,0.268053580733713,0.24504030998100174,0.1300963418303322,-0.005069092985719545,0.07011595463565304,-0.17187246772782383
Pravalence_AsthmaYouth_df61,-0.13852914823651433,0.08628084836869311,0.21971307382645514,-0.00719040241241446,0.32491235623367726,0.09483955730685155,0.05214898545105028,-0.34275137229142183,0.1891258528759957,0.004097420279787017,0.3995830422502028,-0.15950423020622165,0.01760915008092701,-0.1909162761713239,0.3536677171142236,0.40974832475099965,0.03145022757705465,-0.17297201141668583,0.09265504716877457,0.013112295351763385,0.24669215232464917,0.02968164099091283,0.24316008279419848,-0.5394351298999822,0.3141142202898991,0.20043541959661992,-0.3794074479737,-0.520895644461319,-0.36220506951520287,-0.2112806131121795,-0.1815370268559373,0.03044477378369416,0.1390489533679935,0.1279245567076395,-0.10777980608461445,-0.060819639651826116,0.2907509178103543,0.05939644188718977,0.15058092178058902,0.5405948368393778,0.7845632688041918,0.3488960740742308,0.4521158437413553,0.48757512840381684,0.01963125221799664,0.4522930789740605,0.2821357993551332,-0.03735870424392808,1.0,0.1611486464246627,-0.07327550337049266,0.4589211695864464,0.4549926862715006,0.002092698059806752,-0.016264681784409683,0.3204147051707031,0.19791755105644643,-0.1672147300454049,0.328296760594003,0.0721591706655136,0.07973532724307135,-0.340852397482421,0.4139657180895428,-0.11093154313737051,-0.028304812045545046,0.16371323565655282,0.5352230046083903,0.17504091802379945,-0.02418437143604221,-0.20073534407631233,0.01547691008942445,0.17872459129461926,-0.16161024155802198,-0.053131202643121954,-0.15685956534032866,0.35608242749691765,-0.3770457174676667,0.21930431760713617,-0.010052837080277249,-0.3154421198134648,0.3487776717862811,-0.26197603414464393,0.04196525721177314,-0.11372603478257697,0.3072052151546879,0.05554508298677914,0.04950617396037829,0.1830941228052817,0.022368434927338428,-0.1260425003768266,-0.22426735989724597,0.06705633377705021,0.3340920101830407,0.07989967395553643,-0.08231477601171906,-0.12339982634632478,0.12294969346130852,0.006240945943914196,0.4059237174451053,-0.1378364662169328,0.09754892378782566,0.29211562769496063,0.16656086198465495
Annual_Injury_ED_VisitsYouth_df62,0.5105786085765663,0.385955022879302,-0.03354634195020185,0.35179258696031807,-0.4188783232223405,0.11936204228049034,-0.05148405673172673,-0.5621740582668662,-0.5047667494408404,-0.2261023034808129,-0.17888346171221295,-0.24461272064243247,-0.11282378837033669,0.31174928383643197,0.2342300215876842,-0.2531768864419233,0.35334895135430877,-0.08154376877635507,0.6046490790651421,0.40886934975974737,0.6123524285262498,0.6573408094067301,-0.4554926903462846,0.21896750083274713,-0.3197122053097077,0.03022322620360672,0.2943091975130949,0.12051376006454423,0.18467543181130347,0.16893700347792154,0.26065586860371187,0.05121530677228622,-0.00977166069931899,-0.19276491872816334,-0.02133482368561098,0.4662822482580953,-0.10562593590719267,0.22129378086404028,-0.091956747798047,-0.2519131151172592,0.4008226671686502,0.07962527467120767,-0.42187431174247986,-0.2304843403736986,0.5172671817578811,0.179102622267786,0.06739557391986026,-0.6290391411251408,0.1611486464246627,1.0,0.43628785165784273,-0.05413242483803149,0.08314106111100418,0.1986209844148165,0.11572068901051771,0.12564979415051966,-0.1690876382082842,-0.3021609068560904,-0.09866846451426987,-0.21183254216588343,0.260009887038289,-0.0031738515672839057,-0.0758057718696797,-0.06601946231830556,-0.047906853461386886,-0.0799952307369702,-0.2227309653752435,-0.1208059577303569,-0.1868129701023057,-0.17730409784667175,0.3365333719255369,0.07470001615354643,-0.23340586147163062,0.30190003683713657,-0.2683744385531049,-0.1780518850744886,-0.13514994444270736,-0.1644924604169619,-0.05579067922120936,-0.20971954519903377,0.05989974367085079,0.02916618355055044,-0.07912850179768731,0.18502720014004836,0.1278997246105296,0.1414006866960123,0.3326376184937798,0.249489325253379,0.005989725323687624,-0.0237185098378428,0.021092094404955207,0.2912218974358348,0.083766898684873,-0.07113175532431903,-0.17823771393990823,0.031304317556345634,0.16580388611745253,-0.23534394025420552,-0.04038358531897808,-0.17668233655181054,-0.11421105087240827,0.04155133279613397,0.21072814643693194
Annual_ED_MentalHealthVisits_df63,0.35956818056950623,0.5563729839507241,-0.25908329814654496,-0.0009731098449511285,-0.5314423994805751,-0.27083187489687505,-0.20068468595934935,-0.4718018767569075,-0.4826800303217501,0.06955511912492547,0.028131950216494107,-0.12384648765858443,-0.3240878307042986,-0.1367262064788696,-0.23911605379783174,-0.4377593542757523,-0.1027931539995997,-0.04030030895708379,0.41977019983871233,0.5456985526365699,0.26653479025527105,0.3977250295681108,-0.09031669913618598,0.2515871828620634,-0.18627344074859678,-0.21028518866553367,0.015317916424597474,0.40681874475983154,-0.10789856439967692,0.01727829270777579,0.21372730420475794,-0.05145516547377795,-0.06587796205043142,-0.16752702894844515,-0.2571546662596856,0.013603087990899588,0.004160624658562084,0.45421385579623064,0.27119522279776986,-0.27849992659423856,0.22894152626719083,0.19581650987467808,-0.2996827091520952,-0.36326841878160804,0.5575022116200644,0.16405928274522136,0.1511266073504671,-0.41502758446311233,-0.07327550337049266,0.43628785165784273,1.0,-0.22752896315206872,0.23532787701771246,0.5407757781760951,0.5459892241746268,0.2943814476175635,0.1380411676989307,-0.11651230454883424,-0.45633283649182543,0.07236473801459899,0.18936423051976672,0.12999559581865822,0.10791028054311355,0.2770935620255944,0.2673018133737732,0.025102673564203617,-0.0798907603022533,0.21289970014222614,0.06644667782913648,0.17854315643814705,-0.06293584872059012,-0.2793970872467605,-0.08262817639759965,0.04995879877672574,-0.20155408219400983,0.12411232889985929,-0.03089372894016823,0.1319038210820319,-0.25088762291729216,0.028789480314603943,-0.17251210506623832,0.2041388832714728,-0.07877490392256559,0.23339606324700277,-0.29664406850931807,0.09625472870926353,0.214336803877451,-0.021690551602022816,0.06571606222207942,0.02530157409194394,0.07237388475857158,0.1612166137278349,0.016572258648700305,-0.11521673856059692,-0.2645805137481256,-0.034464635834638484,-0.14439922922314374,-0.24058680821676676,0.06037072505969809,0.06546058292656423,-0.03254853492271423,-0.2519380403610494,-0.2639493698378437
Pravalence_CongestiveHeartFailure_df64,-0.139497751608918,-0.1379429324067098,0.18239611743461348,-0.16653579015447062,0.30723933376511836,0.13434971431411047,-0.14429595466710352,-0.2575806704886958,0.37091884704024836,-0.10120520172153742,0.21081074581591497,-0.3167444509903102,0.5513399992662148,-0.03561388358209728,0.27028040762214667,0.38632496989658294,-0.1200597328254883,-0.4363588516087934,-0.2003627993038692,-0.27123265632586047,0.11628437523207696,-0.18532919088709793,0.272444709817855,-0.5355649540682897,0.3525998693435595,0.29638735319205856,-0.3413128747133124,-0.5491594460304995,-0.1907792497059397,-0.1098905469652868,-0.2436726403992506,0.023913791239389415,0.16390584105324146,0.05015583003359651,0.03521749350632002,-0.06228950591960207,0.16949099334325884,-0.14738261992615176,0.33803100188051,0.7773332220738552,0.38527838623122945,0.5541081328416485,0.5479925208911811,0.77771712295851,-0.047764396477549556,0.7745941847102207,0.15474586635109133,0.10853784117757842,0.4589211695864464,-0.05413242483803149,-0.22752896315206872,1.0,0.41382686025142384,-0.22990570105842204,-0.12429365726176429,0.33169027224088443,-0.09712514060062537,0.03123734029615443,0.5353873401933213,-0.09073833693951038,-0.002804427901086684,-0.24919193049888375,0.2647962250710035,-0.20383012197531658,-0.22435769867864408,0.045629652239551635,0.4040802268066431,0.13232798349396438,-0.08159816608056215,-0.31676522458995965,0.09243250939119561,0.4360340786455691,-0.16389916321816658,0.05545006024912278,-0.19393033606256688,0.26697919066552167,-0.17952713508396534,0.16942579644095276,0.13056320910566319,-0.2699986737552974,0.026729048937754716,-0.3031273975068232,0.2038302564025169,-0.1576603217811118,0.36792607545797995,-0.04555345537119729,-0.04256665759625219,0.15608917719705726,0.11681096103246322,-0.20452476924869217,-0.3938839365886951,-0.17095186944388496,0.09209525253993162,0.14017503831382247,0.08704435113772963,0.1401616776440023,0.17734249411988617,-0.05036311890738105,0.22681965713310193,-0.13210493052731687,-0.019886783942373885,0.4601778889915797,0.32506029347378257
Annual_ED_Visits_df65,-0.1811291647179538,0.35096709627126416,0.12838533935849208,-0.6043646227555745,0.3702659462193818,-0.13819900383104503,-0.31789024449406705,-0.00546520574148523,0.5222287259581209,0.21049541427599372,0.5832397542118593,-0.09017695259687544,-0.21271412358477843,-0.5296619937643317,-0.07169900461642244,0.21735567738177494,-0.5257208587573725,-0.19285183688437935,-0.10723697814981042,0.3578188752319268,-0.007491231945009918,-0.19030376447559064,0.6403894033805927,-0.665613490648161,0.5662099335841113,0.053780352104636844,-0.7736429936161555,-0.26687709506345,-0.7187143781127174,-0.5882508117295361,-0.3909325271846578,0.08587652032907835,0.15992809623373028,0.08009949276794957,-0.607167595819302,-0.5106899655584844,0.45468856240092065,0.5335998434076327,0.6350233266316803,0.5481819952599319,0.504757399794344,0.6537044031147664,0.5796402313306483,0.4291586208233845,0.14417540892287273,0.65308330210841,0.512676376562744,0.14808420781380183,0.4549926862715006,0.08314106111100418,0.23532787701771246,0.41382686025142384,1.0,0.5624483952564379,0.5050709955732561,0.774224946938949,0.36298495995474744,-0.19392142209200183,0.08639189196544522,0.2611773845584478,0.023607877805803285,-0.19500542750405894,0.6239620268336737,0.3026526349261265,0.27226573279378885,0.058829654210205244,0.596950738883713,0.5191456070516063,0.13832160056690246,-0.07261435100310135,-0.44760575823334486,-0.03139635114823797,-0.15828977841555741,-0.11855514182312103,-0.21274700199044788,0.7797363760867444,-0.3058127771944584,0.4958253720045792,-0.18122545307505486,-0.2194570339010038,-0.0388131401677471,-0.20062202871709428,0.023854253274841968,-0.052078728408169184,-0.1328134971941147,0.1923556805290342,0.03308012698117161,-0.04661272315353201,0.10142089855956155,-0.2507173839157034,-0.24705027268823107,-0.01361490954519678,0.08525009989184992,0.046810889128685494,-0.22437853868486035,-0.14018490381755852,-0.10477261694720211,-0.11420831333870972,0.5411426269229435,0.1430416822951958,0.1339021473665551,0.05079809584353321,-0.2900159762821265
Annual_MentalHealth_ED_df66,0.13639850716879023,0.4419722871785441,-0.36232653888017,-0.4362800245489362,-0.15621863644637668,-0.5381973505094214,-0.1740553791086962,0.056382032309165976,0.008149626955130457,0.37931797809115136,0.22675346608669444,0.01036093202420455,-0.49605504992773725,-0.5526421810223566,-0.44161156124932316,-0.4313583671757477,-0.3716246547041774,0.1492834719833002,0.2643907771305528,0.603767081076748,0.05284059418728382,0.20078531120063697,0.18285527806749166,0.05827944867922076,0.006610970869982168,-0.3315345950221119,-0.23732694063926532,0.45176078799273195,-0.41699135946721383,-0.20131042145114805,-0.04257820345984354,-0.0029793796423353354,0.047473799774140006,-0.05353091230317062,-0.5651855226836453,-0.325911102392743,0.02804406995784341,0.6889540559799829,0.5395660477836822,-0.24589212999801438,0.16054738401852614,0.15574174980500952,-0.14152372496456145,-0.3668145886810451,0.4010298650630211,0.11437980878340387,0.1561438967256534,-0.20744151790953405,0.002092698059806752,0.1986209844148165,0.5407757781760951,-0.22990570105842204,0.5624483952564379,1.0,0.8098950121979035,0.5005037911097281,0.5977608495020027,-0.11591339509740035,-0.5810183583524712,0.4341513313560775,-0.018781062012790183,0.25263544087711587,0.38048446027315624,0.6736887160523701,0.6295759429944464,0.1565480814894011,0.18004098995688797,0.5087605523560746,0.2862472198320405,0.26438625288073686,-0.3662184304075593,-0.30738577978946063,0.1094544918109487,-0.08479517423232119,0.0018433981501555334,0.38859363815556036,0.03846919029146783,0.28216047728148314,-0.36176264005783754,0.13192774073405236,-0.12383666810436929,0.3097053866266839,-0.2676055368767052,0.2591703141507544,-0.4108442758031006,0.10604723002603968,0.12221929539759895,-0.1176462989050374,0.19536261437311214,0.1118921758958469,0.1863496871756574,0.20842782774398388,0.007608982685061679,-0.07406886951607984,-0.2085341598137121,-0.050692423776380564,-0.2753112062178379,-0.07715026324834175,0.2148622277372791,0.21165201907387418,0.2300611220922398,-0.24056752093523642,-0.4217352264223262
Annual_MentalHealth_Hospitalizations_df67,0.13505063693075695,0.5219463011839107,-0.20994315950968712,-0.4630964299498103,-0.08586899065185279,-0.4335269711016609,-0.3031507361374066,-0.1503961015372608,0.018262771455384862,0.3360950896297719,0.1851654035267383,-0.048421942162846586,-0.39361671191319775,-0.525621371072346,-0.40557291459269973,-0.4276318758302489,-0.3600371137699311,0.07001203772817567,0.2958918692344186,0.6018019160105723,0.12072184163525244,0.21817649807628445,0.14619366931858235,0.025098113240654082,0.024317974142749936,-0.27332981560878467,-0.24001441974950855,0.42387260362832,-0.3984396056349989,-0.16610593273549093,-0.06466312520635385,-0.0002811586245851189,0.06880305475771173,-0.06158642509803965,-0.572001375460052,-0.3000639220488452,0.00228052067767098,0.7121500135637698,0.623571002861281,-0.14146031191566025,0.22316633174075443,0.289369326374929,-0.10143725336233578,-0.2767249560631344,0.4407600062581972,0.2616439435540912,0.11354444054429408,-0.26257184405683515,-0.016264681784409683,0.11572068901051771,0.5459892241746268,-0.12429365726176429,0.5050709955732561,0.8098950121979035,1.0,0.583334868397615,0.42272553274120167,-0.13069288271908322,-0.48863127612825824,0.3701184832605983,0.04577467543431451,0.1929700667196525,0.3868694339930417,0.6598390707421906,0.5812068130150183,0.17971848875558225,0.16306839810270438,0.5564535013516158,0.2620983284777281,0.2014441838791624,-0.3291828102628728,-0.23159727996386098,0.05430938417093353,-0.010655145273889154,-0.054556388164392136,0.3734141347085246,0.015662275430027336,0.27826092587171236,-0.29117521857959017,0.09759244549475088,-0.11019288894327756,0.32676196517439243,-0.21404735589104287,0.2471655927452734,-0.37573558405982765,0.1714599586115149,0.13084487044033752,-0.010219136104038462,0.18255566962082612,0.1440641618608555,0.1385240153070366,0.26173259054515824,0.06380979167261783,-0.05231115975646933,-0.1663571044178988,0.07078254679359246,-0.23395023772291662,-0.12511777114600825,0.23055257518005828,0.18637503026687935,0.2017422338178426,-0.2179695020568485,-0.37770531277864827
Annual_PrematureDeaths_df68,-0.007084685766939794,0.5678474808001899,0.09845656488958215,-0.5139561007483447,0.16789656011361292,-0.14744123311500074,-0.39414575824676773,-0.19929605709510814,0.2630775122133724,0.17617589124066782,0.3742912110772657,-0.2323153215601196,-0.14232694380475977,-0.45966314124850066,-0.06618937378174587,0.018563355066473056,-0.4623702784617417,-0.20924788056429475,0.05588421254727102,0.5646897620248764,0.11962765257178816,-0.013204273109548751,0.4872374544586517,-0.5030067791867207,0.3950033171834897,-0.006931010779834506,-0.5884533751340324,-0.09734292385891467,-0.549037721216294,-0.4069270029123166,-0.22012544083850047,0.04282043382480032,0.11524464284332837,-0.008411414479715525,-0.5939032828087476,-0.3999796301007506,0.24109949993953214,0.6306712390690528,0.6806682554986442,0.44987595222069987,0.47062900157137255,0.7663598264983186,0.40445596792904825,0.31791037991937887,0.2781393005698129,0.6522534731421474,0.34369556481439656,-0.028810664528637273,0.3204147051707031,0.12564979415051966,0.2943814476175635,0.33169027224088443,0.774224946938949,0.5005037911097281,0.583334868397615,1.0,0.2487536127620194,-0.22304747893321777,0.036616537743154695,0.23318823094689695,0.10492339958859764,-0.1133905190758707,0.5322714248628727,0.3372765606090125,0.2830616584803581,0.050501962562137605,0.3932823667079161,0.5827781669084233,0.1855338742303287,-0.0885792315457213,-0.3087707349826252,0.03663421635381501,-0.17914100661512375,-0.12322006464731249,-0.24245530301129112,0.6168621391458764,-0.2680180175988181,0.36466833483644745,-0.07827953275391052,-0.11981693573280587,-0.12876690153071596,-0.1580629045352559,-0.010959685158160483,0.016183477619936194,-0.06977017422185504,0.20984442353134622,0.10644692294908656,0.09499668954796182,0.14361852337232475,-0.21739703542200497,-0.25441367617078686,0.05454118633572868,0.0907430256662115,0.08449674281659707,-0.09228886414176621,0.0498973824047122,-0.17028844010568608,-0.1779888814919764,0.5087214326256789,0.12462279238115136,0.19246172754761517,0.1363282721425318,-0.21565337150386352
AvgChlaymdiaRate_df69,-0.219848680614904,0.08282381815112515,-0.42045170699605144,-0.43026459088697216,-0.13908045932968585,-0.583979335208079,0.03512006475030891,0.27521062455172707,0.18432879977214614,0.4583763656366156,0.24011896183910678,0.15442429615259207,-0.45892476664795373,-0.742207732906863,-0.4858786308360857,-0.3388589220490358,-0.42112486206463967,0.34782799166952866,-0.023807820889846218,0.19914054354435695,-0.3122112469297216,-0.13436715811785666,0.27457225689423553,-0.06455995744449021,0.13076430737159703,-0.3305231516351748,-0.2904748288653279,0.30663094903459076,-0.5284248655414706,-0.24466575664609982,-0.1861038208735588,0.11401741582729324,0.12683147161517655,-0.004258262648728636,-0.4313996647059319,-0.4676792785596768,0.0016876222017325588,0.48440773550973926,0.5176385887814473,-0.1717144903337189,-0.009432277703195652,-0.0033534363832852625,-0.023846136565126453,-0.26130387735957483,0.06688760498059103,0.04004217995176768,0.0967644146972265,0.12480718116805137,0.19791755105644643,-0.1690876382082842,0.1380411676989307,-0.09712514060062537,0.36298495995474744,0.5977608495020027,0.42272553274120167,0.2487536127620194,1.0,0.07261110735070742,-0.556007318151984,0.5682721760677695,-0.13268390099366248,0.3192509410773886,0.511919715098234,0.5633287460357466,0.618741847128715,0.20273693424936023,0.40794465682836206,0.5267490703139148,0.34674738584986453,0.36799523265475514,-0.43142451841843477,-0.2302724236549139,0.24643545400001649,-0.25379774214128187,0.2155782507971523,0.379737201603598,0.08894368637623565,0.3414941221857584,-0.4554809740725591,0.18909535886050136,-0.015422816689540812,0.2543310922119132,-0.26242142572151017,0.1099978420412876,-0.34465970149652014,-0.000899036888947203,-0.08609322494774559,-0.1444195942240337,0.1076854867452779,0.13481827934764468,0.3027282827151429,0.052197243074928575,-0.08631118743683985,-0.15422440255439387,-0.10247390541717678,-0.15073731950643807,-0.2839425103119993,0.1127183524037774,0.2893058320154236,0.21769609370068746,0.21458468775153677,-0.09930333643318551,-0.3791294939096323
FoodInspectionOutcome_df76,-0.02666457319919352,-0.39222372217101825,0.01007874021301773,0.045501214265373735,0.017682984788430188,-0.04128539005341113,0.05957453380862354,0.23603895566357908,0.09299777298076001,0.09166455799807932,0.05107824421536794,-0.008261753407413964,0.07316755695921076,-0.027630306866343535,-0.16239726950109742,-0.07758080170444547,-0.012117501769079391,0.09090873656073861,-0.07923824334065284,-0.2216522108708841,-0.13895998793418388,-0.0647396510715084,0.029488685476745727,0.1586254539619436,-0.14813761136184622,-0.08984843056035759,0.0952808152132689,0.16260748346726245,0.06499076855938153,0.18866384601332653,-0.030238785871080923,-0.0547577869433709,0.05192217378336625,-0.016952464950368645,0.24873814365320868,0.0722291680322316,0.07960922132840037,-0.1354942117498513,-0.08569958489071645,-0.07546103856982125,-0.16741280080379164,-0.09335133766503953,-0.08976812190216427,-0.06689096631310908,-0.030483360938302204,-0.04970230422113662,-0.10646042805413125,0.10381433529829408,-0.1672147300454049,-0.3021609068560904,-0.11651230454883424,0.03123734029615443,-0.19392142209200183,-0.11591339509740035,-0.13069288271908322,-0.22304747893321777,0.07261110735070742,1.0,-0.01546229931830907,0.13961182481778095,-0.11906503201161686,0.19632961522338313,0.11867581461859761,0.05165617697740262,0.07381849274970032,0.19294079007753567,0.17663607747544374,0.08808286234558511,0.09387860960349531,0.028573770667884392,0.03705559895169725,-0.006395719689127573,0.2530058598070885,0.0004458821995383194,0.12782998047701286,-0.035351586706303985,0.29376562264567524,0.08566644629003557,-0.043539585344366624,0.22018593972253225,-0.0006439964149542799,0.10998431484182129,0.01811292891559448,0.07109994627564202,-0.040209757453891146,-0.1339392199078027,-0.17112072888544402,-0.08972695364614247,0.1993970024500951,0.20077676564103902,0.041233515513087876,-0.10622717311550821,-0.14214193190879712,0.02739464091626376,0.16974355069422528,0.0055166817201678835,-0.12705596160572852,0.011845348539850415,-0.1831939697967834,0.15790772703883044,0.09095542573198423,0.06689830172132566,-0.05004527585936078
VehicleRatio_df92,-0.2545359742760357,-0.1844684527004651,0.6938862793910142,0.17060435165556712,0.57937113982525,0.6709455080064587,-0.24185991219829023,-0.11451472887056256,0.36968796968396656,-0.43137402057995095,0.17435118586644296,-0.15804077069361272,0.464487754366943,0.4225823385114617,0.5364627064981352,0.7133736864923477,0.16290589851785262,-0.4300475700001235,-0.3358248799326966,-0.4174317816580413,0.020925472652865765,-0.3122819745436406,0.18646850664332226,-0.5314591267875276,0.41293426884442863,0.37018977293913213,-0.2625554526600026,-0.8134409070945093,0.01939223336770961,-0.07221981647289707,-0.18381583732034443,0.07512645247017279,0.07710418599047893,0.17038150241329017,0.26831578722913985,0.12818373009037395,0.32386396214406404,-0.4246771092351779,-0.24248769966752773,0.6818306514645535,0.2007107180194663,0.26985095101773243,0.5674022060877303,0.7601343696023946,-0.333969332907162,0.3525879333892737,0.20159327518537593,0.3029958490564924,0.328296760594003,-0.09866846451426987,-0.45633283649182543,0.5353873401933213,0.08639189196544522,-0.5810183583524712,-0.48863127612825824,0.036616537743154695,-0.556007318151984,-0.01546229931830907,1.0,-0.4338874893061894,0.10256078759677237,-0.5677686069743672,-0.13479714829099035,-0.589130125710401,-0.6484226756561976,-0.11950691782678087,0.10776336900912786,-0.2854812273402636,-0.3819997775317604,-0.656294336823812,0.18559479102125717,0.3989012853210399,-0.3777352965003548,-0.029270473410694803,-0.3736152307473485,0.10525309626904843,-0.35535409746184554,-0.07421100583851425,0.33966959595574914,-0.446346609745273,0.09957838215790546,-0.6443750410649133,0.42880925972598793,-0.30932475768207013,0.49449094058457005,-0.04933416906779514,-0.045536457892769035,0.22196431678050949,-0.11186734443278008,-0.39420197616371017,-0.5518702373821723,-0.17313994862172735,0.10808661663379993,0.172360524914957,0.12292119292579419,-0.005275476559927428,0.3817792388349717,-0.09734695565982861,0.17485385423249214,-0.1323530206807714,-0.1566082156205972,0.40029909999551117,0.4330024397129281
OFFENCE_RATE_df1,-0.18953716359804496,0.1653851516682024,-0.38574431959564115,-0.36769086994739414,0.006053932258614361,-0.4883036689388642,0.032193898664660034,0.15864198831104107,0.13288359823260715,0.9192019226918785,0.20947172541116205,0.08275552329286517,-0.3297010151072236,-0.6015184188257802,-0.30295866179581854,-0.19979239243581273,-0.30428734044457145,0.25227092670688966,-0.02199190800300402,0.19828702114980837,-0.24861995665109796,-0.11025093083253595,0.2879457938412648,-0.003072015483477903,0.047382619560426394,-0.2786248995247285,-0.22868588058391584,0.2519719346058561,-0.35205583046448174,-0.159576657557851,-0.11239711765395245,0.23091017397044186,0.21668254300965295,0.36801006128887465,-0.37676969294067325,-0.4218178515542738,0.058720864453392155,0.39947053432400614,0.3908825867335429,-0.1053763168884414,-0.06396111210070769,0.08084134535523371,0.01905375752804138,-0.19939118099832534,0.004461253426305291,0.0009418753358426956,0.04343631843984004,0.1412339011494917,0.0721591706655136,-0.21183254216588343,0.07236473801459899,-0.09073833693951038,0.2611773845584478,0.4341513313560775,0.3701184832605983,0.23318823094689695,0.5682721760677695,0.13961182481778095,-0.4338874893061894,1.0,0.0018859176125373505,0.5999505992273809,0.5240298773639415,0.7583201304425848,0.8432017656380242,0.41485189244046905,0.41095898837812944,0.39107088666192996,0.7930973049380701,0.6029644975671917,-0.2594295397216173,-0.08284268826787822,0.7239134269355447,-0.13509531321422413,0.6232099580497513,0.2785191553304659,0.3793903542583113,0.3673448960978554,-0.2885000485220113,0.49999200833620666,0.07903154928515718,0.3996194144155638,-0.07874593689636783,0.14275229602268513,0.043928381530037634,0.11522810311134735,0.024263471347485938,0.052767796450692926,0.4684837686106091,0.4918149767849244,0.4068202138461487,0.18932357322007543,0.10926946960059568,0.11230381164369177,0.23571259625730567,0.15332873428424965,-0.1921430449470169,0.3623638833812487,0.1846350617445194,0.2327350505452628,0.6044695941461283,-0.04204030723490906,-0.11667596683920595
CulturalHotspotsRate_df2,0.25982817021143256,0.19593686698047308,0.04639394131775452,0.06734672934133563,-0.14225720078865361,0.018385100016620953,-0.2516396866105188,-0.21952982838242274,-0.16828851574603682,-0.07402871716646103,-0.036097695610257226,-0.1829341652499421,0.0170611383501689,0.14930605872632985,0.19011858031008494,0.03757903940601283,0.17073023907510196,-0.12093635672376912,0.22596402063650411,0.1538863398470623,0.2115995914162955,0.20059224591435262,-0.1115813928999787,-0.0170630694942169,-0.03634661282960953,0.12475953429776909,0.02133431036338104,-0.05372990626991802,0.01532174566944171,0.06676766721791305,0.09502117861826369,0.018277193825149262,-0.04533068032587264,0.04379199107840927,-0.0017882185812436004,0.18754778280264145,0.07923757645041464,0.10266165877655704,-0.061990051139848304,0.05293830231582914,0.19819516032789075,0.17588986773307239,-0.03041167798603545,0.044535546523495555,0.15219941157272865,0.14410457014605493,0.07348866194898213,-0.20373331749620857,0.07973532724307135,0.260009887038289,0.18936423051976672,-0.002804427901086684,0.023607877805803285,-0.018781062012790183,0.04577467543431451,0.10492339958859764,-0.13268390099366248,-0.11906503201161686,0.10256078759677237,0.0018859176125373505,1.0,-0.0325693759329175,0.07336385428602248,-0.03371965868030111,-0.0038200635644493864,0.0023270730108719303,-0.010160725108236075,0.06283616077729391,0.0016029040410724998,-0.14396160552743914,0.12130423551989941,0.029677563481742508,-0.04535596298121247,0.11261389088606154,-0.04272289500250476,0.03419536595768298,-0.1005468307914423,-0.035454153471170854,0.08833186470153033,-0.010658502910742305,-0.002263866473410365,0.0019962798989354154,0.08056473763431937,0.18769447880670248,0.22929399833407785,0.16396448057589072,0.3514017147494062,0.34124324374953724,0.024510250395018484,-0.03423275812956626,-0.02333760937143123,0.22852739156344645,0.15217872609840677,0.020787687804231576,0.03913954877909714,0.21545742965154563,0.19475055461036625,-0.0588372301568401,0.07618629691663047,0.013194250510824955,-0.0009795577508741416,0.09828073612282189,0.2492723232784384
HateCrimeRate_df3,0.10853049584951198,-0.05458401840482538,-0.598250532960956,-0.01753816317237253,-0.4526031987813926,-0.4891579480269924,0.29654509267427387,0.05403597499984804,-0.3394359881103105,0.5375876145839661,-0.2078659393088206,-0.027581405281805315,-0.15223873459920043,-0.25860144691248926,-0.27913680130827,-0.457835918130993,-0.0343746703937199,0.2647812653414785,0.1974519210351501,0.1327384367557943,-0.04596289777593213,0.19072600151817082,-0.15911879871920193,0.4711884292927285,-0.3751109455954496,-0.18282107642028445,0.31219638041562064,0.49230382513648757,0.13996435552323797,0.2103222894895959,0.08087826103948019,0.10131929167882071,-0.03567155270292247,-0.04386485835311589,-0.03933714789162836,-0.03443317720151146,-0.27960380575621596,0.19182158256198842,0.09083729604944177,-0.45350867596346234,-0.2982055879336857,-0.1768467223534391,-0.4387059027040442,-0.48409254522238754,0.15050052023010244,-0.20938922059910436,-0.26875331215503456,-0.16922158634938506,-0.340852397482421,-0.0031738515672839057,0.12999559581865822,-0.24919193049888375,-0.19500542750405894,0.25263544087711587,0.1929700667196525,-0.1133905190758707,0.3192509410773886,0.19632961522338313,-0.5677686069743672,0.5999505992273809,-0.0325693759329175,1.0,0.11207589021199947,0.626974730216593,0.5732187146586418,0.10606705687238001,-0.08882100446635542,0.17208834248378319,0.4798998441749709,0.6006742588391102,0.06163030829204704,-0.04921329432441151,0.5490819581144424,-0.022008007405454187,0.553527216694015,-0.22042748329075887,0.5393871062848307,0.13831331248161188,-0.14973900975428223,0.7073742579282668,-0.05656760769012206,0.498003192612908,-0.12232552799506906,0.17665012498472277,-0.0332793452257017,-0.04933889276284883,-0.019841222790645374,0.023726344623923028,0.32596113413637645,0.42860125250667636,0.4470673249331638,0.11507138039279076,-0.06694677420915868,0.1269673822502788,0.36825813757710313,0.21653895591978073,-0.1559398573769889,0.1966031562698256,-0.19113043348116887,0.06271473460306319,0.3230809179567463,-0.06493361654471845,-0.025346368814966696
HomicideRate_df4,-0.18329495677418142,0.193194569914926,0.04155266736978236,-0.5267916870553937,0.2615995320056431,-0.2509682218117615,-0.2226648836650452,0.11866960604515123,0.45555341172925784,0.417434756211025,0.5301252937274971,-0.09342492584533194,-0.3250438545516992,-0.5997906442028492,-0.16906515862857172,0.0850205050724191,-0.4512211236013928,0.016287629027896686,-0.0803810226271975,0.25410671773335,-0.10528695542876217,-0.17223466379175376,0.5161104412356613,-0.4313405406826714,0.37097263791519236,-0.006168413277561787,-0.6011150528009055,-0.020821323058703704,-0.6459689519743759,-0.44531753780072936,-0.3794795885734375,0.10414431842380917,0.16777667447713004,0.09072434599596264,-0.5209343924283135,-0.48985962805558086,0.41254359289265796,0.5180514327021826,0.500426496744376,0.2900003672984259,0.3445448734129895,0.33793573319869996,0.3828533793014672,0.1703472170495401,0.09281469212111447,0.439622411595237,0.38510734821510645,0.12065188532844053,0.4139657180895428,-0.0758057718696797,0.10791028054311355,0.2647962250710035,0.6239620268336737,0.38048446027315624,0.3868694339930417,0.5322714248628727,0.511919715098234,0.11867581461859761,-0.13479714829099035,0.5240298773639415,0.07336385428602248,0.11207589021199947,1.0,0.4393703536664541,0.47544000158012795,0.28582353852535286,0.7985537618144587,0.6535080381972703,0.36087690315389537,0.1686868836278748,-0.4296254269128833,-0.043164145514979824,0.1763493510291587,-0.11904137088690575,0.09471086565916949,0.6619441029928734,-0.045404426684910786,0.5754917265194631,-0.24847621982767765,0.10910407164611027,0.01351826116606815,0.04350044721867644,-0.05628028971593192,0.04867799074451065,-0.08179898403220197,0.21134616653729316,0.02936865248462501,-0.0032716366046730435,0.2668819302013251,0.04237884383683453,0.01173997528680067,0.02873358399223192,0.08858448111289711,0.05320041005814839,-0.05051434956593903,-0.0918154326285616,-0.19760569032532774,0.12190850287344426,0.3767790236649562,0.21184065325035106,0.30673267333238385,0.1600273007747576,-0.26992092173415544
MentalHealthApprehensionRate_df25,-0.03492824004437029,0.3237767086637912,-0.5160647778246379,-0.5071561446397814,-0.20375109852398487,-0.6809376867646548,-0.10262840449048781,0.13351751137466128,0.06251069572451029,0.6641926023650591,0.15491648438981434,-0.04463003113059579,-0.3756135988494781,-0.6316403373745277,-0.46014189277309303,-0.45906899165005044,-0.32733414186209425,0.17166568769277626,0.14963187263529326,0.40598079501813,-0.10633688953730175,0.07048358353576713,0.17483556157392038,0.1679822453762359,-0.04313746472202712,-0.3628670043610655,-0.1385289904994409,0.45027826505172747,-0.31473773404487,-0.07228834035307352,-0.1187052353599544,0.11840277069262575,0.08033308914742499,0.03051202147619982,-0.43235003452136345,-0.35851407332014995,-0.10505232810365008,0.5068522540479096,0.4893740037237255,-0.28230131099525685,-0.05532515477570768,0.08610087152519187,-0.18666245846078325,-0.3916133061992721,0.20708325002774872,-0.0013379548622998291,-0.05733560012583164,-0.06743809442498751,-0.11093154313737051,-0.06601946231830556,0.2770935620255944,-0.20383012197531658,0.3026526349261265,0.6736887160523701,0.6598390707421906,0.3372765606090125,0.5633287460357466,0.05165617697740262,-0.589130125710401,0.7583201304425848,-0.03371965868030111,0.626974730216593,0.4393703536664541,1.0,0.868384155128327,0.3197433154582707,0.22107472937892306,0.49344354099698334,0.632143238756605,0.5767982543695653,-0.27106316780847006,-0.172711242879462,0.43935460862084647,-0.08657457952841066,0.3916849049401134,0.26194359915307447,0.355665785295613,0.3681089130643777,-0.35619591783717364,0.5967120943986602,-0.02982637852371369,0.5115282815145501,-0.22473778778606637,0.3026053968404038,-0.18313788484414725,0.15953509850832395,0.07267550632727839,0.07338042727168127,0.3609618020092348,0.36092160005746965,0.5013665902113383,0.25484831283333315,0.023408005322230446,0.07103659000999356,0.1977789176819281,0.08616683349397881,-0.2558058597161108,0.09276788432170002,0.13930511715920746,0.28625374166816725,0.5109725093851236,-0.06055945560622334,-0.23086024479931383
PoliceCallsAttendedRate_df36,-0.03903163058175345,0.27473386304018266,-0.5408121087274931,-0.43510972530384545,-0.228317833607046,-0.6562074235346959,0.021862747799387308,0.16520358550883948,0.009512974309866085,0.7858669751010459,0.12497389792726994,0.06493174741969616,-0.43527230039582654,-0.6450251337544054,-0.4578110894650587,-0.4790339690721565,-0.3320202421075442,0.33038935223782295,0.1439937440296494,0.4113099801679021,-0.15076556232803429,0.06719056043636626,0.15725218327313198,0.15383311875650657,-0.08331612021831715,-0.3773519922252792,-0.12160391298191021,0.4913472165817689,-0.3260368459081589,-0.11070338416711328,-0.026654110793765055,0.09970506672313297,0.11524702810677741,0.12388871761707974,-0.4339031192028418,-0.3689716457222468,-0.06801612301632882,0.5488115088672066,0.46319033023877504,-0.30696892588076213,-0.05550489819233576,0.06535816339488844,-0.195053522078816,-0.4162461116697495,0.19725450571151476,-0.046687015812578704,-0.015085205226800279,-0.05191673286286328,-0.028304812045545046,-0.047906853461386886,0.2673018133737732,-0.22435769867864408,0.27226573279378885,0.6295759429944464,0.5812068130150183,0.2830616584803581,0.618741847128715,0.07381849274970032,-0.6484226756561976,0.8432017656380242,-0.0038200635644493864,0.5732187146586418,0.47544000158012795,0.868384155128327,1.0,0.4693386551845472,0.2630342988693925,0.46887757588353085,0.6921508460190171,0.7159949216165687,-0.2632718736515562,-0.21349383898206512,0.6055948605801804,-0.10496198973521523,0.5893096543000503,0.2196323637608407,0.3263196314497522,0.2811430185379214,-0.3767819681450565,0.5022756783599457,0.018227315844000353,0.5019606747255827,-0.2146289980167721,0.2663525261518479,-0.16609037629070597,0.20380526308008828,0.054308831390769294,0.03108299855204556,0.35034878508707984,0.48574728053247646,0.5257561911461701,0.2734676338176013,0.04511901512583155,-0.022908639903354913,0.09966738438247945,0.08214936282127293,-0.30977892006512614,0.29847903965728245,0.10680050383760922,0.2794112209893025,0.5519446419243537,-0.11721598144660328,-0.2662515730369908
PoliceTicketRate_df37,-0.012596051941582618,0.04788702915637728,-0.12518343243261873,-0.025511425524547226,0.04970720408962534,-0.1160093159272661,0.03185785648163437,-0.024362768869196475,-0.011594137295956933,0.3849941813341192,-0.0133486726199264,0.039502297459555254,-0.03762140314041828,-0.16697183321239117,-0.04857677180466687,-0.14615074173185624,0.0195134614396768,0.05376959106990684,0.11615833697119672,0.040096695389749304,0.04471346376673515,0.08227488335745314,-0.07250639423412603,0.0598433974179419,-0.1189407734416912,-0.18580152180758477,0.039143552866448855,0.08388867993087458,-0.030245461556896298,0.14401821311324586,0.036568846314803165,0.03608310337944937,0.20043760691637916,0.2907980336376968,-0.017050725743810148,-0.038880261808098344,-0.09820479131739733,0.21139275472857388,0.22531614933527552,-0.05144700009342378,0.08309346753842774,0.006361587746158098,-0.048118092870893865,-0.09523957559669606,0.08391949906407906,-0.020553696033277814,-0.08267899512555356,-0.04260211064013491,0.16371323565655282,-0.0799952307369702,0.025102673564203617,0.045629652239551635,0.058829654210205244,0.1565480814894011,0.17971848875558225,0.050501962562137605,0.20273693424936023,0.19294079007753567,-0.11950691782678087,0.41485189244046905,0.0023270730108719303,0.10606705687238001,0.28582353852535286,0.3197433154582707,0.4693386551845472,1.0,0.1751689529792989,0.10606639264454785,0.3399825982206494,0.2316822746411552,0.012623144156981675,-0.025143455397129817,0.35929993295805107,-0.14072640636682587,0.3503849233604779,-0.027792915779866697,0.001787089726973376,0.047692752517203646,-0.0963989218833869,0.15524876784968442,0.3423801866713884,0.20005977914873632,-0.1436387289997585,0.2763628042487235,0.2891251889142782,0.07975668187146558,0.06211393330937294,0.15477612949400546,0.2280021541641927,0.24473535450063272,0.33312828712415843,0.24453061089938094,0.1458399510701554,-0.0067344967585941514,0.11486856132524924,0.005623190791762109,-0.10981250177589909,0.30900839594208235,0.006297289251265237,0.19466887126065544,0.55788890205011,0.10963633942310477,0.13972954109048757
ShootingsFirearmDisargeRate_df38,-0.36966218983766075,-0.03571144289050699,0.14969919633893783,-0.48620833730627655,0.4472753001852948,-0.16482812625973892,-0.19338818734674335,0.17535316470627918,0.5923606437351844,0.3059548805164304,0.6326235220429244,-0.015483310889524194,-0.20596009697076578,-0.5887001466514178,-0.0909207941559349,0.3160625573518171,-0.4078623883417084,-0.0347500653513143,-0.24388423680036084,-0.006590042264404432,-0.20125332645046157,-0.33425176833984666,0.6131361105623024,-0.580752983019872,0.4810488960625622,0.0672535218833059,-0.7108305929853652,-0.27348148319052584,-0.705586632467025,-0.43297754257660953,-0.49137878988868594,0.0845815467301844,0.1529342099481667,0.16871831309418006,-0.4035993060315919,-0.4854552303110903,0.542423991040635,0.21826807609013787,0.3684960045291007,0.44260128750211,0.3570900927205209,0.3018573844188097,0.5369582612177238,0.35581870114584685,-0.13699917173757648,0.480833444127111,0.44388340024066636,0.30060884605642463,0.5352230046083903,-0.2227309653752435,-0.0798907603022533,0.4040802268066431,0.596950738883713,0.18004098995688797,0.16306839810270438,0.3932823667079161,0.40794465682836206,0.17663607747544374,0.10776336900912786,0.41095898837812944,-0.010160725108236075,-0.08882100446635542,0.7985537618144587,0.22107472937892306,0.2630342988693925,0.1751689529792989,1.0,0.5595308846639817,0.22396195024799198,0.07026804005574185,-0.43068690569813955,0.029275409276875695,0.12815166696681923,-0.18073757135075214,0.07481611425320242,0.7527064291593795,-0.119155430918852,0.625170841702052,-0.253247029129613,-0.04528138094188316,0.08233028572367736,-0.13306382843769884,0.02754079904840026,-0.016594390007889617,-0.004174602978767144,0.1690460009013056,0.00727116459393798,-0.007132744915913125,0.17107353417893206,-0.037566359956222574,-0.06112544326369015,-0.01997338106836392,0.1027236929655615,0.0771559200142602,-0.029499745201795633,-0.10618378687053524,-0.060910506824152666,0.11412148615601893,0.4198053276283767,0.12841141094335567,0.15992828209703872,0.21757720444513276,-0.14590012554039442
SocialHousingUnitRate_df39,0.001732109963891885,0.2014133536338932,-0.08349816376022554,-0.5188383536832417,0.07706661291638174,-0.38428893727468827,-0.2199492865486032,0.13559389381225706,0.2933298399900458,0.2475370974501014,0.38306441625334553,-0.07116664285929868,-0.32354255151613914,-0.6274267999651683,-0.3743246071939341,-0.20150056886233414,-0.46838395261044113,0.1067773203665927,0.03197793799218387,0.41636137878032153,-0.0842804829006882,-0.062375969259674625,0.403544261462907,-0.1899194440415333,0.2175249954445396,-0.13138195126000232,-0.43726590540328053,0.18645690867104114,-0.5122828609663104,-0.25582849318525297,-0.24319554012537395,-0.02040088256481708,0.09964226195833174,-0.06245257938603703,-0.4783938582679677,-0.4071858077979871,0.24957377740695275,0.5313821984208467,0.5675802360149267,0.10505668317042322,0.1940416850273523,0.329025179377427,0.15424951625215458,-0.018018559854922202,0.2050774401223699,0.40850942818777897,0.25472567268598345,0.024045564944776006,0.17504091802379945,-0.1208059577303569,0.21289970014222614,0.13232798349396438,0.5191456070516063,0.5087605523560746,0.5564535013516158,0.5827781669084233,0.5267490703139148,0.08808286234558511,-0.2854812273402636,0.39107088666192996,0.06283616077729391,0.17208834248378319,0.6535080381972703,0.49344354099698334,0.46887757588353085,0.10606639264454785,0.5595308846639817,1.0,0.2578463253269769,0.1880170420064202,-0.3787523415337853,-0.12385250772561944,-0.012982926194540187,-0.1554864649444642,9.17721128717221e-05,0.5842631150684873,-0.09508858115889318,0.3930276580457625,-0.2861096223152045,0.08941690693515172,-0.08580765702141921,0.006332270711920042,-0.15347354350852252,0.1770222880388027,-0.2847316627869229,0.1881318086239258,0.015102203400592946,0.02259710144681095,0.10516836205150151,-0.053648439514991826,0.07818376344822216,0.10958968196566896,0.08492198168164179,0.03295866684987132,-0.0873881101923547,0.030792809698488192,-0.20473109616420088,-0.025558112869270143,0.28203627908697687,0.31116489214412113,0.13625228294905042,0.043067510282586964,-0.3262879052146199
TheftFromMotorVehicleRate_df40,-0.0545828467803656,0.11676546799535797,-0.3421643203247951,-0.17479681508878728,-0.03505714843488377,-0.32172934601505887,-0.08645543300617305,-0.015702082762847635,0.007885590422395217,0.778257310313846,-0.02543190266388923,0.023090774706242188,-0.16750614861807644,-0.38848453684116635,-0.15106805169659349,-0.1648470994296375,-0.16640963607088394,0.15837316789711764,0.04295716716288528,0.22298626597479773,-0.09283004532248981,0.0012236603275583193,0.16872786253412816,0.04486093328010312,-0.06681449992882699,-0.14837861728316232,-0.0724078969732611,0.23527631209928765,-0.13105642548667992,-0.09778660974911359,0.053135701672199484,0.16065962327943226,0.1798665508728995,0.33357101403161526,-0.23817800954910648,-0.2540972698377273,-0.07932438854134684,0.26788908055438226,0.34185286861339154,-0.09398371751272948,-0.047999476382225285,0.11336223809572862,-0.030596783058451378,-0.15753453883188767,0.059589634533543004,-0.05371103330720658,-0.07264621438418323,0.01664239726661141,-0.02418437143604221,-0.1868129701023057,0.06644667782913648,-0.08159816608056215,0.13832160056690246,0.2862472198320405,0.2620983284777281,0.1855338742303287,0.34674738584986453,0.09387860960349531,-0.3819997775317604,0.7930973049380701,0.0016029040410724998,0.4798998441749709,0.36087690315389537,0.632143238756605,0.6921508460190171,0.3399825982206494,0.22396195024799198,0.2578463253269769,1.0,0.49983916417699803,-0.15124566053960373,0.011967707728669218,0.6097167856704023,0.05133207006008189,0.437365980795595,0.06941171560255084,0.3168252575511644,0.2195283004184011,-0.1259878983780116,0.5163507828871033,0.030709936902100336,0.40523236529140755,-0.05374520438784159,0.1316421451286567,0.12342469784621084,0.18057633399725637,0.10104122795527076,0.02883323079673624,0.46218229242160075,0.4315988411284732,0.3010214193934884,0.18620140449140785,0.07095382318534249,0.19158204409297167,0.31824335449607144,0.10990939019559451,-0.13005435935784415,0.14997501459109117,0.05517096875581987,0.22800865747665225,0.5109017978036914,-0.07482887377272326,-0.043469027008740016
City Grants Funding $Rate_df41,-0.12407048659120261,0.004257873789212692,-0.5927713605394109,-0.22758993956004844,-0.31618648714146413,-0.5516607847752392,0.3654707095406485,0.2031055452117504,-0.10587011182315333,0.5541093865094496,-0.05099966743022707,0.1720311269675514,-0.28875297324554344,-0.46792439369288785,-0.4014874283476587,-0.41383082954912004,-0.20514860142760397,0.4000502458260839,-0.0007849356539829374,0.16483463035093535,-0.26652338172980183,-0.03328244053159038,0.049176847221721644,0.29629716811212276,-0.20470530218676286,-0.23964929332120005,0.08968802215301369,0.430367436462295,-0.03085171788715936,-0.044971003069771344,0.03148371777789939,-0.022013036719940413,-0.030112593414428013,0.008554319653129026,-0.18358652374229836,-0.26853057599940183,-0.17513839012139645,0.20650519696110026,0.12369562039078384,-0.3949303159091224,-0.3155176998067285,-0.2173752331019031,-0.2772038680470823,-0.4351937566183839,-0.0696453593856273,-0.2966444700994072,-0.182446182113082,0.06515174286953006,-0.20073534407631233,-0.17730409784667175,0.17854315643814705,-0.31676522458995965,-0.07261435100310135,0.26438625288073686,0.2014441838791624,-0.0885792315457213,0.36799523265475514,0.028573770667884392,-0.656294336823812,0.6029644975671917,-0.14396160552743914,0.6006742588391102,0.1686868836278748,0.5767982543695653,0.7159949216165687,0.2316822746411552,0.07026804005574185,0.1880170420064202,0.49983916417699803,1.0,-0.07730743786359005,-0.12049646012790267,0.6098877165375031,-0.09484994438856521,0.8060553375461006,-0.04091821775154556,0.38923768686907273,0.11439839909657583,-0.25420929861232333,0.5607957697331919,0.02716514934535873,0.4509162771229302,-0.23384635974391918,0.13812456306803986,-0.2083667891130153,0.07481120844506575,0.0004561195224452018,-0.09659285726490502,0.09514927767676101,0.5083910875981512,0.6778879061505085,0.14705090845803823,-0.03395722528625225,-0.051907307795241255,0.0653672854284203,-0.00587510079857567,-0.25163246811369894,0.46445871230551017,-0.11446555896356932,0.18118102520930676,0.38998708599871584,-0.1581042725074013,-0.2505549602412472
Salvation Army DonorsRate_df41,0.4163988761226108,-0.0511463604514174,0.04245050303066096,0.797656496166341,-0.2778028278551519,0.33829129694361043,0.2702413568570568,-0.4861110069376664,-0.6779313315203037,-0.26504103414968966,-0.3632971336660911,-0.23364365564756215,0.5606634184740246,0.5997767873468889,0.3653460545233574,-0.08730100883791579,0.6936222106641853,-0.11145638638478868,0.4252760253367438,-0.1309416324605997,0.4694407026153168,0.4801742688505035,-0.5417483269999435,0.48912625241998947,-0.5161344801802908,0.26852677207981135,0.6521054075750762,-0.08367026467597977,0.7337090036959117,0.6671645214233025,0.3653424120446001,-0.059652034302271895,-0.029846135538826608,-0.11738099578677182,0.6469712413039421,0.7160759667792729,-0.3939619537871261,-0.36115144753116285,-0.3401326416072024,-0.11199676927829512,-0.004081966186043656,-0.10366950139793633,-0.38531981791228864,-0.012547637385510239,0.09260452784990555,-0.10259799949479428,-0.48171842785362906,-0.3324450967554091,0.01547691008942445,0.3365333719255369,-0.06293584872059012,0.09243250939119561,-0.44760575823334486,-0.3662184304075593,-0.3291828102628728,-0.3087707349826252,-0.43142451841843477,0.03705559895169725,0.18559479102125717,-0.2594295397216173,0.12130423551989941,0.06163030829204704,-0.4296254269128833,-0.27106316780847006,-0.2632718736515562,0.012623144156981675,-0.43068690569813955,-0.3787523415337853,-0.15124566053960373,-0.07730743786359005,1.0,0.3597741584581544,-0.04930976388334227,0.3201072344015622,0.06579819259385465,-0.5791718690530712,0.09471568744259415,-0.4522816886180612,0.24635346692886853,-0.037175356207360434,0.07865967043031011,-0.052427814650050183,0.007270040610596853,0.04879133565834751,0.465073161639288,-0.08475846579644498,0.1756982652827765,0.41337875018735526,-0.13176166231342562,0.022314716672687876,0.03476187344755171,0.14604229227268026,0.13875259065560214,0.1192498484819473,0.2423408068683924,0.14352874830702228,0.3491570042896553,-0.021424616716124636,-0.28030492654180966,-0.19233843907033352,-0.14829461326572643,0.21687334509633766,0.5930521503740861
Watermain BreaksRate_df41,-0.09656404611089142,-0.125733873625566,0.06723035757015607,0.1947665619405104,0.0916385045784251,0.19403335909605202,0.16042522886045468,-0.27287347044631927,-0.019031816296967492,-0.11992241501502555,-0.03525045536829627,-0.17415449913080167,0.41676029177449103,0.18512924080349538,0.2726371307496279,0.16483102335362465,0.19877623024995109,-0.1063354250540741,-0.13408629362149316,-0.2191261930422999,0.08931437796956802,-0.049929061757124416,-0.07387615264751027,-0.1116223522894243,-0.02837992732320354,0.1910526623046766,0.04954104180283587,-0.4154705398393261,0.21189461379269195,0.1699138086979457,-0.039957197280015413,0.08027624896690959,0.07200088554800886,0.0896239424624795,0.1764373397310539,0.11164802691732416,-0.13907390323188606,-0.21080691955903763,0.04098884758273017,0.2622017386494096,0.027484445258555375,0.15159285609691991,0.08836922070845643,0.33458770057944437,-0.16590675083418263,0.2952077914611199,-0.19023973162733782,0.06551549960316759,0.17872459129461926,0.07470001615354643,-0.2793970872467605,0.4360340786455691,-0.03139635114823797,-0.30738577978946063,-0.23159727996386098,0.03663421635381501,-0.2302724236549139,-0.006395719689127573,0.3989012853210399,-0.08284268826787822,0.029677563481742508,-0.04921329432441151,-0.043164145514979824,-0.172711242879462,-0.21349383898206512,-0.025143455397129817,0.029275409276875695,-0.12385250772561944,0.011967707728669218,-0.12049646012790267,0.3597741584581544,1.0,-0.07275342153870464,0.18681716799338824,0.001992410596639999,-0.14444362693955326,-0.10637536813240828,-0.11958510699435149,0.13310535154782796,-0.14186880403205074,0.17313635401246813,-0.19325241358907955,0.176438069288322,-0.053345215930943185,0.547197103468246,-0.14878081367572712,0.07703745653661193,0.34242784271790766,0.05740524422692396,-0.07100094121933506,-0.10055750073765901,0.017576871866332725,0.1663310960300499,0.0965382863278888,0.26901560477382436,0.18376624981081158,0.4670927216187258,0.08040340294672305,-0.031106101837951206,-0.07937055448787689,0.008484540349478575,0.3912158351117824,0.5541833528921825
BusinessesRate_df45,-0.10110049748041984,-0.058658910434542785,-0.5399219704828984,-0.1568393111869852,-0.2959016037161975,-0.4985534370364722,0.19158912655086935,0.2250275779079457,-0.12085527766183779,0.7037568769117729,-0.08407520919846898,0.10134467758792597,-0.1325733242257959,-0.2641516012892436,-0.19648595309941358,-0.22728854564529713,-0.13177986472873893,0.2921237509734752,-0.05298727084430715,-0.04850347180773944,-0.23699111015298313,-0.05184608584601841,0.015753881676304066,0.2100328628728612,-0.15761560202045777,-0.2503981210414885,0.11303859089440405,0.34987018193688757,0.032557077154658554,0.01543378731052362,0.10120319374576003,0.2315350804064108,0.1476292723873127,0.3662899114694516,-0.0341470650286528,-0.14528304203248907,-0.1037440931967032,0.04368533038684082,0.0780957163747245,-0.2647394379491453,-0.27226637480783983,-0.2008151372185498,-0.1790104131252752,-0.2915980384669327,-0.10733793394874663,-0.24007136156719155,-0.12842368800230847,0.06401633933178077,-0.16161024155802198,-0.23340586147163062,-0.08262817639759965,-0.16389916321816658,-0.15828977841555741,0.1094544918109487,0.05430938417093353,-0.17914100661512375,0.24643545400001649,0.2530058598070885,-0.3777352965003548,0.7239134269355447,-0.04535596298121247,0.5490819581144424,0.1763493510291587,0.43935460862084647,0.6055948605801804,0.35929993295805107,0.12815166696681923,-0.012982926194540187,0.6097167856704023,0.6098877165375031,-0.04930976388334227,-0.07275342153870464,1.0,-0.042280326012953916,0.8092303299661951,-0.1122014256364508,0.6013364773394249,0.05511726357136423,-0.061627772401303134,0.5458208370019018,0.015774483214969954,0.4580128119902471,-0.021909797571562854,0.12361675349237036,0.12607822228462592,0.06281213497006302,-0.004835856482599434,-0.03252050182346838,0.5277354433568116,0.7618464386319744,0.41469841534478535,0.16613800386653851,0.013746716467104314,-0.005577956626365762,0.21431278236423174,0.29515704622824,-0.1561923060062156,0.600893118170377,-0.13530662119754922,0.06875698760013865,0.5365101911313294,-0.11530409282320116,-0.019629856441910346
Child Care SpaceRate_df45,0.3802475135713491,0.08137141708572322,0.09475687939256443,0.4360082100653431,-0.13657476898863194,0.22636162505633187,0.07701355430462957,-0.43497803984821476,-0.3518133078785246,-0.08541509120417197,-0.19474331179362614,-0.2840456974306282,0.21649648596684207,0.36284887017208667,0.32343212620743067,0.015252564229645924,0.33687358492410135,-0.19540167421601715,0.31102396947168665,0.09504465156670272,0.42091233084066887,0.386596201864157,-0.26273333905199947,0.16270350467615452,-0.23763221690690764,0.2950596557036618,0.302319646943175,0.05324807045048165,0.349936747617567,0.2163037552678723,0.23223527995495474,-0.02711038292102084,-0.07534236666415889,-0.11909379280050818,0.2275862826382913,0.42883963494446964,-0.18001590988761332,-0.10548664726186845,-0.16439698790694618,-0.04805893293507769,0.15844350346460206,0.043222338079848634,-0.19458091460613167,-0.010048505209228798,0.19704439013680483,-0.0037427720709245246,-0.2012444859624336,-0.3930830585796807,-0.053131202643121954,0.30190003683713657,0.04995879877672574,0.05545006024912278,-0.11855514182312103,-0.08479517423232119,-0.010655145273889154,-0.12322006464731249,-0.25379774214128187,0.0004458821995383194,-0.029270473410694803,-0.13509531321422413,0.11261389088606154,-0.022008007405454187,-0.11904137088690575,-0.08657457952841066,-0.10496198973521523,-0.14072640636682587,-0.18073757135075214,-0.1554864649444642,0.05133207006008189,-0.09484994438856521,0.3201072344015622,0.18681716799338824,-0.042280326012953916,1.0,-0.1591063548162966,-0.20959388100621515,0.08351975677466805,-0.12547944825023202,0.3198445161564842,-0.012281002584098703,-0.19220340977393557,0.25841398673289273,-0.017903568219466027,0.06091668020590245,0.21851703978881498,0.1599681117689667,0.1099692451135451,0.07670512627562451,0.09949303242697949,0.1361461273130002,-0.13422386211062073,0.08584858130167068,0.0920441770696943,0.23576223111878122,0.1443258319712843,0.13034884512447933,0.20473168411417883,-0.15182106346310092,-0.15172947797486724,-0.05601489854317846,-0.1270488792394885,-0.028938264151071095,0.22721995697626224
EmployedRate_df45,-0.1822137148494055,-0.12490835044221128,-0.514897898833398,-0.1829150013175185,-0.2443179786458152,-0.47170632362605114,0.38655451040754113,0.3024890766767469,-0.04509015380930841,0.5823647705118713,-0.09229494511496047,0.1567203683527518,-0.12968546674854659,-0.27497672644342763,-0.24722276159590315,-0.25262758738926544,-0.07107255547688794,0.39502564013723873,-0.1268399867785131,-0.11205788010523932,-0.35659801249762957,-0.15219515820599333,-0.01384925930251973,0.2614172515221571,-0.16970680537041433,-0.21842185612657378,0.1334316317947765,0.2515656140778743,0.07553783111467449,0.046265427060206636,0.0524191873355328,0.13018067330663774,0.06918436298486298,0.2846360425587095,0.008884034498099373,-0.1926338250529969,-0.12957834937454005,0.007510559571020554,-0.017850247741579027,-0.29391276290465007,-0.3935688936296331,-0.2881562931277382,-0.1976478515008686,-0.30066699200292357,-0.2580319431194218,-0.28186696504014047,-0.17703137677867947,0.19875813442830306,-0.15685956534032866,-0.2683744385531049,-0.20155408219400983,-0.19393033606256688,-0.21274700199044788,0.0018433981501555334,-0.054556388164392136,-0.24245530301129112,0.2155782507971523,0.12782998047701286,-0.3736152307473485,0.6232099580497513,-0.04272289500250476,0.553527216694015,0.09471086565916949,0.3916849049401134,0.5893096543000503,0.3503849233604779,0.07481611425320242,9.17721128717221e-05,0.437365980795595,0.8060553375461006,0.06579819259385465,0.001992410596639999,0.8092303299661951,-0.1591063548162966,1.0,-0.15404915136045386,0.45441967196799543,-0.015007486346726953,-0.15727078436400604,0.4735586632240069,0.11616329466865813,0.3071026495894518,-0.06868223393821551,0.10436546537690429,0.10510140738690693,-3.9716654394252135e-05,-0.015837468913979455,0.004048873033669188,0.18026743329425413,0.5347740675430259,0.5889096119463602,0.1155465595451537,-0.0036544340662769373,-0.05790220009653861,0.192822442963892,0.1529388994112309,-0.09852013349657815,0.732473284696063,-0.11772965885360659,0.07602651017421301,0.44960667576565283,-0.03173109326984114,0.026346465566114315
Social Assistance RecipientsRate_df45,-0.3743753958667002,0.22075447880257698,0.3235482548068736,-0.6321642756612705,0.5047713389437394,-0.08679826886491476,-0.33293030306850135,0.28138678179524157,0.6656300560049103,0.1759700680603838,0.773667761978923,-0.055529870796806886,-0.3763592806033813,-0.6324618454351107,-0.24999634073666854,0.3046684076774986,-0.6017167643748821,-0.1943182984560979,-0.28572127477239634,0.22995466357358493,-0.28621215268007216,-0.3972364194435298,0.7769193033147982,-0.6798334443961526,0.6645599976778395,-0.004443935355693097,-0.8929079734632969,-0.24690054444916376,-0.873966538701989,-0.5950887816758546,-0.5509321744047195,0.10830911897866932,0.11767997101814372,0.04337775020989666,-0.668958352864343,-0.6572161163689961,0.6583508272677407,0.37249729475076326,0.42491661258808866,0.4640002833178108,0.3226213851740154,0.4481562751059131,0.6090770550947651,0.3497125459704537,-0.03769943035477255,0.5096907285725237,0.6167115162142477,0.3665165702595599,0.35608242749691765,-0.1780518850744886,0.12411232889985929,0.26697919066552167,0.7797363760867444,0.38859363815556036,0.3734141347085246,0.6168621391458764,0.379737201603598,-0.035351586706303985,0.10525309626904843,0.2785191553304659,0.03419536595768298,-0.22042748329075887,0.6619441029928734,0.26194359915307447,0.2196323637608407,-0.027792915779866697,0.7527064291593795,0.5842631150684873,0.06941171560255084,-0.04091821775154556,-0.5791718690530712,-0.14444362693955326,-0.1122014256364508,-0.20959388100621515,-0.15404915136045386,1.0,-0.24100117030092333,0.674092666462768,-0.3053026408860432,-0.14761647991947044,-0.12129370819279123,-0.22457865933135493,0.12383097307515906,-0.09859076724586154,-0.27061836670956485,0.14795075248720246,-0.02876621525438207,-0.1328123790570565,0.04687198797420313,-0.1925614896503422,-0.2071664894537097,-0.08732368115467577,-0.005446171988454874,0.014488611163915149,-0.2198903239753602,-0.17019689918377037,-0.15908456862372072,-0.06351780662153743,0.6638244626888663,0.20915662576097868,0.07239182282820406,0.0718381560226387,-0.39054669713145385
Health ProvidersRate_df48,-0.009107344426505615,-0.1576362301689805,-0.49701956218134796,-0.016764452520230837,-0.4099113950327559,-0.4452856103704261,0.2419824929076765,0.2057827117626978,-0.23605108297445643,0.3757650235585462,-0.22236424034277916,-0.018970532166579835,0.0342259464459991,-0.09285765499709685,-0.217431783217857,-0.2941170264728798,-0.041487749345726556,0.17002373166470883,0.06762802765400502,-0.1074863909632403,-0.1309379559992802,0.05961557470392522,-0.12464813607135654,0.4220374500731745,-0.26988250122655677,-0.18884679083339997,0.32219106045062185,0.40268431526552323,0.1962368463255401,0.2311080399674594,0.13973061764837014,0.03597711234706589,0.015054197272467826,0.04639115652893734,0.13601624429881506,0.05365735611095931,-0.2377789937063678,-0.12735251281226376,-0.07141305287334006,-0.3321783887524233,-0.3493938096665118,-0.2608129482472712,-0.3170204001192379,-0.3305442849250827,-0.0387668685395348,-0.27311774601184763,-0.2766425982306855,-0.022623623331066992,-0.3770457174676667,-0.13514994444270736,-0.03089372894016823,-0.17952713508396534,-0.3058127771944584,0.03846919029146783,0.015662275430027336,-0.2680180175988181,0.08894368637623565,0.29376562264567524,-0.35535409746184554,0.3793903542583113,-0.1005468307914423,0.5393871062848307,-0.045404426684910786,0.355665785295613,0.3263196314497522,0.001787089726973376,-0.119155430918852,-0.09508858115889318,0.3168252575511644,0.38923768686907273,0.09471568744259415,-0.10637536813240828,0.6013364773394249,0.08351975677466805,0.45441967196799543,-0.24100117030092333,1.0,-0.030321979067777526,-0.031190411887717793,0.5714806513150567,-0.1578228193272526,0.44457810115054525,-0.0243380918731919,0.09461277966543637,-0.036882438781834705,-0.01975147912368154,-0.09899937733362882,-0.06152594282042002,0.31373393928552024,0.5622363002343163,0.35626633790102885,0.015055439266828927,-0.06853936342643781,0.06349646299891834,0.2928349908415674,0.26839151708833076,-0.09663580137296508,0.1616474381435703,-0.19896372565781908,0.02373389723224739,0.24436094411490558,-0.11584797608912742,-0.009305911084189622
Student NutritionRate_df48,-0.2401344223269514,-0.016532374467488235,0.28167975778424964,-0.4472232541522199,0.5022993349891355,-0.01796849678568739,-0.2093834411800273,0.20644166060462613,0.567697789456301,0.29845225090048044,0.6077085243328164,-0.09571258600223433,-0.295188574920004,-0.507355608573682,-0.17216172687168846,0.19630760027030272,-0.3914065700394664,-0.1947211170100657,-0.1269029384230203,0.18203486723696197,-0.16138216563769744,-0.19720141860909826,0.48676433647962786,-0.38587143735613444,0.36993004898732945,0.05621165050801966,-0.5934007120804315,-0.06906476316925274,-0.6394613116985242,-0.3911076336342868,-0.41026450826761485,0.13561895926188516,0.0925750274463246,0.05162309881663559,-0.5153563686866555,-0.4894833309678589,0.4479596907674185,0.2948592046528287,0.3047839031731182,0.2336560261494481,0.23857554513605864,0.28076322405749576,0.3417866453637324,0.13528444438237797,0.04188817004487224,0.3425895204255077,0.41254500795104765,0.16174052371864706,0.21930431760713617,-0.1644924604169619,0.1319038210820319,0.16942579644095276,0.4958253720045792,0.28216047728148314,0.27826092587171236,0.36466833483644745,0.3414941221857584,0.08566644629003557,-0.07421100583851425,0.3673448960978554,-0.035454153471170854,0.13831331248161188,0.5754917265194631,0.3681089130643777,0.2811430185379214,0.047692752517203646,0.625170841702052,0.3930276580457625,0.2195283004184011,0.11439839909657583,-0.4522816886180612,-0.11958510699435149,0.05511726357136423,-0.12547944825023202,-0.015007486346726953,0.674092666462768,-0.030321979067777526,1.0,-0.24979831865363142,0.19015922952188452,-0.11431513667734058,0.038487641384308185,-0.04632486549847409,0.002384996221972045,-0.17733936359776167,0.10885889215725025,0.04807688907666083,-0.11364046901510245,0.20048856270442683,-0.0561533886256532,-0.08346259225364291,-0.04399794854308751,-0.006482144539602898,0.17942896543627507,0.1383372940893919,-0.025112825435202622,-0.08529891859753133,-0.06082831648993607,0.3621596815598822,0.22113148912947314,0.21758724619198147,0.13332181646866156,-0.25743355036101284
Green Rebate ProgramsRate_df47,0.14026820174775112,0.1469765770307485,0.28978789880339356,0.4750157283389582,0.05480866841248794,0.48076387166924534,-0.2713546084272058,-0.6730059690157528,-0.32693137226924074,-0.24125067541788112,-0.3314176984846508,-0.18955836518396216,0.5286476145504206,0.5472885053633759,0.6979253416826043,0.43489661915128625,0.3164924459866935,-0.3866623464581191,-0.04860963765192697,-0.12362591984673063,0.3319470116249135,0.04230659009169667,-0.06209900155046332,-0.13246175135989657,0.002447813951577143,0.3823549518830599,0.20750435416481755,-0.2786865088200207,0.4882991593137085,0.05510693869018958,0.24687697683714935,-0.0233759451352275,-0.008097308465774064,0.014052293835846512,0.4464336070591838,0.3658508348544734,-0.17291082086965268,-0.2893754979128653,-0.2588031445434112,0.3057009739835314,0.06588456449477706,0.08049472665249466,0.20406797489358902,0.37465322392451994,-0.22281332505204207,-0.12030421694880761,-0.27377889723410503,-0.12606547479936625,-0.010052837080277249,-0.05579067922120936,-0.25088762291729216,0.13056320910566319,-0.18122545307505486,-0.36176264005783754,-0.29117521857959017,-0.07827953275391052,-0.4554809740725591,-0.043539585344366624,0.33966959595574914,-0.2885000485220113,0.08833186470153033,-0.14973900975428223,-0.24847621982767765,-0.35619591783717364,-0.3767819681450565,-0.0963989218833869,-0.253247029129613,-0.2861096223152045,-0.1259878983780116,-0.25420929861232333,0.24635346692886853,0.13310535154782796,-0.061627772401303134,0.3198445161564842,-0.15727078436400604,-0.3053026408860432,-0.031190411887717793,-0.24979831865363142,1.0,-0.029789049214952838,-0.05503166786590444,-0.08251935780778173,0.12327481277898965,-0.019038989125593268,0.437099640926707,0.06785646355723844,0.06315799221736504,0.06291405866643433,0.041887346996262134,-0.03041459569300897,-0.2955866341554677,-0.005003307759592727,0.10288335061300279,0.4003593401848679,0.3110654691385338,0.18633014823865274,0.13021223084569855,-0.0571713199771502,-0.2937211249953535,-0.22022304161390324,-0.012457300038152683,0.03854562095693259,0.31697316687855664
CrucialSeverityDineSafeInspectionsRate_df48,-0.04053375053651249,0.017862500496831992,-0.5125330423489424,-0.1415806601854956,-0.37095534155456716,-0.46522927146765836,0.09364236560966932,0.07918360030569761,-0.21243506609340146,0.4920770974501153,-0.15052362020032856,-0.01936031538144277,-0.08355892194160781,-0.2462458718217063,-0.20598644492147433,-0.30094787031741616,-0.10718206264255697,0.10050837426138977,0.0593624917809517,0.08462310447035358,-0.09333399527711879,0.05689751529596111,-0.028623274845685012,0.31760889329010067,-0.25588328326479115,-0.22108439179090164,0.204645813818343,0.41069841816347746,0.10057187072833856,0.09272717227883485,0.021679074863233644,0.1175361458877181,-0.00925464127970183,-0.0006518654582646845,-0.012989938472312846,-0.05701469455378389,-0.19719294012819122,0.048133940709636086,0.0013281037778428127,-0.32773966486009065,-0.27268516580099456,-0.15268068597903964,-0.2755631850792514,-0.3520096748947508,0.010105135695057933,-0.30283789998559085,-0.25891234275156033,-0.04378272525125306,-0.3154421198134648,-0.20971954519903377,0.028789480314603943,-0.2699986737552974,-0.2194570339010038,0.13192774073405236,0.09759244549475088,-0.11981693573280587,0.18909535886050136,0.22018593972253225,-0.446346609745273,0.49999200833620666,-0.010658502910742305,0.7073742579282668,0.10910407164611027,0.5967120943986602,0.5022756783599457,0.15524876784968442,-0.04528138094188316,0.08941690693515172,0.5163507828871033,0.5607957697331919,-0.037175356207360434,-0.14186880403205074,0.5458208370019018,-0.012281002584098703,0.4735586632240069,-0.14761647991947044,0.5714806513150567,0.19015922952188452,-0.029789049214952838,1.0,-0.07063310558672255,0.48029921398264686,-0.09516758290504033,0.12271907287890604,-0.03754127801091096,-0.040825361274968934,-0.03932419036735651,-0.08473754311893053,0.31345027581948265,0.4449766714165817,0.44844422093368247,0.09868388179210784,-0.09257910111955156,0.13883734058834477,0.4152165242036316,0.18525387391696094,-0.2034136463861476,0.1574312159854582,-0.176079142822724,0.10890647855503215,0.4390530180115433,-0.05211206121106074,-0.09095857545794014
NumberofBridgesRate_df71,-0.17613478137374725,-0.24861155597799667,0.09483555164622681,0.06837755955898028,0.3158863645177917,0.17395215498025507,0.22571729866826098,-0.015600190826416097,0.22737716964970925,0.03554090415786506,-0.03013505463645689,0.30509491259937227,-0.005229420021855002,-0.003926222362878997,0.02648865177568854,0.007832880779372248,0.14947354123204182,0.1835971499641554,-0.022222039487699595,-0.19138847882377222,0.008327406740333571,-0.039281233868818835,-0.15110061075980427,-0.0496584124458264,-0.01186471554188316,-0.03379589509833456,0.05780641882158343,-0.23181067797639332,0.08713369691632365,-0.002924394888057513,-0.009610604857772305,-0.026297619233677107,-0.004320196339357814,0.2588756102977452,0.10840798472771421,0.07023474178570233,0.002553860165171011,-0.12859791191154601,-0.041699122519345135,0.0005372296141937404,0.0472518744157558,-0.17095098467275716,0.011057761738912512,0.03184119003312708,-0.1903806604642072,-0.02614284744705821,-0.03394963103580385,0.07551079097816417,0.3487776717862811,0.05989974367085079,-0.17251210506623832,0.026729048937754716,-0.0388131401677471,-0.12383666810436929,-0.11019288894327756,-0.12876690153071596,-0.015422816689540812,-0.0006439964149542799,0.09957838215790546,0.07903154928515718,-0.002263866473410365,-0.05656760769012206,0.01351826116606815,-0.02982637852371369,0.018227315844000353,0.3423801866713884,0.08233028572367736,-0.08580765702141921,0.030709936902100336,0.02716514934535873,0.07865967043031011,0.17313635401246813,0.015774483214969954,-0.19220340977393557,0.11616329466865813,-0.12129370819279123,-0.1578228193272526,-0.11431513667734058,-0.05503166786590444,-0.07063310558672255,1.0,-0.04365005660251119,0.056488724865254795,0.19107394025804902,0.25422316442858933,-0.06380787989939915,0.19845703796748596,0.22030039474893306,-0.12933587103913183,-0.03669794978183606,0.3948712853713765,0.2054330662393872,0.30122633482081423,-0.11697487216495933,0.00018000230989312656,-0.04576663033424527,0.21863259058587767,0.08221812833653931,-0.026718893005040385,0.11422225652231847,0.2108356495934454,0.09619077683098873,0.23079622859701454
NumberofCafesRate_df72,0.26557337342634674,0.13354751918702912,-0.5342072877989135,0.03058350534247064,-0.4758259069307083,-0.43624173977988573,0.14589454354206705,-0.07973446780685843,-0.4441107104886944,0.43763769322798085,-0.2477295701109662,-0.011397040993245998,-0.18586140015563446,-0.15320513666189875,-0.21977604645599857,-0.4406062790502067,0.04327689698721215,0.1464895238641048,0.3311904691598239,0.20076669063961594,0.1679390114391365,0.3644249484877112,-0.2657260355209323,0.44013796406306155,-0.39294409872370006,-0.25285941973581344,0.3196923081715013,0.6083895259434993,0.14400481761782202,0.21557256283278925,0.21796226328473361,-0.032844273419413234,-0.055265399774383626,-0.028993681076937814,-0.05874942946179799,0.07612522565599071,-0.3038132640343805,0.11530145270047981,0.049091935453480944,-0.4921150671520526,-0.08128827172256008,-0.19536008027629898,-0.46887567942631553,-0.5404070643920631,0.30462310670469506,-0.3093919082822371,-0.2555957946109769,-0.39971752552546563,-0.26197603414464393,0.02916618355055044,0.2041388832714728,-0.3031273975068232,-0.20062202871709428,0.3097053866266839,0.32676196517439243,-0.1580629045352559,0.2543310922119132,0.10998431484182129,-0.6443750410649133,0.3996194144155638,0.0019962798989354154,0.498003192612908,0.04350044721867644,0.5115282815145501,0.5019606747255827,0.20005977914873632,-0.13306382843769884,0.006332270711920042,0.40523236529140755,0.4509162771229302,-0.052427814650050183,-0.19325241358907955,0.4580128119902471,0.25841398673289273,0.3071026495894518,-0.22457865933135493,0.44457810115054525,0.038487641384308185,-0.08251935780778173,0.48029921398264686,-0.04365005660251119,1.0,-0.25792592306089096,0.3535602767033758,-0.11580141642079664,0.006964498637288043,0.14000168161200965,-0.06212398762924847,0.4482184342124783,0.6124472516710057,0.395772999546578,0.19091703013270053,-0.06872943648457154,-0.010091031372845196,0.13506471197381567,0.1927104020378774,-0.18374602655584032,0.03305511771040042,-0.2824077293570217,0.07161637346421053,0.30123778246315613,-0.2195959001714633,-0.10194802225624447
NumberofClothingDropboxRate_df73,-0.2575111680215347,-0.0926436079587025,0.2526998570666897,-0.04927080320108893,0.24001738148477897,0.21245544215880793,-0.05900662427848584,0.05489603126320604,0.16177321150936014,-0.03290189267207406,0.11736128720518765,0.024285391707108462,0.07822912222096653,0.09262036983512706,0.11097099445166779,0.3413827530658074,-0.08119568271420509,-0.14797254938059162,-0.20988244191601224,-0.22601350960434505,-0.1367776711997234,-0.22941196100010441,0.19834233629431838,-0.29014131793077663,0.19386884848044947,0.0813975512499872,-0.15865454740792187,-0.3207991391014219,-0.05160909298454097,-0.1442559691771827,-0.12768499009796414,0.2060761190719454,0.04912472636630627,0.07921276627156291,0.014801511829542095,-0.05202739324519979,0.2924385648037192,-0.2185602194212345,-0.1861559979504966,0.3153608881278162,-0.02774524674757364,0.13990953800293338,0.3062504353102754,0.3530176702473301,-0.21407516721344982,0.13560859693536484,0.20460807125050254,0.23885917618185248,0.04196525721177314,-0.07912850179768731,-0.07877490392256559,0.2038302564025169,0.023854253274841968,-0.2676055368767052,-0.21404735589104287,-0.010959685158160483,-0.26242142572151017,0.01811292891559448,0.42880925972598793,-0.07874593689636783,0.08056473763431937,-0.12232552799506906,-0.05628028971593192,-0.22473778778606637,-0.2146289980167721,-0.1436387289997585,0.02754079904840026,-0.15347354350852252,-0.05374520438784159,-0.23384635974391918,0.007270040610596853,0.176438069288322,-0.021909797571562854,-0.017903568219466027,-0.06868223393821551,0.12383097307515906,-0.0243380918731919,-0.04632486549847409,0.12327481277898965,-0.09516758290504033,0.056488724865254795,-0.25792592306089096,1.0,-0.3102082212486325,0.1276895509410213,-0.12388531782300563,-0.03189277557526864,-0.05798629618853678,0.023846836850717597,-0.07298187764656686,-0.27066919445982807,-0.17340520809722035,-0.06288491788581228,0.038207983983548244,0.04640138183151294,-0.00587278105857182,0.12957658942307135,0.0018046567540698198,0.2347798683410683,-0.15026528330012748,-0.09862189050031137,0.051198323852565196,0.09050550292012427
NumberofParkDrinkingFountainsRate_df74,0.3631186193469379,0.23127677314547604,-0.3098076323709812,0.026611592645909538,-0.42610619451359155,-0.2897915255630126,0.07159583073907998,-0.21430966583228286,-0.43472242258041627,0.05025980758049375,-0.14478973435575748,-0.07987060220856018,-0.0915232944764737,0.03874371055428573,-0.046016813483497385,-0.33025118944185056,0.22845606835944987,0.09735451225544839,0.3748074299439532,0.2733707249101553,0.2816341522084571,0.38258019700072854,-0.2957492321096687,0.3637705054498812,-0.29505868445931743,-0.21916646892514846,0.2425688775076898,0.33749933035475993,0.13319757455716394,0.3476214448096571,0.14161742302219535,-0.11279426323678982,0.008924087896000098,-0.0653655244882659,0.052681262357026616,0.19483950914734038,-0.21377187986394247,0.13009927080876643,0.1097915259475713,-0.3413515262226065,0.046922919559923115,-0.11833953287994982,-0.37909732931579354,-0.37455594508748685,0.2820246184908131,-0.06365901859578108,-0.10146852732373887,-0.36672851642794774,-0.11372603478257697,0.18502720014004836,0.23339606324700277,-0.1576603217811118,-0.052078728408169184,0.2591703141507544,0.2471655927452734,0.016183477619936194,0.1099978420412876,0.07109994627564202,-0.30932475768207013,0.14275229602268513,0.18769447880670248,0.17665012498472277,0.04867799074451065,0.3026053968404038,0.2663525261518479,0.2763628042487235,-0.016594390007889617,0.1770222880388027,0.1316421451286567,0.13812456306803986,0.04879133565834751,-0.053345215930943185,0.12361675349237036,0.06091668020590245,0.10436546537690429,-0.09859076724586154,0.09461277966543637,0.002384996221972045,-0.019038989125593268,0.12271907287890604,0.19107394025804902,0.3535602767033758,-0.3102082212486325,1.0,0.12950272080037126,0.18926576469084502,0.4624509089149681,0.4143344254951929,0.13720544698027087,0.09577121774516013,0.3239629000013026,0.4860002723691972,0.2460994778667481,-0.1538934249600569,0.06970000509406649,0.14623246615833688,0.051523707692555924,-0.035233703847445015,-0.20448311593202198,0.18400182753264485,0.16996786411758918,-0.022405082782459007,0.15565213987607948
NumberofFireHydrantsRate_df75,0.07926604741650489,0.02921680791908109,0.22457689581226206,0.5272862655867038,0.12642077481917813,0.43425619717077607,-0.019397673408245643,-0.5900333813357598,-0.2623831124515631,-0.010972224631429627,-0.17135636989504482,-0.3105731311049162,0.4933431898917655,0.4566734197975113,0.7093166626768251,0.40243910825304274,0.5469487519049517,-0.30459923873712963,0.07724183441174198,-0.22854591775931074,0.3554803408554292,0.1464787514319396,-0.20474006981225412,-0.10385697369228243,-0.08803115163743278,0.23543516063876424,0.18943752789454282,-0.5108366107220381,0.3556085465087514,0.3903063614567287,0.11419506296071782,0.14641914813836726,0.14298401150466802,0.2843842477561621,0.43254652548559913,0.37852429003077714,-0.16971413369232127,-0.3147855083208746,-0.1571672989185093,0.28488032077186715,0.2424649969360438,0.0849181368484311,0.10082827778338398,0.3522026648319257,-0.10901594988090202,0.11570772901848558,-0.18876413581301305,-0.11544814969205623,0.3072052151546879,0.1278997246105296,-0.29664406850931807,0.36792607545797995,-0.1328134971941147,-0.4108442758031006,-0.37573558405982765,-0.06977017422185504,-0.34465970149652014,-0.040209757453891146,0.49449094058457005,0.043928381530037634,0.22929399833407785,-0.0332793452257017,-0.08179898403220197,-0.18313788484414725,-0.16609037629070597,0.2891251889142782,-0.004174602978767144,-0.2847316627869229,0.12342469784621084,-0.2083667891130153,0.465073161639288,0.547197103468246,0.12607822228462592,0.21851703978881498,0.10510140738690693,-0.27061836670956485,-0.036882438781834705,-0.17733936359776167,0.437099640926707,-0.03754127801091096,0.25422316442858933,-0.11580141642079664,0.1276895509410213,0.12950272080037126,1.0,-0.009453696735463726,0.15281220917401023,0.5330269491585407,0.24310828565047343,0.03134167683646931,-0.12325827019028196,0.21523113488977036,0.3142659116446383,0.3001876990454626,0.49909062264520326,0.3167600023863821,0.39566137937117546,0.14209953109182702,-0.1181116129051305,-0.1881998121508139,0.2733252072715338,0.434137193543558,0.8754061259156863
NumberofAirconditionedSpacesRate_df77,0.05121238220640357,0.2596777289059298,-0.09576728713394768,-0.052865477481456716,-0.12146352586377371,-0.12814223678417544,-0.3201059502822079,-0.16433085343280676,-0.13141379162463956,0.061866180685020554,0.018362481931386676,-0.10985863918816746,-0.13489026943215726,-0.04960444565686633,0.08056816717718751,-0.022312792637473898,-0.05923640109529925,0.019023292727232764,0.15520546315882283,0.25611391245397996,0.12083965260906236,0.1330798127210286,0.02191664125145348,-0.10893742326413632,0.10282082455508872,0.21866150480495422,-0.12219691898868439,0.08699907786411049,-0.10409579023742235,-0.1781794289489997,-0.12181877684205138,-0.07843494757930439,-0.005000071982030891,0.024830459477610624,-0.16282783821554642,-0.019638274143273873,0.13135159285441256,0.20792754243259498,0.12316118718007904,0.02809318629571559,0.17759590262785685,0.2118953372778877,0.023606273745922526,-0.01585392672344275,0.13542009666607993,0.11934272840274036,0.1638749499032595,-0.1567064546478728,0.05554508298677914,0.1414006866960123,0.09625472870926353,-0.04555345537119729,0.1923556805290342,0.10604723002603968,0.1714599586115149,0.20984442353134622,-0.000899036888947203,-0.1339392199078027,-0.04933416906779514,0.11522810311134735,0.16396448057589072,-0.04933889276284883,0.21134616653729316,0.15953509850832395,0.20380526308008828,0.07975668187146558,0.1690460009013056,0.1881318086239258,0.18057633399725637,0.07481120844506575,-0.08475846579644498,-0.14878081367572712,0.06281213497006302,0.1599681117689667,-3.9716654394252135e-05,0.14795075248720246,-0.01975147912368154,0.10885889215725025,0.06785646355723844,-0.040825361274968934,-0.06380787989939915,0.006964498637288043,-0.12388531782300563,0.18926576469084502,-0.009453696735463726,1.0,0.40642361393535964,0.2304503214810813,0.05232592014808912,0.09731668838083912,0.08531249746254956,0.3489377229396855,0.05945000318712542,0.09144359120015581,-0.013307233597246178,0.10805398091056553,-0.04316145180610199,-0.0032610948925800368,0.0508961210235654,0.1471768670597965,0.211974951127988,-0.10350847040484445,-0.11449753141254013
NumberofWashroomsRate_df79,0.21660834415362334,0.20951733317290688,0.008710524157970202,0.209680201441164,-0.06879221438628941,0.10505208875823319,-0.13974120639137277,-0.321446781667863,-0.259237415491225,-0.0183978037662588,-0.024674310125595657,-0.10557927052820208,0.004618536006035238,0.09646859854785876,0.11035405211094115,-0.07110690728075073,0.2178366398744329,-0.04840671058926291,0.28203941667083465,0.2125732800250578,0.3109734865897672,0.2956617726592465,-0.1389406753233673,0.08781255537169115,-0.18267425186882608,0.038972323664508264,0.08513304962062306,0.04339152017439481,0.12927073018349475,0.08330799248899275,0.09078113630289973,0.013454288067444909,-0.0015844479824741247,-0.015325897564689267,-0.04767403727227889,0.1525409170496175,-0.025563838475598597,0.07978975486608987,0.04205175494193798,-0.07902891391901892,0.14250344576221452,0.08071758216301916,-0.1484016294730322,-0.07642288930788407,0.14733222227087772,0.0784705758650938,-0.03641236600135439,-0.28035702238912236,0.04950617396037829,0.3326376184937798,0.214336803877451,-0.04256665759625219,0.03308012698117161,0.12221929539759895,0.13084487044033752,0.10644692294908656,-0.08609322494774559,-0.17112072888544402,-0.045536457892769035,0.024263471347485938,0.3514017147494062,-0.019841222790645374,0.02936865248462501,0.07267550632727839,0.054308831390769294,0.06211393330937294,0.00727116459393798,0.015102203400592946,0.10104122795527076,0.0004561195224452018,0.1756982652827765,0.07703745653661193,-0.004835856482599434,0.1099692451135451,-0.015837468913979455,-0.02876621525438207,-0.09899937733362882,0.04807688907666083,0.06315799221736504,-0.03932419036735651,0.19845703796748596,0.14000168161200965,-0.03189277557526864,0.4624509089149681,0.15281220917401023,0.40642361393535964,1.0,0.3406106559818528,0.009656688050461274,0.023049536783555,0.13665488639595452,0.49328558741232154,0.1843475872287586,0.036652889499560685,0.054438738193273044,0.15602610344753307,0.2855597798544049,-0.06600357849219735,-0.03524801045767247,0.09506283473117338,0.09611261720998185,0.034645245689961975,0.1978195007378748
NumberofParksandRecRate_df80,0.2350785158594901,0.22670963143245715,-0.06676807954020791,0.2793198527183222,-0.22426986484563974,0.021647253901150576,-0.013348756647573594,-0.46627605907897995,-0.39120976112164385,-0.07360608227460154,-0.05891498709985363,-0.29812474027890534,0.28303522105000006,0.22076234309647932,0.2780089280892974,-0.042524153648923556,0.34886206050032564,-0.062125640311391096,0.2865780807087998,0.060862809652764006,0.3476485381922485,0.29147234873133865,-0.24008788360824182,0.1257878982436982,-0.15363214650937596,0.056209276865385314,0.17781818985780595,-0.22085117464477527,0.2125851877405824,0.40373914896284513,0.0839123826862134,0.0017347139328685887,0.019786691264655536,-0.03551215848078061,0.21809733716458865,0.30862573606154237,-0.23036737200234514,-0.014752814331538796,0.04226807471841945,0.047108427765154365,0.21074434531106703,0.14410066495024051,-0.1381356958233452,0.06355189583620935,0.13572397665908406,0.19495729985682464,-0.16121002789057962,-0.24055326611215164,0.1830941228052817,0.249489325253379,-0.021690551602022816,0.15608917719705726,-0.04661272315353201,-0.1176462989050374,-0.010219136104038462,0.09499668954796182,-0.1444195942240337,-0.08972695364614247,0.22196431678050949,0.052767796450692926,0.34124324374953724,0.023726344623923028,-0.0032716366046730435,0.07338042727168127,0.03108299855204556,0.15477612949400546,-0.007132744915913125,0.02259710144681095,0.02883323079673624,-0.09659285726490502,0.41337875018735526,0.34242784271790766,-0.03252050182346838,0.07670512627562451,0.004048873033669188,-0.1328123790570565,-0.06152594282042002,-0.11364046901510245,0.06291405866643433,-0.08473754311893053,0.22030039474893306,-0.06212398762924847,-0.05798629618853678,0.4143344254951929,0.5330269491585407,0.2304503214810813,0.3406106559818528,1.0,0.08615638457591931,-0.04312739365027802,0.11360170162400775,0.4037889058069403,0.47964163809909593,0.06973234533852464,0.29073330424847005,0.25693739963099027,0.4042049955875918,-0.011742930893073092,-0.03090836017075585,0.04249764072232505,0.16181733740849916,0.34345746001297195,0.6004643990678536
NumberofPlacesofWorshipRate_df81,0.16775391693663866,0.14096325396454407,-0.19952940751399567,-0.056407183336917896,-0.16153988593670443,-0.19832536308529278,-0.3319589196200967,-0.2565243347075759,-0.1498929918460262,0.4675679886540313,0.023537152974292593,-0.2531779229663101,-0.03493676145799824,-0.10967751688434603,0.05250334017755035,-0.03368136701737481,-0.06742544184196327,-0.14124755870920008,0.13716611235523693,0.11893639074091486,0.186843819124098,0.1901152366532819,0.020456499135297984,-0.030751139633942624,-0.040006519990175265,-0.19044096591522716,-0.02588594048587716,0.1839619864066795,-0.10337366036760183,0.028786166435291662,0.08554914904656542,0.12722005676028939,0.1579226147174518,0.233533328364393,-0.13667605134184993,-0.04250030626575346,0.045620818795749966,0.11063007734862099,0.1704552767222841,-0.0011135139990360533,0.20252104576324062,0.17611179329610682,-0.04793062780970284,-0.0554005107073505,0.2687124456930509,0.12787882764967834,0.08096388332197231,-0.2710812659361813,0.022368434927338428,0.005989725323687624,0.06571606222207942,0.11681096103246322,0.10142089855956155,0.19536261437311214,0.18255566962082612,0.14361852337232475,0.1076854867452779,0.1993970024500951,-0.11186734443278008,0.4684837686106091,0.024510250395018484,0.32596113413637645,0.2668819302013251,0.3609618020092348,0.35034878508707984,0.2280021541641927,0.17107353417893206,0.10516836205150151,0.46218229242160075,0.09514927767676101,-0.13176166231342562,0.05740524422692396,0.5277354433568116,0.09949303242697949,0.18026743329425413,0.04687198797420313,0.31373393928552024,0.20048856270442683,0.041887346996262134,0.31345027581948265,-0.12933587103913183,0.4482184342124783,0.023846836850717597,0.13720544698027087,0.24310828565047343,0.05232592014808912,0.009656688050461274,0.08615638457591931,1.0,0.5212761687128531,-0.022280850750627485,0.12307495086704034,0.1049955886969161,0.09174696865287833,0.2521478401276384,0.3936785941885032,-0.07382870376092904,0.12212186589430926,-0.033018541339100774,-0.020366797470939963,0.45639756682273147,0.08090039413208448,0.12422766714405781
NumberofPSSLicensesRate_df82,0.07262938499917854,0.014938878253708682,-0.3889589722726698,0.08589567880399691,-0.37566447794618046,-0.32461753492217155,0.04310693516476999,-0.005733616698215018,-0.3223172277571487,0.4738025224248583,-0.10864835954558331,0.040227775345764265,-0.1573947985312534,-0.11560699906641121,-0.13487020569637395,-0.27488662368715966,0.016842465504941926,0.17620429792258152,0.12635997780319277,-0.0021614806332071763,-0.029199877042955555,0.16263044036940724,-0.14743927561933318,0.2953675153159546,-0.23403859258493456,-0.23479048539305056,0.2522296863835833,0.4278933035591511,0.11840737245049451,0.12652507075401662,0.18866753564539582,0.04418128045769968,0.01613257551606191,0.11873450835917487,-0.032005000399472384,0.05155708157063932,-0.09885129809566238,-0.008310623392101337,-0.01928176042595779,-0.3582608030237662,-0.15384075909967385,-0.2503242775443903,-0.3202161131106488,-0.3713407500111772,0.07923945552919845,-0.25275728723335095,-0.15693527251608894,-0.15993942105546108,-0.1260425003768266,-0.0237185098378428,0.02530157409194394,-0.20452476924869217,-0.2507173839157034,0.1118921758958469,0.1440641618608555,-0.21739703542200497,0.13481827934764468,0.20077676564103902,-0.39420197616371017,0.4918149767849244,-0.03423275812956626,0.42860125250667636,0.04237884383683453,0.36092160005746965,0.48574728053247646,0.24473535450063272,-0.037566359956222574,-0.053648439514991826,0.4315988411284732,0.5083910875981512,0.022314716672687876,-0.07100094121933506,0.7618464386319744,0.1361461273130002,0.5347740675430259,-0.1925614896503422,0.5622363002343163,-0.0561533886256532,-0.03041459569300897,0.4449766714165817,-0.03669794978183606,0.6124472516710057,-0.07298187764656686,0.09577121774516013,0.03134167683646931,0.09731668838083912,0.023049536783555,-0.04312739365027802,0.5212761687128531,1.0,0.4036729171931419,0.22909687869499568,-0.021510676961996378,-0.08741077010452983,0.09428553012581053,0.28325845446444,-0.10508755440885185,0.29165912344792916,-0.20622117815445987,0.05440040806000881,0.4209395012842179,-0.1346651485973218,-0.021004654128392662
NumberofArtRate_df83,-0.07442903873309137,-0.07009121242791215,-0.6453192703302152,-0.09041941136960607,-0.4281407588038127,-0.5856892647186257,0.45304982886416595,0.20546162594226763,-0.19846163798535618,0.33649018476967113,-0.154058880923156,0.2819192427725165,-0.2748291301605965,-0.29634214097937966,-0.4207931983859822,-0.5332608245090564,-0.009248912210891615,0.4664749845203331,0.10320719142473515,0.0452288701898744,-0.20218437552109148,0.060356076007193796,-0.22132684938981254,0.43903101648761,-0.2730458514898157,-0.30009649571885844,0.27384683102930824,0.39457211222164557,0.1199640525706469,0.09830097731480304,0.06726400479580726,-0.024167750673003204,-0.05285302992857932,-0.002109730051504009,-0.023256491099741455,-0.05044053950776169,-0.2758514917526791,0.08423603393221882,0.03278878812830975,-0.5259081076796815,-0.33992940332893046,-0.38734889753947493,-0.431934482521002,-0.5379589218430872,-0.09611164061379061,-0.3704624844948847,-0.2547159703465266,0.0045274023390545325,-0.22426735989724597,0.021092094404955207,0.07237388475857158,-0.3938839365886951,-0.24705027268823107,0.1863496871756574,0.1385240153070366,-0.25441367617078686,0.3027282827151429,0.041233515513087876,-0.5518702373821723,0.4068202138461487,-0.02333760937143123,0.4470673249331638,0.01173997528680067,0.5013665902113383,0.5257561911461701,0.33312828712415843,-0.06112544326369015,0.07818376344822216,0.3010214193934884,0.6778879061505085,0.03476187344755171,-0.10055750073765901,0.41469841534478535,-0.13422386211062073,0.5889096119463602,-0.2071664894537097,0.35626633790102885,-0.08346259225364291,-0.2955866341554677,0.44844422093368247,0.3948712853713765,0.395772999546578,-0.27066919445982807,0.3239629000013026,-0.12325827019028196,0.08531249746254956,0.13665488639595452,0.11360170162400775,-0.022280850750627485,0.4036729171931419,1.0,0.3372979640924731,0.056744265079664354,-0.18998452426293258,0.034507208322959386,-0.005945734490919881,-0.11743922486115792,0.3154440687879021,-0.14563830886563875,0.19108266473365917,0.33339790571908906,-0.11845337922220235,-0.08674797851663055
NumberofRealEstateAssetsRate_df84,0.19830194467564982,0.24785870661906884,-0.10509180254403297,0.18246548803879428,-0.1722627862582964,-0.04712535229176246,-0.059388846203266045,-0.3578096697943677,-0.341582171858309,0.11509200811321024,-0.06742817709619442,0.031201565019433025,-0.111857750160562,0.011642188716775873,0.05919510141719143,-0.21912995975757998,0.23482206002376332,0.06975566284217499,0.390280221098964,0.3241129482560335,0.3143405094568997,0.3628964844447825,-0.2358224784166832,0.21012414280314867,-0.20217845097273837,-0.09207556254400344,0.17520457221357144,0.17284440226360265,0.11908781276839457,0.18175242379560197,0.09907548501646271,0.14418054573391792,0.25815091704227905,0.10460459818164877,-0.0236428196979896,0.21437699543258354,-0.12707204663348592,0.10894232173642283,0.049741061618854616,-0.21642489805405762,0.15388636392782512,-0.021020628158173182,-0.26449925466489993,-0.24159028234097213,0.22173738275722862,-0.041959666408165834,-0.056130138178260236,-0.3330994202519006,0.06705633377705021,0.2912218974358348,0.1612166137278349,-0.17095186944388496,-0.01361490954519678,0.20842782774398388,0.26173259054515824,0.05454118633572868,0.052197243074928575,-0.10622717311550821,-0.17313994862172735,0.18932357322007543,0.22852739156344645,0.11507138039279076,0.02873358399223192,0.25484831283333315,0.2734676338176013,0.24453061089938094,-0.01997338106836392,0.10958968196566896,0.18620140449140785,0.14705090845803823,0.14604229227268026,0.017576871866332725,0.16613800386653851,0.08584858130167068,0.1155465595451537,-0.08732368115467577,0.015055439266828927,-0.04399794854308751,-0.005003307759592727,0.09868388179210784,0.2054330662393872,0.19091703013270053,-0.17340520809722035,0.4860002723691972,0.21523113488977036,0.3489377229396855,0.49328558741232154,0.4037889058069403,0.12307495086704034,0.22909687869499568,0.3372979640924731,1.0,0.3282380083281162,-0.05325710105438081,0.12898247908220337,0.26534267600553063,0.09874736140251207,0.03937363166738107,-0.07530694941976886,0.121842085899204,0.22158724895172427,-0.0986794198197453,0.1601460841150438
NumberofLandAssetsRate_df85,0.035034438790219065,0.07841632243445813,-0.03007501069177379,0.1369518535610981,0.09861265923213779,0.04733759265163483,0.16374602912403363,-0.3855576714279156,-0.10774323674635941,0.064826382430655,0.1028641127493081,-0.05373116363756763,0.1528764017567338,0.07603686482298082,0.21112249315160353,0.11115967500247992,0.11904267895634019,-0.08659446327950748,0.12215306719640502,0.03656703408926948,0.2392151602478077,0.10890696432363042,-0.0159937887182186,-0.0491741268668388,0.028221785612400296,-0.015687291061280362,-0.03327579815566762,-0.22326955999760195,0.018118654747906388,0.05281148466380838,0.11002841616836394,-0.029561908835628488,0.015380482564511383,0.19472991645808424,0.09222682443637875,0.09643699526854844,-0.04706914410768008,-0.03358260102950106,0.047488972099666626,0.14601925057539722,0.28101252755319633,0.09674620717383939,0.08141907564532237,0.13313626486940602,0.05587989718592314,0.13373860040141858,-0.00390945401454712,-0.1369847291095602,0.3340920101830407,0.083766898684873,0.016572258648700305,0.09209525253993162,0.08525009989184992,0.007608982685061679,0.06380979167261783,0.0907430256662115,-0.08631118743683985,-0.14214193190879712,0.10808661663379993,0.10926946960059568,0.15217872609840677,-0.06694677420915868,0.08858448111289711,0.023408005322230446,0.04511901512583155,0.1458399510701554,0.1027236929655615,0.08492198168164179,0.07095382318534249,-0.03395722528625225,0.13875259065560214,0.1663310960300499,0.013746716467104314,0.0920441770696943,-0.0036544340662769373,-0.005446171988454874,-0.06853936342643781,-0.006482144539602898,0.10288335061300279,-0.09257910111955156,0.30122633482081423,-0.06872943648457154,-0.06288491788581228,0.2460994778667481,0.3142659116446383,0.05945000318712542,0.1843475872287586,0.47964163809909593,0.1049955886969161,-0.021510676961996378,0.056744265079664354,0.3282380083281162,1.0,0.06491902132102419,0.0817284643579305,0.1629719906163467,0.22301414585864052,0.07078176151878905,-0.016491798437449995,0.10638195270186454,0.1995603592701059,0.07966531502936589,0.24238742345061076
NumberofSpeedDisplaySignsRate_df86,0.004177111968315819,0.07387356081401665,0.17307923664506736,0.07497287102088368,0.23677304363561238,0.19665697467463478,-0.05897403414885333,-0.2941758665116775,0.04080128312033699,0.076651828501199,-0.039697124532473684,-0.17556500463914249,0.28871756029282264,0.1227540104826957,0.36436451633583394,0.2919814192436859,0.08642731423052685,-0.3152879928148087,-0.05619725516921405,-0.009190297935062314,0.139297330176535,-0.025658037053323823,0.12846445132364237,-0.1155020929786097,0.01730126431680728,0.3766063471241127,-0.010892379597259574,-0.2476550155904923,0.13796720853961142,0.019290055261519484,0.07175782816588365,0.07172802560887237,0.03300970768819152,0.010294067941709483,0.12267680135175145,0.0737716364938977,-0.0983928260273364,-0.09640090184386983,-0.04344893659081037,0.23450428313435429,0.11362123458128062,0.1624042193217444,0.18836916053726463,0.2470313148358694,-0.08085931182319148,-0.01642607848532627,-0.20788724716147602,-0.008225948815199245,0.07989967395553643,-0.07113175532431903,-0.11521673856059692,0.14017503831382247,0.046810889128685494,-0.07406886951607984,-0.05231115975646933,0.08449674281659707,-0.15422440255439387,0.02739464091626376,0.172360524914957,0.11230381164369177,0.020787687804231576,0.1269673822502788,0.05320041005814839,0.07103659000999356,-0.022908639903354913,-0.0067344967585941514,0.0771559200142602,0.03295866684987132,0.19158204409297167,-0.051907307795241255,0.1192498484819473,0.0965382863278888,-0.005577956626365762,0.23576223111878122,-0.05790220009653861,0.014488611163915149,0.06349646299891834,0.17942896543627507,0.4003593401848679,0.13883734058834477,-0.11697487216495933,-0.010091031372845196,0.038207983983548244,-0.1538934249600569,0.3001876990454626,0.09144359120015581,0.036652889499560685,0.06973234533852464,0.09174696865287833,-0.08741077010452983,-0.18998452426293258,-0.05325710105438081,0.06491902132102419,1.0,0.5243899890244701,0.1836671822300497,0.09111781118646703,-0.13918622459215732,-0.05666450674195797,-0.04145610975022267,0.12900041356618586,0.12072537804464241,0.24187110751936305
NumberofSchoolsRate_df88,-0.02635306232537674,-0.008333393892132694,-0.13874053757977392,0.16051828781957794,0.00019173646267266604,-0.049395448539970625,-0.06722700653501748,-0.21416680347805941,-0.20224777331751093,0.19520333947647847,-0.19375717458083092,-0.18890435712515327,0.3727697221846013,0.13345400904637886,0.28530347635919406,0.11625677163197644,0.24348129642623417,-0.13038087821732086,-0.01794558285146258,-0.1855914075789303,0.06293493532213817,3.2180403129352125e-05,-0.0937561560180963,0.12214782264268081,-0.12354073052653088,0.1575703234466437,0.21824058243151037,-0.11382972250567033,0.27863908069399684,0.32565350645041174,0.08663287384035491,0.050037800348304955,0.021362014819455488,0.0437903923904216,0.2899026617412948,0.14998070199318356,-0.28813216938312053,-0.2538030472884717,-0.08452951946645114,0.03856705275848122,-0.11735019323101244,0.013489778754511331,-0.037278111841745544,0.07100981424845855,-0.1419866484815561,-0.11481956951554372,-0.35659966136889903,0.010605322963057877,-0.08231477601171906,-0.17823771393990823,-0.2645805137481256,0.08704435113772963,-0.22437853868486035,-0.2085341598137121,-0.1663571044178988,-0.09228886414176621,-0.10247390541717678,0.16974355069422528,0.12292119292579419,0.23571259625730567,0.03913954877909714,0.36825813757710313,-0.05051434956593903,0.1977789176819281,0.09966738438247945,0.11486856132524924,-0.029499745201795633,-0.0873881101923547,0.31824335449607144,0.0653672854284203,0.2423408068683924,0.26901560477382436,0.21431278236423174,0.1443258319712843,0.192822442963892,-0.2198903239753602,0.2928349908415674,0.1383372940893919,0.3110654691385338,0.4152165242036316,0.00018000230989312656,0.13506471197381567,0.04640138183151294,0.06970000509406649,0.49909062264520326,-0.013307233597246178,0.054438738193273044,0.29073330424847005,0.2521478401276384,0.09428553012581053,0.034507208322959386,0.12898247908220337,0.0817284643579305,0.5243899890244701,1.0,0.3236462518227427,0.19061359141696982,0.03961049951816711,-0.14254770720323917,-0.10810487591488534,0.28848525103930145,0.31961878718385967,0.5023186976757695
NumberofBenchesRate_df89,0.194099409030358,0.06933307247467438,-0.103083850414965,0.08984948028974803,-0.21038796363624823,-0.05452411272664984,-0.11118735700095549,-0.27905266374884063,-0.2770005405012053,0.12166360805482265,-0.2261653680121945,-0.2152042470344419,0.1964493312416511,0.14385900552903355,0.149564957397061,-0.07269445056222489,0.13522890319821496,-0.1572791464218869,0.16597998750134418,0.0327403196786185,0.21581399483247404,0.22833588464493892,-0.22357971905677407,0.11862130088219663,-0.18093694542059896,0.03636345155719294,0.20595113921224967,0.1445708923918374,0.15645583660727677,0.2454175632425608,0.13564950650502733,0.03035524287476295,0.03823565838437079,0.15169789198717581,0.08715572669462074,0.18307603369764994,-0.17999850591557562,-0.029580166794302358,0.05838008956237227,-0.028481788601004962,0.03990757041930716,0.10516564630859762,-0.18345026321124525,-0.02885240797211836,0.19316014937942597,0.15175903807717048,-0.1044867246638819,-0.28968693230570286,-0.12339982634632478,0.031304317556345634,-0.034464635834638484,0.1401616776440023,-0.14018490381755852,-0.050692423776380564,0.07078254679359246,0.0498973824047122,-0.15073731950643807,0.0055166817201678835,-0.005275476559927428,0.15332873428424965,0.21545742965154563,0.21653895591978073,-0.0918154326285616,0.08616683349397881,0.08214936282127293,0.005623190791762109,-0.10618378687053524,0.030792809698488192,0.10990939019559451,-0.00587510079857567,0.14352874830702228,0.18376624981081158,0.29515704622824,0.13034884512447933,0.1529388994112309,-0.17019689918377037,0.26839151708833076,-0.025112825435202622,0.18633014823865274,0.18525387391696094,-0.04576663033424527,0.1927104020378774,-0.00587278105857182,0.14623246615833688,0.3167600023863821,0.10805398091056553,0.15602610344753307,0.25693739963099027,0.3936785941885032,0.28325845446444,-0.005945734490919881,0.26534267600553063,0.1629719906163467,0.1836671822300497,0.3236462518227427,1.0,0.18937731775395816,0.11678346966545435,-0.14304639861306018,-0.07248529963340816,0.23469709993212778,0.11553200384251316,0.32330452224493555
NumberofTennisCourtsRate_df90,0.0700874447895504,-0.1513202387692831,0.1551497978072181,0.3282848025924835,0.012877162776361452,0.22522143630337163,0.029048061370882176,-0.224064085028534,-0.15380269305578587,-0.2213708498815322,-0.08897752481237634,-0.17823045881981256,0.2950478473167955,0.3083829155528343,0.30350893787162103,0.21234348117434293,0.3121385181365297,-0.1344832739809272,0.0076528655453200044,-0.22106211431429815,0.18033841187179198,0.05860493442115039,-0.16123237832573326,-0.0036280825924266424,-0.05496360420807122,0.16202863687372507,0.13811758139095467,-0.38880978273582223,0.22648669494909252,0.18410277885490378,0.029436710935177208,0.009688078599833021,-0.030239245343812813,0.026719155973744847,0.24605003424411442,0.25695866012480983,-0.064973210495678,-0.2786998988709379,-0.17053318023112746,0.09872023412259252,0.0349348812813395,-0.0559574027842368,-0.025011193022333084,0.1900757618958794,-0.12184157992815259,0.10815553472701327,-0.12216803817110693,-0.017197789956575983,0.12294969346130852,0.16580388611745253,-0.14439922922314374,0.17734249411988617,-0.10477261694720211,-0.2753112062178379,-0.23395023772291662,-0.17028844010568608,-0.2839425103119993,-0.12705596160572852,0.3817792388349717,-0.1921430449470169,0.19475055461036625,-0.1559398573769889,-0.19760569032532774,-0.2558058597161108,-0.30977892006512614,-0.10981250177589909,-0.060910506824152666,-0.20473109616420088,-0.13005435935784415,-0.25163246811369894,0.3491570042896553,0.4670927216187258,-0.1561923060062156,0.20473168411417883,-0.09852013349657815,-0.15908456862372072,-0.09663580137296508,-0.08529891859753133,0.13021223084569855,-0.2034136463861476,0.21863259058587767,-0.18374602655584032,0.12957658942307135,0.051523707692555924,0.39566137937117546,-0.04316145180610199,0.2855597798544049,0.4042049955875918,-0.07382870376092904,-0.10508755440885185,-0.11743922486115792,0.09874736140251207,0.22301414585864052,0.09111781118646703,0.19061359141696982,0.18937731775395816,1.0,-0.047506815861535996,0.01509372121096974,-0.05386182503739646,-0.15403640294300353,0.3431603989623769,0.5227568496907364
NumberofCommericalIndustrialPropertiesforSaleRate_df91,-0.25384735533708336,-0.07309587873991277,-0.3634450423540234,-0.1819908292560854,-0.16256086493188338,-0.3465255679747641,0.3716475317991811,0.358311113242821,0.031449830048229994,0.3438894770079808,0.029375461235657416,0.14919060125440892,-0.04878434352813301,-0.1492396696810617,-0.10106569041555176,-0.027385411902070656,-0.1383736399682573,0.2748595243484004,-0.28384244999471697,-0.17313384367822665,-0.379658299682352,-0.28916051654521024,0.061885417845389236,0.01269096368229681,0.06070616416530563,-0.1582830889508118,-0.03990433953775684,0.039781519874481065,0.002512662638115392,-0.1156765298871934,-0.08840703134926894,0.16033539154714566,0.13376557249225726,0.34379391559580974,0.04764521100771949,-0.23461019194815222,-0.018239984964703675,-0.0016403087323319909,-0.023314850381857818,-0.06889318610989739,-0.29973248142871695,-0.1955813775988457,0.02512128663642162,-0.057952286735278406,-0.33229116324448693,-0.16172405158691786,-0.025832896344760194,0.268053580733713,0.006240945943914196,-0.23534394025420552,-0.24058680821676676,-0.05036311890738105,-0.11420831333870972,-0.07715026324834175,-0.12511777114600825,-0.1779888814919764,0.1127183524037774,0.011845348539850415,-0.09734695565982861,0.3623638833812487,-0.0588372301568401,0.1966031562698256,0.12190850287344426,0.09276788432170002,0.29847903965728245,0.30900839594208235,0.11412148615601893,-0.025558112869270143,0.14997501459109117,0.46445871230551017,-0.021424616716124636,0.08040340294672305,0.600893118170377,-0.15182106346310092,0.732473284696063,-0.06351780662153743,0.1616474381435703,-0.06082831648993607,-0.0571713199771502,0.1574312159854582,0.08221812833653931,0.03305511771040042,0.0018046567540698198,-0.035233703847445015,0.14209953109182702,-0.0032610948925800368,-0.06600357849219735,-0.011742930893073092,0.12212186589430926,0.29165912344792916,0.3154440687879021,0.03937363166738107,0.07078176151878905,-0.13918622459215732,0.03961049951816711,0.11678346966545435,-0.047506815861535996,1.0,-0.06104644697537572,-0.033320327533516485,0.3309206474338166,0.01852421037435182,0.036963590776815186
Rent Bank ApplicantsRate_df49,-0.31362950174336046,0.2519929426781393,0.21285142199559207,-0.44387123876974366,0.30776887406730796,-0.11253318007343188,-0.19492520475213845,0.1270110924049652,0.41203136723412465,0.11950250510560963,0.45691055111736645,-0.03830316547941695,-0.2601056120946474,-0.4775472292055158,-0.20108433604228157,0.16419284244202878,-0.4164044374256602,-0.19648675469777505,-0.06163042832687797,0.20707964852729405,-0.1629846294109732,-0.2069052114312158,0.499861914354836,-0.5251894060105066,0.4441582477342757,-0.01188574925308232,-0.5791104009707015,-0.2842593083109585,-0.6500046694395434,-0.40951588487577095,-0.2697400040768097,0.1266052508746387,0.14469690812197336,0.06844074224232201,-0.5237707135284488,-0.41221550011358227,0.4565720061253475,0.28999292801674625,0.28547006877254544,0.36538172405583147,0.33079316479798027,0.42196854515107407,0.4151158894608557,0.28376054870816975,-0.0010210441708945282,0.45239004103483904,0.4820479255752347,0.24504030998100174,0.4059237174451053,-0.04038358531897808,0.06037072505969809,0.22681965713310193,0.5411426269229435,0.2148622277372791,0.23055257518005828,0.5087214326256789,0.2893058320154236,-0.1831939697967834,0.17485385423249214,0.1846350617445194,0.07618629691663047,-0.19113043348116887,0.3767790236649562,0.13930511715920746,0.10680050383760922,0.006297289251265237,0.4198053276283767,0.28203627908697687,0.05517096875581987,-0.11446555896356932,-0.28030492654180966,-0.031106101837951206,-0.13530662119754922,-0.15172947797486724,-0.11772965885360659,0.6638244626888663,-0.19896372565781908,0.3621596815598822,-0.2937211249953535,-0.176079142822724,-0.026718893005040385,-0.2824077293570217,0.2347798683410683,-0.20448311593202198,-0.1181116129051305,0.0508961210235654,-0.03524801045767247,-0.03090836017075585,-0.033018541339100774,-0.20622117815445987,-0.14563830886563875,-0.07530694941976886,-0.016491798437449995,-0.05666450674195797,-0.14254770720323917,-0.14304639861306018,0.01509372121096974,-0.06104644697537572,1.0,0.06877246822924477,0.017156405650065595,0.09784462594016,-0.2003780851524225
SumAffordableHousingRate_df70,-0.08868372162619255,0.0007922207080779243,-0.06200164592982806,-0.3269189807304561,0.038228023478077015,-0.215180250039395,-0.015642874872084937,0.40640191344388216,0.26858011983037783,0.1621332749556284,0.17819906346324393,0.1486422907534431,-0.21425170227796209,-0.2423908001909789,-0.3185336691090017,-0.18245577599328883,-0.22403796920372376,0.2412073436458119,-0.05992303244168974,0.17193254688689152,-0.15724222718227363,-0.09820079320414243,0.16106711065842585,-0.007361801997524366,0.12840620580732198,-0.13284384888492023,-0.17489987421678962,0.11217529373455662,-0.18820312445512766,-0.13652583993774514,-0.08537000531310523,-0.001613530227533922,0.11968791416323983,0.12077853756173419,-0.2132702944956112,-0.20567619448022578,0.053775083015765675,0.2125432622399536,0.17737667592069625,-0.07922518513931452,-0.1025118915429355,0.030569468409965602,0.0008853241872039763,-0.12138168516464308,-0.011481265358793041,0.019973617611335585,0.1377865261334628,0.1300963418303322,-0.1378364662169328,-0.17668233655181054,0.06546058292656423,-0.13210493052731687,0.1430416822951958,0.21165201907387418,0.18637503026687935,0.12462279238115136,0.21769609370068746,0.15790772703883044,-0.1323530206807714,0.2327350505452628,0.013194250510824955,0.06271473460306319,0.21184065325035106,0.28625374166816725,0.2794112209893025,0.19466887126065544,0.12841141094335567,0.31116489214412113,0.22800865747665225,0.18118102520930676,-0.19233843907033352,-0.07937055448787689,0.06875698760013865,-0.05601489854317846,0.07602651017421301,0.20915662576097868,0.02373389723224739,0.22113148912947314,-0.22022304161390324,0.10890647855503215,0.11422225652231847,0.07161637346421053,-0.15026528330012748,0.18400182753264485,-0.1881998121508139,0.1471768670597965,0.09506283473117338,0.04249764072232505,-0.020366797470939963,0.05440040806000881,0.19108266473365917,0.121842085899204,0.10638195270186454,-0.04145610975022267,-0.10810487591488534,-0.07248529963340816,-0.05386182503739646,-0.033320327533516485,0.06877246822924477,1.0,0.20614681829002485,-0.08064325008839578,-0.21114901026674512
NumberofMotorVehicleCollisionsRate_df78,-0.1448336919087749,0.07624309654885264,-0.25034837358823825,-0.1987575198019336,0.013356459735086052,-0.24183745351536093,0.059364256287535014,-0.05030707685652605,0.1142694650238633,0.5609625534992665,0.06161707124844784,0.004579169011609579,-0.12007981247304383,-0.2807345365898475,-0.03696822645066932,-0.08922991294406181,-0.16160758736400332,0.05263970912858587,-0.033847590394041206,0.10173309495738171,-0.04611638351193405,-0.03218045613575076,0.07648902883733354,-0.08459995449243966,0.04481861279270221,-0.21261336909839465,-0.10240862757589336,0.08158404680020355,-0.1272976298920099,-0.09538809351079813,-0.0598673673397737,0.11902282506394583,0.1618400373444062,0.3570971467142775,-0.20912907991180985,-0.21213190207463364,-0.030960275191254955,0.21767684133210385,0.22669955980523246,-0.009423888725185028,0.05109853010205562,0.09541322286879805,0.029576062256061745,-0.06992384630731761,0.0064252647283426344,0.0014892157842386054,-0.019020299759966712,-0.005069092985719545,0.09754892378782566,-0.11421105087240827,-0.03254853492271423,-0.019886783942373885,0.1339021473665551,0.2300611220922398,0.2017422338178426,0.19246172754761517,0.21458468775153677,0.09095542573198423,-0.1566082156205972,0.6044695941461283,-0.0009795577508741416,0.3230809179567463,0.30673267333238385,0.5109725093851236,0.5519446419243537,0.55788890205011,0.15992828209703872,0.13625228294905042,0.5109017978036914,0.38998708599871584,-0.14829461326572643,0.008484540349478575,0.5365101911313294,-0.1270488792394885,0.44960667576565283,0.07239182282820406,0.24436094411490558,0.21758724619198147,-0.012457300038152683,0.4390530180115433,0.2108356495934454,0.30123778246315613,-0.09862189050031137,0.16996786411758918,0.2733252072715338,0.211974951127988,0.09611261720998185,0.16181733740849916,0.45639756682273147,0.4209395012842179,0.33339790571908906,0.22158724895172427,0.1995603592701059,0.12900041356618586,0.28848525103930145,0.23469709993212778,-0.15403640294300353,0.3309206474338166,0.017156405650065595,0.20614681829002485,1.0,0.0833029443757905,0.056126905926691444
total_vehicleRate_df92,-0.06530213724744706,-0.026907464194663156,0.22319209608047288,0.08356039394791435,0.1395915660974831,0.18634406270928494,-0.02354297088947339,-0.09366318948529453,0.1655182913551062,-0.14032827181388402,0.16431110656587347,-0.6203061831709579,0.3142581191575501,0.10201075954460291,0.2670238556299265,0.2516546900646665,0.19544978525832143,-0.23075887808110412,-0.10318717916856307,-0.14393995635461493,0.0827773306858238,-0.05368528614581553,0.06939760363267221,-0.18197954871108687,0.09906450322393383,0.10892511254134825,-0.08628998815806906,-0.376194578943445,-0.0073636104112634075,0.1584175540136531,-0.19543300016014442,0.012224813904502056,0.036501305913841195,-0.08452247713010022,0.13692930693124195,0.059967114981845544,0.029235286143175644,-0.18822433122495685,0.034668521779183135,0.30658658915021864,0.14761754724727955,0.2106901279116016,0.17530224605430073,0.34149090069853066,-0.06673690753307686,0.311411232118497,-0.0035730017213221484,0.07011595463565304,0.29211562769496063,0.04155133279613397,-0.2519380403610494,0.4601778889915797,0.05079809584353321,-0.24056752093523642,-0.2179695020568485,0.1363282721425318,-0.09930333643318551,0.06689830172132566,0.40029909999551117,-0.04204030723490906,0.09828073612282189,-0.06493361654471845,0.1600273007747576,-0.06055945560622334,-0.11721598144660328,0.10963633942310477,0.21757720444513276,0.043067510282586964,-0.07482887377272326,-0.1581042725074013,0.21687334509633766,0.3912158351117824,-0.11530409282320116,-0.028938264151071095,-0.03173109326984114,0.0718381560226387,-0.11584797608912742,0.13332181646866156,0.03854562095693259,-0.05211206121106074,0.09619077683098873,-0.2195959001714633,0.051198323852565196,-0.022405082782459007,0.434137193543558,-0.10350847040484445,0.034645245689961975,0.34345746001297195,0.08090039413208448,-0.1346651485973218,-0.11845337922220235,-0.0986794198197453,0.07966531502936589,0.12072537804464241,0.31961878718385967,0.11553200384251316,0.3431603989623769,0.01852421037435182,0.09784462594016,-0.08064325008839578,0.0833029443757905,1.0,0.4840137349941433
NumberofTreesRate_df93,0.17278308088347202,-0.11964220946527276,0.15501012258142938,0.6843539626795492,-0.015021749912929025,0.40721074854026057,0.0038975151431305155,-0.5727913492831185,-0.4002746349021801,-0.18203109777062657,-0.24118968360492665,-0.32596034249767253,0.5836879588729716,0.5350393048371792,0.5834778857789621,0.25397754936253747,0.6745826193460113,-0.25549230086962227,0.1435184988296954,-0.3200802939302575,0.37783677393592285,0.22573005282735678,-0.3823718261702665,0.11484781579237405,-0.2569943531855163,0.18926757493669263,0.3632145904113478,-0.4215180497006456,0.4795368669676286,0.597063291357829,0.17973634037346783,0.07070529657414716,0.051437123088730115,0.08006879139269614,0.5236740522536939,0.4900477051215319,-0.2996674248268011,-0.41078339716075835,-0.22341897348959655,0.12357844989904834,0.11401976846347313,-0.07757409142375415,-0.0946015839837937,0.22511684566291318,-0.08663524959648652,0.06233357934700715,-0.3294544423101954,-0.17187246772782383,0.16656086198465495,0.21072814643693194,-0.2639493698378437,0.32506029347378257,-0.2900159762821265,-0.4217352264223262,-0.37770531277864827,-0.21565337150386352,-0.3791294939096323,-0.05004527585936078,0.4330024397129281,-0.11667596683920595,0.2492723232784384,-0.025346368814966696,-0.26992092173415544,-0.23086024479931383,-0.2662515730369908,0.13972954109048757,-0.14590012554039442,-0.3262879052146199,-0.043469027008740016,-0.2505549602412472,0.5930521503740861,0.5541833528921825,-0.019629856441910346,0.22721995697626224,0.026346465566114315,-0.39054669713145385,-0.009305911084189622,-0.25743355036101284,0.31697316687855664,-0.09095857545794014,0.23079622859701454,-0.10194802225624447,0.09050550292012427,0.15565213987607948,0.8754061259156863,-0.11449753141254013,0.1978195007378748,0.6004643990678536,0.12422766714405781,-0.021004654128392662,-0.08674797851663055,0.1601460841150438,0.24238742345061076,0.24187110751936305,0.5023186976757695,0.32330452224493555,0.5227568496907364,0.036963590776815186,-0.2003780851524225,-0.21114901026674512,0.056126905926691444,0.4840137349941433,1.0
