,PercentVoted_df_dv,AboriginalHouseholdRate_df5,ChildrenRate_df12,MedianHouseholdIncomeBeforeTaxes_df13,LargeHouseholdRate_df15,CoupleWithChildrenRate_df16,AvgRent_df23,RecentImmigrantRate_df24,OverallImmigrantRate_df24,CrimeRatePer100_df26,NeighbourhoodImprovementPlan_df27,Total Population_df32,SeniorRate_df32,Married or living common-law rate_df32,House_rate_df32,Average household size_df32,Median total income of household in 2020 ($)_df32,"Occupied private dwellings by period of construction, 2016 to 2021 rate_df32",Mother Tongue English or French_df32,Indigenous Rate_df32,Canadian Citizen Rate_df32,Non-immigrant Rate_df32,Unemployment rate_df32,Advanced Degree Rate_df32,Long commute distance rate_df32,YouthCrimeRate_df35,Neighbourhood Equity Score_df41,Walk Score_df41,Debt Risk Score_df45,Home Prices_df45,Early Development Instrument_df46,Pollutant Carcinogenic TEP Score_df47,Pollutant Non-Carcinogenic TEP Score_df47,Pollutants Released to Air_df47,Breast Cancer Screenings_df48,Cervical Cancer Screenings_df48,Female Fertility_df48,Premature Mortality_df48,Rate_HospitalAdmissions_df51,Prevalence_2+_ChronicConditions_df52,Prevalence_Asthma_df53,Pravalence_COPD_df54,Pravelence_Diabetes_df55,Pravelence_HighBloodPressure_df56,Pravelence_MentalHealthVisits_df57,AnnualRate_Hospitalizations_df58,Birthrate_df59,PercentBirths_MothersNotBornInCanada_df60,Pravalence_AsthmaYouth_df61,Annual_Injury_ED_VisitsYouth_df62,Annual_ED_MentalHealthVisits_df63,Pravalence_CongestiveHeartFailure_df64,Annual_ED_Visits_df65,Annual_MentalHealth_ED_df66,Annual_MentalHealth_Hospitalizations_df67,Annual_PrematureDeaths_df68,AvgChlaymdiaRate_df69,FoodInspectionOutcome_df76,VehicleRatio_df92,OFFENCE_RATE_df1,CulturalHotspotsRate_df2,HateCrimeRate_df3,HomicideRate_df4,MentalHealthApprehensionRate_df25,PoliceCallsAttendedRate_df36,PoliceTicketRate_df37,ShootingsFirearmDisargeRate_df38,SocialHousingUnitRate_df39,TheftFromMotorVehicleRate_df40,City Grants Funding $Rate_df41,Salvation Army DonorsRate_df41,Watermain BreaksRate_df41,BusinessesRate_df45,Child Care SpaceRate_df45,EmployedRate_df45,Social Assistance RecipientsRate_df45,Health ProvidersRate_df48,Student NutritionRate_df48,Green Rebate ProgramsRate_df47,CrucialSeverityDineSafeInspectionsRate_df48,NumberofBridgesRate_df71,NumberofCafesRate_df72,NumberofClothingDropboxRate_df73,NumberofParkDrinkingFountainsRate_df74,NumberofFireHydrantsRate_df75,NumberofAirconditionedSpacesRate_df77,NumberofWashroomsRate_df79,NumberofParksandRecRate_df80,NumberofPlacesofWorshipRate_df81,NumberofPSSLicensesRate_df82,NumberofArtRate_df83,NumberofRealEstateAssetsRate_df84,NumberofLandAssetsRate_df85,NumberofSpeedDisplaySignsRate_df86,NumberofSchoolsRate_df88,NumberofBenchesRate_df89,NumberofTennisCourtsRate_df90,NumberofCommericalIndustrialPropertiesforSaleRate_df91,Rent Bank ApplicantsRate_df49,SumAffordableHousingRate_df70,NumberofMotorVehicleCollisionsRate_df78,total_vehicleRate_df92,NumberofTreesRate_df93
PercentVoted_df_dv,0.0,0.010968991799233555,0.9980538879964514,1.7837963963326966e-05,1.9316052260971385e-05,0.23749811436117735,0.07270599802061829,2.184716504235883e-06,3.362153086920125e-14,0.05364786921520509,0.0001822173464789508,6.978236994828905e-05,0.5129248831094565,2.1729967089391586e-07,0.02367481622136819,2.503871852523847e-05,1.4688017719473386e-07,0.10901781161077986,3.477769821883601e-24,3.6845487423243794e-06,8.645398152221158e-22,2.265309254623971e-31,2.4707242916626986e-12,1.453961595740769e-10,3.778163142425923e-12,0.6291266345881269,6.693285215006182e-13,4.856875476915028e-06,7.12265059893488e-08,1.610541116829648e-08,2.9097042002712794e-08,0.05936382032134748,0.15831203710373623,0.010225185614210623,0.015802436698925615,1.0437895131463261e-14,0.0032146997258121575,0.14222690716369665,0.21225495504636638,3.934899157182631e-05,0.0008949920941968912,0.8298117836662092,3.828289249808859e-12,2.320198225314374e-05,7.465785741407377e-18,0.8432398965368353,0.10123818477216623,2.17078741545786e-27,0.12339432326900691,1.1789675055757434e-09,3.8165434257904035e-05,0.10021560925442254,0.03221903638223532,0.10806771290897636,0.11162943974595135,0.9337906143854229,0.009054859594129815,0.7544884592101676,0.0024064928374503943,0.02490334109424691,0.0019339589761707687,0.20181026045895445,0.030179147473851326,0.682028708933554,0.6470512161884986,0.8825730976214675,6.958425129298991e-06,0.9837953829227979,0.5218342621384976,0.14415005135161935,3.103164460925293e-07,0.25638697235681174,0.23461268019681392,3.5850111898651804e-06,0.031183380167679853,5.194148930558294e-06,0.9149510997289895,0.004266247368270321,0.09833520583408514,0.6344324518756096,0.03737227304063245,0.0015176799889783583,0.002129366657437946,1.0364675014166083e-05,0.3518816263411212,0.5478966395528537,0.010153413842755614,0.005176496274952196,0.04757351949626409,0.39377861081930654,0.38213251879731114,0.01884016910087121,0.6811144864090343,0.960934154479405,0.7572669302694863,0.021566105713487927,0.41058565055851315,0.002475117437944361,0.0001611006992854071,0.2974270109031298,0.08775781414590592,0.4433451280404609,0.04120627828080836
AboriginalHouseholdRate_df5,0.010968991799233555,0.0,0.8640755349174122,0.17824928902900236,0.04176352761925279,0.1441052462085765,0.005210909994209259,0.00210285340640077,0.003845091906465135,0.1734906068712901,0.5547859383067718,0.03049351753597116,0.07265808904576943,0.23314083936065932,0.35411292222881807,0.07927260614725201,0.15619112256510848,0.10354128371767811,0.00018063289362412973,4.722077034157986e-38,0.003594532211530813,0.0016835139927311171,0.27644890177850123,0.5523893552176778,0.6190375935399389,0.14720200971694042,0.37242760074556325,0.10457559382894388,0.137800684024589,0.49070032535084496,0.3576779803990775,0.021173945346080164,0.3680941691679463,0.3843722807515594,0.02330440812882207,0.8984599937467954,0.3042060668740246,1.3863863583981343e-08,0.026570650389274798,0.8746080913204561,0.0023593752573867867,7.665372838862846e-06,0.7857219068639627,0.5518200190665843,1.1592061719396809e-06,0.6343681217385206,0.333725363189206,0.001330203238442746,0.47112509541809783,0.000812893374051087,3.886110894955889e-07,0.22844381658851914,0.0016300456223006072,5.098560830315232e-05,9.549258746315774e-07,5.896692763042442e-08,0.47096469700140486,0.00038298635328033086,0.1059244504517133,0.14788414951136714,0.08557131894630832,0.6350407450486991,0.09013103516941995,0.0038319037053442242,0.01492275352179357,0.6771629906412986,0.7562553737829159,0.07701323273971111,0.30863861226503325,0.970486957460246,0.6565288059764877,0.2726925495065365,0.6099555326392051,0.47880498663530346,0.27587877722543785,0.05211205221528179,0.16809123173832394,0.885767046649047,0.1991101281254505,0.876645769270835,0.028177059540643416,0.2437570689853021,0.41982019118063474,0.04161853449313986,0.7995542423867349,0.021680337636760024,0.06561817895545839,0.04593506881159872,0.21831861224948798,0.8967138340358428,0.54200409429211,0.028673230379657376,0.4949703834686632,0.5203673987793751,0.9422744130301899,0.5463932952677826,0.18600931062292458,0.5247801826480386,0.026037026114291255,0.9945076130415381,0.5070385411032087,0.8151046279130585,0.29678859125732887
ChildrenRate_df12,0.9980538879964514,0.8640755349174122,0.0,0.013314357601118234,9.751523413743962e-14,1.4466224457420693e-25,0.005725984575278965,0.24808839987571135,0.006499354860992059,0.00189082430786641,0.001058624145667198,0.19041336411122972,0.8295197236428727,0.0009213735029607766,1.531365786661704e-05,8.698830786000642e-22,0.017658161339340867,1.429622639058486e-09,0.8278160830050132,0.50142917140005,0.03310670389712045,0.8227077702684719,0.07348847292538807,0.00017048389896875195,0.013512541498015791,0.002971714556576267,0.006520934315657501,6.340315224909079e-08,0.1314682662768159,0.5677501510312576,0.007954975018275382,0.37036221846930517,0.26075215855935757,0.3545356259243956,0.5991979990451531,0.5444024336779344,3.105861737833871e-10,0.2603655386685471,0.0132078937958049,9.038126818925236e-05,0.00021565440241183104,0.4197930138698181,6.636782899935432e-05,1.437368530095316e-05,0.4960447308782637,0.07232820116505119,0.0004079990293980937,0.4873029127145675,0.06367780953418078,0.7796715469848058,0.027978275433085814,0.10997398539779948,0.26262623182450734,0.0011147539798088972,0.0650593026614615,0.39111766530608616,0.00012678306054294294,0.9302120072137512,1.879995424078844e-12,0.0004869736035806822,0.6866964979020576,7.286918874480097e-09,0.7179392421649867,1.3255254854170628e-06,3.195978463763327e-07,0.27481430472613416,0.19082343411600222,0.4673482175274869,0.002167657180275352,1.0793426402780619e-08,0.71210826286207,0.5586563891066098,3.370451323516689e-07,0.4092479329301825,1.4136034150844707e-06,0.003858298890332382,3.6789008856528796e-06,0.012476430170329959,0.010067802431184332,1.6092892965223486e-06,0.40885737372339437,4.7240908351553256e-07,0.025607480564218407,0.005775996722671981,0.04807384202155929,0.40424844241842406,0.9396668040385587,0.5613698738605851,0.07987656849463828,0.0004325280404931948,1.7954676817698014e-10,0.35982441109281676,0.7937948264016197,0.12967697578217255,0.22573866172083223,0.3691274682596914,0.17498711617907287,0.0010730079960990855,0.061344464504595554,0.5897059580177049,0.027059996955103763,0.04950597767400882,0.17538054042691997
MedianHouseholdIncomeBeforeTaxes_df13,1.7837963963326966e-05,0.17824928902900236,0.013314357601118234,0.0,0.47326964134739635,1.017666887367643e-08,0.49918350593309035,1.676560807484884e-06,3.804894760342449e-09,0.0007258480434839867,0.00012675836969927289,0.11561937116021277,0.0003082736864191787,1.4775109857123033e-18,1.1350483113473842e-10,0.21623557678356653,1.1613588314935503e-59,0.3194665386013607,5.840681741467365e-09,0.08190238791269218,2.1561541810285832e-09,7.26480646537024e-12,1.596154422580023e-12,1.4067188240958806e-06,3.3709442598655657e-09,0.05416678811492663,9.035619745662079e-13,0.6313230716485843,4.0463778840240525e-15,1.9956860351546663e-15,0.0018806147857392285,0.9446693508539511,0.5322146465040853,0.7113217416935993,1.2392017294786512e-14,6.405242061664697e-19,0.01031752293555616,6.470408650468384e-06,6.147660610403915e-07,0.0036214913552751185,0.24915385154542086,0.00019202682947066233,3.7273805426369756e-06,0.054632179439278,0.10413539623639023,0.003789190747370728,7.521251986023599e-07,5.449656940345695e-08,0.9521990136944777,0.002442976051927652,0.9935271537991542,0.14504579812592205,4.6594690148458145e-09,6.526611267780209e-05,1.9606428730266266e-05,1.4886831403104211e-06,8.432659708586124e-05,0.6924201851721947,0.1353371293255703,0.0009271252268332144,0.5579742941956588,0.8788684643533844,7.254609778728865e-07,2.1532447752216095e-06,6.862788657324985e-05,0.8245402640427079,6.393851142335516e-06,1.1364752232238954e-06,0.12585596201002291,0.045075474004533836,2.3195697506884315e-18,0.08749435523216738,0.17027927916354424,6.603301489731611e-05,0.10894896032728701,5.384494485677864e-10,0.8841744790644037,4.044061962336634e-05,1.1112987512689332e-05,0.21628837480034005,0.5519496424427703,0.7903874794005566,0.6683724544745678,0.8171022382583484,7.052234144654112e-07,0.645746752447573,0.06540396596293628,0.013265363875440464,0.623764200175276,0.45461350475440687,0.43111545160747533,0.10983651688538942,0.23183657361757748,0.5141617449832441,0.16035080814966196,0.43403731599199585,0.0033429052095898786,0.11077979115096445,4.6907921551150606e-05,0.003484818989255324,0.081073946342718,0.46701524261424354,4.92939078455337e-12
LargeHouseholdRate_df15,1.9316052260971385e-05,0.04176352761925279,9.751523413743962e-14,0.47326964134739635,0.0,1.4299707384433862e-08,0.08832448734511274,0.28878204396532775,2.2472021706136163e-12,0.5840468074175623,1.4791285373426134e-06,0.17995177778676408,0.9435780709569694,0.5203943357685747,0.11327347755576131,2.1924333363046632e-29,0.38123110901806134,1.6628283550272757e-05,6.82744477046492e-05,0.044588733365525546,0.2445480001377223,6.184691732930812e-06,1.5702438126195554e-06,1.4838100440571955e-10,6.530287824218668e-07,0.025741381130851497,1.8319110445701053e-09,2.8846218253416225e-12,5.9465796945501474e-05,0.000957748716630549,3.8602035156229376e-05,0.3184263663975312,0.09646623036185148,0.0017685907552474449,0.005608816740790491,0.0001776939224333689,6.2911327998577585e-12,0.5372685810420583,0.77807537019836,1.5015830816881307e-10,0.027400687297119145,0.21489588974435997,8.04180703742908e-17,6.52351982647369e-11,0.00018951824064424472,0.04242583440651233,7.98657104753207e-05,8.293793074262165e-07,0.005357629485411349,0.00025022961576310883,1.5610582079508465e-06,0.006215851576270314,0.0008476695334294613,0.17199786088219804,0.4547541992103111,0.14174211676647866,0.22459262305452835,0.8778758800483824,2.737167589387694e-08,0.9580473324943937,0.21407902018980463,3.176812708322267e-05,0.020693598615150275,0.07357482865322988,0.044374785914370246,0.6656093320913706,4.0347080251803844e-05,0.5024477110643931,0.7605860865081366,0.004800333991937682,0.013795032370153861,0.424903208365366,0.008530355764457487,0.23313660807331038,0.0311067772854018,2.4462181656839254e-06,0.00019378883377264754,2.7892211295360226e-06,0.6336466914407454,0.0008274750083064001,0.004842732507011918,1.0684025061835617e-05,0.034294001645926095,0.00010038668116832744,0.27006023446716076,0.28944241661841763,0.5495350698216104,0.04838838846502555,0.15767145562370527,0.0007008211772829812,9.220529007153907e-05,0.1315239599284833,0.39036339135921644,0.036875576134356026,0.998670700588415,0.06447963454458408,0.9109054829970028,0.1550270839293068,0.006122815836735162,0.7396692798642798,0.9076036297660195,0.22287711816234146,0.8961440399972433
CoupleWithChildrenRate_df16,0.23749811436117735,0.1441052462085765,1.4466224457420693e-25,1.017666887367643e-08,1.4299707384433862e-08,0.0,0.08869933022336977,0.00556902503023431,0.5303799860268559,0.00011908658341428209,0.7976621355192218,0.1963518213850821,0.02826502439109825,1.477560540236476e-11,3.3402852417104933e-12,1.0274082592128427e-17,2.4080682316452555e-08,2.2744480205075268e-07,0.476927752447843,0.048037083721378784,0.0002765637448566031,0.16967507243820368,0.2834305849544543,0.11423548718265464,0.988220150205644,0.00024207803620693294,0.8045089058720802,9.411249385838084e-08,0.040973383815699156,0.08122515726712651,0.43311960302117475,0.5486822711813513,0.8434003008872425,0.4012586514647596,0.02062746942061854,0.0029432217952728877,0.0026443448420072945,0.0019366902253710662,7.164639702216929e-05,0.00905068677968383,0.004855638887025068,0.6335811408714385,0.0480245044506456,0.0004389013475890689,0.5059889372830915,0.8551945404761641,0.6284748121820649,0.4432192725340906,0.4281014244265319,0.3179542785492928,0.021388742642816372,0.24091084614506658,0.2275728709625792,3.7344317610194165e-07,7.343019181835038e-05,0.1976779360995655,1.99700015300233e-08,0.7196782032982729,1.8013669806625422e-11,5.7527451862089726e-06,0.8730663885372927,5.5090873535685654e-06,0.02667051001162376,6.902473772884538e-12,6.943983453935053e-11,0.311803585483883,0.14927304979859796,0.0005136245805381813,0.004074293994891694,1.651347849622268e-07,0.0024510227914201505,0.08871645425615729,3.39620448232545e-06,0.04627859813349296,1.3038128725555888e-05,0.44986941376471967,4.4069996664670066e-05,0.8759195787738665,8.386735230703597e-06,1.7739859327472875e-05,0.12772415138253687,6.537362791287764e-05,0.06183990276596995,0.010066823044557227,7.118018644862288e-05,0.2635385579765724,0.36000699841105144,0.8507835943960071,0.08175053192237342,0.0037361354691238732,1.7743052005722858e-08,0.6820201519879328,0.6806654009496798,0.0844047834868403,0.6675827967926714,0.6354127010725032,0.047419000421353455,0.001884082868301742,0.3266221435108946,0.058495507581937375,0.03291323142268339,0.10236014419983148,0.0002155614278363338
AvgRent_df23,0.07270599802061829,0.005210909994209259,0.005725984575278965,0.49918350593309035,0.08832448734511274,0.08869933022336977,0.0,0.2997840855674745,0.6081328003842158,0.7780170816991523,0.35703330927511445,0.020515024949102015,0.4989944995380458,0.9043423882604167,0.13229457469871253,0.009148357404276618,0.4292997177910329,8.323873836610314e-05,0.369233713466733,0.015842919409179607,0.0597164308461489,0.5146774820405599,0.18324325125907281,0.005623658075240991,0.030824573334551682,0.26496248251228777,0.01709827231605796,0.44657159527068907,0.020456619875870732,0.28700914503749625,0.6304320901889006,0.8467237130283005,0.7524279848331475,0.8270648139492477,0.017907021818782662,0.9573075109080476,0.0020984349836799935,0.022122649872295418,0.19353052909598217,0.014943891881768168,0.006385030976860656,0.001718552375945818,0.02352554551695644,0.03767716852058428,0.026370822306269012,0.036880417325040236,0.0005422672370714612,0.2904648036834216,0.6923142716569687,0.6960455986985732,0.1241746914906213,0.24402108882418594,0.008755522536018431,0.15893234887703675,0.012642574272754576,0.00096616685265365,0.7778305912229247,0.6320187085100394,0.04862856767470875,0.7959235928110081,0.03995829221553804,0.014820742717835022,0.07012506058465358,0.4085623899673326,0.860602297405608,0.7980084756255905,0.11688038425065052,0.07370297833618997,0.4866450243463487,0.0023566679756901873,0.02698591946960175,0.19468519491100675,0.12039007154338678,0.5356258860700267,0.001233011492213945,0.00590742601283313,0.04851104735560117,0.08903125054677011,0.02633811564605092,0.4510116157851042,0.06627098507344516,0.2387804591324502,0.6352757951497601,0.5647854068571033,0.8761879890801132,0.00827230917632476,0.2593833502982161,0.9146201744707453,0.006062995323626562,0.7290674084168521,0.00011824851549574102,0.6330829047139377,0.18548563028123244,0.6354629168156256,0.5888293391636142,0.3703797583723346,0.8154948534617408,0.0019579133038802603,0.11394452933597544,0.9000165252493824,0.6332238879333438,0.8500088486813272,0.9750284795048003
RecentImmigrantRate_df24,2.184716504235883e-06,0.00210285340640077,0.24808839987571135,1.676560807484884e-06,0.28878204396532775,0.00556902503023431,0.2997840855674745,0.0,1.2108042120341282e-06,0.24612425059392382,0.005815257437122849,0.0008537223108874089,1.7800461515161592e-07,0.00039648401339666063,3.6702650536730216e-13,0.45629220377374435,3.652571130547418e-06,1.3409898425747912e-06,1.1918733770501203e-11,0.0027008749295265432,2.131624570887098e-31,3.69636828302293e-14,0.0004729953317557823,0.7253753572138062,0.0019398276304883675,0.218941311153741,0.00264950264119447,0.14594770370115498,0.0009140204182119271,0.00036397556020787466,0.008994556156812009,0.22662804057050595,0.6641668447868923,0.5940318541130349,0.005867203325505152,2.213300178332886e-07,0.0064260010844543695,0.8153457572358261,0.5099350927553615,0.14124590364583994,2.859344105993107e-11,0.007893805814555243,0.21402270874141371,0.07714902424789165,2.771426008597568e-06,0.07462006110468757,0.0003014391672422058,7.223236874838457e-16,0.0032058646618806953,2.765890017863326e-07,2.8686325573534725e-05,0.02280257944075551,0.962123935089554,0.6239191845282116,0.1887428860233635,0.08023705447592565,0.014742505903099262,0.037481673666838175,0.31812083470658203,0.1653594101692475,0.053463170998904345,0.6384469162620434,0.30076115363880096,0.24386398529684075,0.14833580357960277,0.8323226210604807,0.12463689206562534,0.23654197244649014,0.8914683403151968,0.0745117862600461,6.425200769566925e-06,0.01564442467001139,0.04761517951663525,6.901604834498582e-05,0.007107804046546888,0.01257210622016832,0.07068761913234889,0.06977096722083873,1.482568468724914e-11,0.4907458309319752,0.892168377988675,0.4877245661062528,0.6331049096174481,0.059547657817215036,1.3098776398818067e-08,0.15052118426727176,0.004108796552439389,1.68857263853204e-05,0.02338636569002716,0.9602652123168066,0.07113777026928403,0.0012987270560522218,0.0004903193751963264,0.008941974438740456,0.0597217758072366,0.01335735385805275,0.04860015207793175,0.0012770283200493086,0.2678117335131445,0.00022250739323597768,0.661818426170359,0.4146999256638607,4.2577389905617776e-08
OverallImmigrantRate_df24,3.362153086920125e-14,0.003845091906465135,0.006499354860992059,3.804894760342449e-09,2.2472021706136163e-12,0.5303799860268559,0.6081328003842158,1.2108042120341282e-06,0.0,0.15798075171606818,3.7548308315404304e-08,0.04049027632847409,0.09382555693881205,6.110807154673259e-06,0.015102129241044433,1.9908041873603988e-07,7.48399166612898e-09,0.1549624151289452,1.2667020455234161e-24,0.009304589874698316,2.103340724881949e-09,2.156255454379285e-31,7.62123944243603e-15,2.831859349488304e-16,1.7528867087724508e-17,0.5928283251830792,5.08903760158425e-22,1.3415300612135487e-06,1.9927537853661028e-14,3.927013224580327e-15,6.940113725025495e-08,0.8028212773285736,0.14089996907453248,0.04031999579970168,6.709022765796597e-08,1.5659562864607038e-16,9.864144873174405e-09,0.5915192741010113,0.03189185142487659,3.5827488341249884e-10,0.8304913585476307,0.060297704462793617,1.2850617599865698e-21,1.2058508732669034e-09,3.725910211023172e-09,0.0022078477222539144,1.291715543824506e-07,8.547035716606507e-21,0.11158800956227061,6.142484296423683e-06,1.7554530722869008e-05,0.0008285329829638388,9.3986046549536e-07,0.9435452626216763,0.8739040139443125,0.019961078984579238,0.10619365016928967,0.41803748576350486,0.0008649443187454605,0.24613013259429461,0.14080111723257463,0.0023639992899519187,2.7781523998066218e-05,0.5866490879024386,0.9341205297194483,0.9197514543049572,1.1112725796715832e-08,0.00915004246823671,0.9453714664629737,0.3562575841843608,9.248198512302938e-12,0.8686404401471749,0.2918822811538992,0.0015853067230653483,0.69506150748837,2.956292905924577e-11,0.03747159370547269,5.9546281613934526e-08,0.0034835076791415384,0.061865484241285594,0.045282009680817,4.641578234127424e-05,0.15706420160863996,6.977533342133682e-05,0.02030242850675954,0.25144001117750814,0.021911981296259472,0.0003977862141113601,0.1902432213840158,0.004003335286792484,0.08153669672660524,0.002208276712820932,0.34776339237102993,0.7228315197240703,0.07577151368361495,0.014082478724632776,0.1788085091599273,0.7845914336822757,0.0001781369212329034,0.01742561417164629,0.3191652989775697,0.14755361354131286,0.00028219933221887785
CrimeRatePer100_df26,0.05364786921520509,0.1734906068712901,0.00189082430786641,0.0007258480434839867,0.5840468074175623,0.00011908658341428209,0.7780170816991523,0.24612425059392382,0.15798075171606818,0.0,0.13453192055918042,0.05102239171811871,0.0008164157901842718,1.0949696029034977e-11,0.0005723433159074531,0.022546748862058926,0.00019853899510025922,0.00632479178579613,0.6623413698612856,0.06653896110303348,0.015562576735292908,0.22696321187983615,0.0016010344586201311,0.8904320445596317,0.9236920822331207,0.000538181356760932,0.02883806515591861,0.001207099586306438,0.0004105659762673634,0.026154973663155515,0.4808257990575539,0.005888097680510759,0.035917077312852395,4.331406511020341e-06,1.392055288679483e-05,3.559219026390627e-07,0.8390426975152706,1.030480249466636e-05,1.2039091307282989e-05,0.2788776565635465,0.33223027564950813,0.3151166313844553,0.7349520288902978,0.032805547381598,0.9067705256573304,0.6219739358547471,0.9509432445408253,0.15456420200099344,0.9638279264694583,0.01123100999160822,0.44084238923595986,0.23412590108971995,0.012548910494353162,3.8035467445579976e-06,4.9110035638727926e-05,0.037327178907628454,1.2335408566813357e-08,0.28141980507844055,1.0320770808104961e-07,1.0309376198853032e-57,0.38470488332364405,7.454547417916282e-12,2.880536105445395e-07,3.7012568654984775e-19,1.3450073279139128e-30,2.6425738605043395e-06,0.00023672497036645234,0.003191427873182517,1.1254433621932329e-29,1.2298697835854039e-12,0.0015524983275809782,0.15815077325134363,3.1012839689498573e-22,0.3156586308414821,4.439414504513013e-14,0.037553410207586284,4.760915489413578e-06,0.00034141927001677877,0.004085761204377539,6.631326810109356e-10,0.6767609187558763,6.408968086067047e-08,0.699559841163819,0.5553761380313575,0.8976227005564872,0.4677506914647321,0.8291807889527144,0.38743196280791914,5.733362380735423e-09,3.3655796476870497e-09,4.8054385888103255e-05,0.1757101676107003,0.446680857291086,0.3680401021215698,0.020819046031143523,0.15215462538360053,0.00857606051965349,3.181384194258004e-05,0.15962295644038046,0.05563670239580347,5.655281583269766e-13,0.0981897747142409,0.03135575990085775
NeighbourhoodImprovementPlan_df27,0.0001822173464789508,0.5547859383067718,0.001058624145667198,0.00012675836969927289,1.4791285373426134e-06,0.7976621355192218,0.35703330927511445,0.005815257437122849,3.7548308315404304e-08,0.13453192055918042,0.0,0.6490195635535517,0.0023958319031269523,9.648237113412197e-09,0.02155789240859062,0.0001109145703625686,1.3251773118818867e-06,0.08506935193277199,0.0023221080297299926,0.6705772760915444,0.0009998095864762852,1.0684973235065248e-05,9.98628523490281e-18,8.026577048073557e-11,3.8261762474888286e-14,0.9680064099335708,9.5842925835667e-26,0.00024067896552195804,9.102081737436225e-21,1.5748698953177644e-07,8.106188828512113e-12,0.020179847592248945,0.2753614479256273,0.5332573675036338,9.215338330241297e-08,7.832928148191476e-11,4.109989587869382e-15,0.01930087848272901,0.0033061226693717237,8.225735681027902e-07,0.0020446419949427244,0.001439460701341075,1.4011246431065194e-11,9.209029239223432e-05,0.39178922605934563,1.3345943195314615e-05,1.603711353284206e-10,1.3251954779656377e-06,3.904603871107915e-06,0.045932211813336156,0.7554763338669964,0.01241419410592359,3.9848956783488984e-14,0.0070575765539668215,0.028506798700502933,5.22155926468209e-06,0.0042687965962218185,0.5489468885075923,0.03937336050994587,0.012995116463634129,0.6719870530151985,0.013723021640678682,1.629870167016368e-11,0.06760772564608075,0.1412294225352155,0.8756116830486962,5.097487322906259e-17,2.993163250244882e-06,0.7655011098988272,0.5495625706128905,1.0253800432690496e-05,0.6792563162105761,0.3233375954837955,0.02112760338737184,0.27811010698531397,3.893071196371231e-29,0.008275792690831988,1.6970235513869789e-15,6.337608708431832e-05,0.07586811198360308,0.7237538660998253,0.0031670730100924692,0.16728972118759194,0.08785514293466208,0.04293551798504829,0.8295037555589576,0.772292917974384,0.48928737085116064,0.7825198355155456,0.20131802622387737,0.069160155851382,0.4286117098443121,0.22650779459078368,0.6414479774300101,0.021802343045853934,0.007210973115857413,0.29582305869653597,0.7304452241222248,1.3909621785275732e-08,0.03516384152499737,0.46954828258647546,0.05238806092933085,0.0040954430302073686
Total Population_df32,6.978236994828905e-05,0.03049351753597116,0.19041336411122972,0.11561937116021277,0.17995177778676408,0.1963518213850821,0.020515024949102015,0.0008537223108874089,0.04049027632847409,0.05102239171811871,0.6490195635535517,0.0,0.0017873400409535141,0.0172964745631895,0.0006072881278523307,0.27375387650618166,0.039689779534171396,4.337198684436223e-07,0.005226786288005489,0.027377568775119508,2.6830398570532454e-06,0.0002878822964410303,0.5624352239696242,0.7563354186666615,0.4257586307183069,0.10155546679132711,0.6009574671127015,0.24771203153384824,0.391641787420648,0.0021360796786076552,0.8832720367149351,0.6361057477416505,0.9649924995771976,0.009616796636878162,0.28715086137530677,0.016912192227868442,0.8380007884702734,0.5291848184844786,0.4294030937803726,0.0432121197875587,9.57279716847045e-05,7.321007842106494e-05,0.8051597764261966,0.06243485135373152,1.6607374559300353e-05,6.693331064814115e-05,0.6596560777332606,4.699332902078921e-05,0.07560287572669769,0.005972743056957701,0.16880957429697124,0.000137389375231444,0.2893345628353257,0.9032978964966494,0.5699447079725308,0.005744111148342696,0.06849517789323628,0.9228219932202387,0.06219029199549546,0.3310175288741508,0.03051114226464715,0.7463292633225435,0.27224323749881174,0.6005593742322174,0.4459408809223923,0.643086285104395,0.8559206624646396,0.4033992173749593,0.7865445882721198,0.042110264500512466,0.005464661667140729,0.039599439572838256,0.23347856575850248,0.0006712168852628737,0.06443484751782459,0.5146265235388187,0.8239480457629081,0.26062375718481096,0.024886863482741373,0.8203911910925366,0.00024699675400795495,0.8936817673417425,0.7757863175016552,0.3482091140158758,0.00018802146516087317,0.19631357765432153,0.21441963883866472,0.00034684363009535436,0.0025435226515556695,0.6369944834588046,0.0007394368832052606,0.7143940738312461,0.5283599405446838,0.03800200840868716,0.02539947025943802,0.01066479800999335,0.035131123402803964,0.07852989711840953,0.6532074085358942,0.0796463612743041,0.9571773893395323,2.998418613505804e-16,8.490034303291535e-05
SeniorRate_df32,0.5129248831094565,0.07265808904576943,0.8295197236428727,0.0003082736864191787,0.9435780709569694,0.02826502439109825,0.4989944995380458,1.7800461515161592e-07,0.09382555693881205,0.0008164157901842718,0.0023958319031269523,0.0017873400409535141,0.0,1.5362792884287144e-08,3.944244385574393e-08,0.0051412322458999,0.0001671876606694539,1.5325024895029415e-06,0.19328760461949962,2.458127813667389e-07,0.0020581731762455615,0.7807793940735804,0.06299948916986303,0.9970395828292756,0.32829690466138284,0.00010127074973896764,0.0011561810615173223,1.3713286804004619e-06,2.87903653183683e-11,6.414315894945726e-06,0.09335013927034491,0.4617510318342094,0.9991980211167892,0.45565752304570784,8.763833809540521e-18,9.554814992155458e-06,2.818314729109316e-07,4.589310530786878e-11,0.37289606380184664,8.520100369269929e-08,0.8160816817484504,0.02488231988445403,0.06421060161594055,8.824881769419704e-12,0.011337277393883242,0.07222261315860434,1.5507547033123338e-09,0.9478802682139478,0.8454606577018521,0.2103003692851053,0.0002268795657722115,1.675082940887546e-12,0.011627617667967143,4.596849432382568e-10,1.4998527849019548e-06,0.09344709647629544,1.1791667243479527e-08,0.3902738650462015,7.430396083949943e-09,6.952302920017151e-05,0.8414220726134182,0.0725509762477233,8.912511753851059e-05,4.806406758235069e-06,7.681058574360284e-08,0.6589901609298328,0.014632952447139226,9.647259698789955e-05,0.047907262277534446,0.0005402909644696369,5.852525685214828e-13,3.023686406823442e-07,0.11841388647750489,0.010193346963718684,0.12672156004643756,4.5862985408551406e-06,0.6880860447371807,0.00039915936908380655,1.898657048939627e-11,0.32632834929111915,0.9511035607891607,0.027904998174308047,0.35823692834328297,0.28216508666650086,5.90433440727551e-10,0.11205923649963019,0.9568095988383848,0.0007028784336426339,0.6819553344328342,0.06328025565600562,0.0010155477582229466,0.18824582044851845,0.0713480424053833,0.0005411812191502852,5.741196190234554e-06,0.02000275210950037,0.0004018411321605056,0.5670577700970848,0.0019116866327978132,0.011024492602420343,0.15760157409908476,0.00015602875305224126,3.7699355706288823e-14
Married or living common-law rate_df32,2.1729967089391586e-07,0.23314083936065932,0.0009213735029607766,1.4775109857123033e-18,0.5203943357685747,1.477560540236476e-11,0.9043423882604167,0.00039648401339666063,6.110807154673259e-06,1.0949696029034977e-11,9.648237113412197e-09,0.0172964745631895,1.5362792884287144e-08,0.0,1.1793615392821767e-18,0.0017575455116738408,2.521550629499375e-27,0.002028029398911566,0.010483362320198633,0.004956281346934973,5.828106892902178e-09,1.1833152665250735e-05,2.922807907022718e-13,0.0005659463202394756,1.3287561240950654e-05,0.00021731669537196347,4.8741360406280636e-14,0.024721194499647495,3.820655418795669e-26,1.4812068939781702e-09,4.40175440316011e-06,0.1295865212658255,0.23673606982168496,0.5125285658093015,4.169079699100412e-17,4.499695038870332e-24,0.01556380422765503,6.534763026207121e-10,3.831543848629067e-16,0.4521007127318362,0.9843091847847469,0.008057399323480144,0.005052969206610646,0.43401353594551495,0.7361452010407128,0.005782466393537006,0.004057256470547289,7.312182030451342e-05,0.0329474760351586,0.0004015422317979226,0.12840095964682707,0.6761344644445045,1.7099076682694323e-11,1.4491027839130647e-12,2.5895140239075322e-11,1.1095840018786163e-08,9.369407763989757e-26,0.7458948518062508,1.9824041110261475e-07,3.8683568071269175e-15,0.07829641695485925,0.0020352888716808023,4.853252886056232e-15,5.889072082274656e-17,7.88724859868198e-18,0.048633609223431094,2.015982595817097e-14,1.0869205543653363e-16,2.1052040707810405e-06,5.562992186598001e-09,4.862062714623134e-15,0.028538367035730153,0.0016122994762101345,1.0534365679490167e-05,0.0010089476478931593,5.220120417971128e-17,0.2751779563682635,1.5814858716967083e-10,2.6189297831621472e-12,0.0033592276543544905,0.9632788721597377,0.07073424257985213,0.27641183947850667,0.6494815779538448,1.4181779228421267e-08,0.5605504385956133,0.25685954186913285,0.008764712816118849,0.19705671905558297,0.17377233239968576,0.0003777919138626863,0.8914087572663297,0.37190655155542196,0.1484877567485473,0.11596629289801262,0.08993620549643509,0.0002098236915279026,0.07843060168635733,2.431413543123146e-09,0.003908519812714164,0.0007801518228057897,0.23040445776374685,9.758267728547322e-12
House_rate_df32,0.02367481622136819,0.35411292222881807,1.531365786661704e-05,1.1350483113473842e-10,0.11327347755576131,3.3402852417104933e-12,0.13229457469871253,3.6702650536730216e-13,0.015102129241044433,0.0005723433159074531,0.02155789240859062,0.0006072881278523307,3.944244385574393e-08,1.1793615392821767e-18,0.0,1.2500157702882447e-17,5.032458504362188e-15,3.008114783922867e-09,0.1276000349912375,0.11159199032011943,7.91920619157922e-11,0.015856289722673254,0.07009584050046812,0.004780755269148213,0.7017716827443552,2.3902739562472426e-08,0.0762865645768829,1.905609947937975e-11,1.8733111387138342e-05,0.029183971823289447,0.08534609020469971,0.5702436979664838,0.6017969304892684,0.4691214144628328,1.1032438591392163e-08,8.317724833279078e-10,0.7080442477583774,9.769707793586053e-05,5.00616228401356e-05,1.470866099458145e-06,1.7117988091238103e-07,0.0822528290951112,0.004374851771335737,7.135563209024279e-09,0.5219139662653567,0.7654859686499583,0.3007674387400597,0.0064037994586672005,5.210903445656518e-05,0.00856004279571494,0.007239616341706062,0.0012393888725020987,0.3998818140906784,4.713349185863284e-08,6.657046800420156e-07,0.43716208233830145,1.1629041611408427e-09,0.055234273317116465,8.39785227063793e-12,0.00027432904926887546,0.02445484207873747,0.0008383233495897816,0.04583931381210348,1.0665950614232286e-08,1.2921063871585817e-08,0.5687104662422218,0.2853586271895286,5.210669230601541e-06,0.07480214279300992,8.818079727258312e-07,9.058886070673594e-06,0.001118334560299774,0.019979183848217074,9.70347711945755e-05,0.003231566083801851,0.002892589804565082,0.009863663856996533,0.04195207903867481,9.472522180783899e-22,0.01462002268905851,0.7560571783175226,0.009078285493689124,0.19179410231371097,0.5892777854456088,1.0425701875991145e-22,0.34400165168907376,0.1942912857702676,0.000881755272019859,0.5378394483424961,0.11211309952735429,2.2589291074641347e-07,0.4872207769024022,0.012282256009990618,9.613876639837188e-06,0.000633639675132124,0.07777489891919621,0.0002670323965066187,0.23477465817157156,0.01720403735967662,0.0001252833594153826,0.664549432468814,0.0014263888354924782,3.869244829852613e-14
Average household size_df32,2.503871852523847e-05,0.07927260614725201,8.698830786000642e-22,0.21623557678356653,2.1924333363046632e-29,1.0274082592128427e-17,0.009148357404276618,0.45629220377374435,1.9908041873603988e-07,0.022546748862058926,0.0001109145703625686,0.27375387650618166,0.0051412322458999,0.0017575455116738408,1.2500157702882447e-17,0.0,0.11086692835787296,2.2731230080757222e-10,4.849887657819789e-07,3.87332195595608e-06,0.6965342999153912,3.0102644313188483e-07,3.444295977316474e-08,7.228215763748973e-20,1.7648325476675853e-12,3.2476340324259255e-08,1.994273392770098e-08,1.4208000144997987e-30,0.04820313735375439,0.0010476158580672234,0.0008367080997059809,0.24341059287785735,0.22275398923991185,0.00925554140896095,0.29783280959490316,0.21166707067025578,1.4495810525868047e-09,1.7730859804620657e-05,0.0011964615767135682,4.801372529012452e-23,0.0010895314145853107,0.05453117416815997,3.838456094780705e-28,7.115517204342112e-27,5.4512442924983186e-08,0.09227149042834437,0.001026107372231272,9.744453204363334e-07,2.083473265944932e-06,0.00438938646788691,3.3051078302786934e-07,2.4239083865878196e-06,0.009890134773455819,1.033294317406963e-07,1.3657080975332218e-07,0.8276674454064948,4.215845285428691e-05,0.36224652825912396,4.629718879465656e-23,0.01794774028898741,0.6593501637068344,1.2894788465074437e-08,0.3179076254602365,1.1652538545505998e-08,2.1346452082208952e-09,0.08488135255774103,0.0001422834373823737,0.016970199005556432,0.05161304951879203,3.7281330759359835e-07,0.3050526969925952,0.05163615567261425,0.00692053421208925,0.8580451424156793,0.0026010339094701563,0.00025224307218496485,0.0004200026826003393,0.02009419043161342,7.904144520912833e-08,0.00030259274545679104,0.9268169141789735,5.09626971856391e-08,3.6627301527090135e-05,6.749475396573798e-05,8.26187411713473e-07,0.7935726760057982,0.40379504075778844,0.6178728500062223,0.6927967702777501,0.0010129721164994078,1.1760237382350772e-11,0.009289027137779899,0.19103506700392522,0.000464572864632412,0.17134992465874577,0.39335388454132847,0.011777264760771282,0.7480711467263244,0.05256035298060064,0.030956128966412744,0.2944497842263843,0.0027055875412607196,0.002462008704384464
Median total income of household in 2020 ($)_df32,1.4688017719473386e-07,0.15619112256510848,0.017658161339340867,1.1613588314935503e-59,0.38123110901806134,2.4080682316452555e-08,0.4292997177910329,3.652571130547418e-06,7.48399166612898e-09,0.00019853899510025922,1.3251773118818867e-06,0.039689779534171396,0.0001671876606694539,2.521550629499375e-27,5.032458504362188e-15,0.11086692835787296,0.0,0.22528763295141457,5.138407904321881e-09,0.03890567862613452,4.4977643434741227e-13,6.5025370080282024e-12,6.7204659083149304e-18,2.9834579326891994e-08,1.81987888621357e-11,0.02357923422989859,8.273425264117581e-18,0.2250671661160471,2.5088395544815214e-19,2.459950114929703e-22,2.83085062772526e-05,0.5475152439367266,0.3808371084752395,0.49586647708511244,6.782952014500379e-16,3.623460118254873e-26,0.00026546848627639744,3.728151786854939e-06,1.169570877119807e-10,0.0036626976819495102,0.16968473874081205,1.761653645752061e-05,7.781574719135477e-07,0.09747386164038715,0.29195341923750645,0.00020924665743352172,7.601278323319421e-06,8.433872578435328e-08,0.7277066120143005,5.298387614460123e-05,0.25397761297534527,0.1576715573767223,2.5633552355978493e-11,6.164162747649303e-06,1.2466511821978824e-05,8.866988671234277e-09,2.205030482258063e-07,0.8870041836716236,0.05446569261425632,0.00025701771450376465,0.04371335262800553,0.686801620495616,2.2052955709327537e-08,7.891670807067119e-05,6.134197963563289e-05,0.8189946956421591,5.677393830917542e-07,5.350490216940561e-09,0.049407709091903645,0.015036091010571129,2.122754204828269e-21,0.018552107970656463,0.12065320530158874,4.705035679349498e-05,0.40402276880398785,3.768601149165258e-15,0.6264721826475527,1.736852357113545e-06,0.0001391794910018995,0.20750358148947617,0.07795872451372614,0.6116593504408188,0.34024425211437703,0.006629690753677971,2.7182021692390553e-12,0.48691647593698045,0.00972389459967206,2.3970712480193505e-05,0.4286304822859006,0.8434283914036526,0.9136341493610954,0.005226981879568785,0.16124681762987567,0.3099367142407196,0.0037454881621107696,0.11115318397298779,0.00017375050918490013,0.10300991049228096,3.101926514629254e-07,0.007790882608154066,0.056445248905144615,0.02065534969979949,6.404781005801145e-20
"Occupied private dwellings by period of construction, 2016 to 2021 rate_df32",0.10901781161077986,0.10354128371767811,1.429622639058486e-09,0.3194665386013607,1.6628283550272757e-05,2.2744480205075268e-07,8.323873836610314e-05,1.3409898425747912e-06,0.1549624151289452,0.00632479178579613,0.08506935193277199,4.337198684436223e-07,1.5325024895029415e-06,0.002028029398911566,3.008114783922867e-09,2.2731230080757222e-10,0.22528763295141457,0.0,0.5941735051206827,0.9446833532412869,3.934756816255589e-06,0.4104592077883827,0.07156930709402264,7.620646782955315e-05,0.009840717811806636,7.10844227744996e-05,0.09353859509085098,3.6007130370152e-06,0.8090389033045412,0.7941614024372777,0.4176480230982103,0.6277415763499781,0.2796134742863933,0.6293514357851409,0.27879128943613757,0.10541912595520059,0.03393629691610603,0.008059414885104562,0.2804396295746393,1.5558594635773274e-10,2.8368824227719395e-06,1.6383603235191757e-05,7.167416742394163e-06,5.628348897607866e-11,0.16478952282122064,0.00024614414299299023,0.3579148726903962,0.1819130924699267,0.053727889103559016,0.3659770226307207,0.6554340535925837,7.069278538837794e-08,0.022438046027991255,0.07834204824609714,0.41109058558854594,0.013094515268601437,2.5434135387824433e-05,0.2854227839419059,1.1402472277239169e-07,0.0026389310417595665,0.15463790328147345,0.001569751608688909,0.8485234877268163,0.042555547223057585,6.699417408755328e-05,0.5280646227214129,0.6835635805131037,0.2092347481722977,0.061635445469840525,9.726093852462717e-07,0.18984586571025058,0.2111366147319915,0.00046147176234835916,0.02068721895395274,1.3651820807871095e-06,0.021416169325290352,0.044605136786617254,0.02114258936037636,2.3712669957214335e-06,0.2373788541250637,0.029903441593569467,0.0841537752683249,0.08102735787860514,0.252496254823261,0.0002531035773126624,0.8234663833891006,0.5700661963872709,0.465882429657533,0.0959852896068725,0.03729604589052394,6.287721753006932e-09,0.4128100287908127,0.3089984095178871,0.00014803939226017834,0.12468113574406552,0.06347703641122772,0.11315581008512732,0.0010141853886979793,0.01997866824203615,0.004092637563619419,0.5367824465158489,0.0060877128055238,0.0023140461691439278
Mother Tongue English or French_df32,3.477769821883601e-24,0.00018063289362412973,0.8278160830050132,5.840681741467365e-09,6.82744477046492e-05,0.476927752447843,0.369233713466733,1.1918733770501203e-11,1.2667020455234161e-24,0.6623413698612856,0.0023221080297299926,0.005226786288005489,0.19328760461949962,0.010483362320198633,0.1276000349912375,4.849887657819789e-07,5.138407904321881e-09,0.5941735051206827,0.0,1.7918589732713763e-11,1.5566057873536588e-30,5.732900641443961e-75,1.529394432113512e-14,3.80927624932174e-10,1.781863282461533e-13,0.5105954576263557,1.8755332954180804e-11,8.757244322118129e-07,0.0021105602854322248,1.324798174248847e-10,1.1964133023491598e-05,0.7057561975861538,0.9969998623575791,0.060324878461611865,0.20979602215084878,6.62313884646609e-17,0.012288792371567419,0.004255224220702974,0.4080131861139229,1.0555856597584683e-06,1.8516807728244234e-09,0.8073340326815985,9.951653188191636e-15,5.008433286597117e-08,1.04080841384979e-28,0.8901556787134889,0.5271958854443641,3.1050600206096387e-44,0.30408131824929713,8.205012682623478e-14,1.0988504642343415e-06,0.017616021365692968,0.20726949062878924,0.0015960156739612881,0.0003860032230004498,0.5119428695735813,0.780082162403834,0.35205111029027,4.984448303713877e-05,0.7964763364140294,0.0072641675967994234,0.019366126089143502,0.34512727714547514,0.0776405628380137,0.08963253011228393,0.17171528163525085,0.0036868118960807794,0.7076070889712154,0.6142952105519695,0.9926562000562311,1.626258856962939e-07,0.114233438726853,0.5340931613040661,0.00018380346829598743,0.1353392682394317,0.0006215923432570868,0.4272413871783626,0.1351438908640312,0.5684486351248577,0.4859880533738141,0.7943936091839396,6.415945003682867e-05,0.012814452650363722,5.055610671746663e-06,0.36435392929989496,0.06709104959223988,0.0007354178153499149,0.0005975428108818625,0.1060794561599104,0.13683613300342956,0.22495437629945766,1.8709249624688872e-06,0.1505002979338541,0.5095780227026003,0.8333178279618104,0.05000616891346878,0.9284942942043175,0.0006774779262145616,0.46945180123557656,0.48187220653950824,0.6913576470168703,0.225044782085954,0.09070729526842955
Indigenous Rate_df32,3.6845487423243794e-06,4.722077034157986e-38,0.50142917140005,0.08190238791269218,0.044588733365525546,0.048037083721378784,0.015842919409179607,0.0027008749295265432,0.009304589874698316,0.06653896110303348,0.6705772760915444,0.027377568775119508,2.458127813667389e-07,0.004956281346934973,0.11159199032011943,3.87332195595608e-06,0.03890567862613452,0.9446833532412869,1.7918589732713763e-11,0.0,8.873680150691723e-06,1.2183793241675373e-09,0.8996824532129785,0.32436585901610837,0.2422735308974688,0.09736508674009205,0.41776910220658375,2.7081673217669424e-07,0.010646354094125657,0.2749716586971662,0.10011064234083057,0.5844173189565989,0.18549792583425673,0.1909662883385246,4.7176828816208106e-07,0.9828870940306446,0.9068532570079852,5.096980439245228e-17,0.0005463029509327064,0.01606793447845294,2.849181784835986e-05,5.74502916401262e-06,0.007924637065002694,0.0001145772389691825,7.565616930942886e-17,0.16084399509597014,0.014361541015987246,1.4252044001397124e-09,0.8846055776209505,2.2015638616629294e-06,4.6681684540639403e-11,0.0011891037568414029,1.4221944291378452e-05,2.873628509396179e-15,3.726547596674894e-15,3.6785877295796563e-13,0.018333435471380177,0.008490052033593126,2.881152983127684e-07,0.018849295462450972,0.06947596184227559,0.11795198037405898,0.002449065363646837,6.471470322817751e-07,4.457291260470584e-07,0.6380933762707727,0.9384038317223198,3.111523693072956e-07,0.00809254730920452,0.05163097058833343,0.12305434538712043,0.009290268324830228,0.5692946278439309,0.26398068703038785,0.18745168469760154,0.006272329437397962,0.20620869223486177,0.031352193591299635,0.14560399354000667,0.320183132169052,0.023499274082733033,0.017384365481214737,0.007251060798478016,0.001082921319238603,0.006607765318480122,0.0022556935881078875,0.011684285625790398,0.475014049325071,0.1616239208599376,0.979779205967335,0.5956759204306625,9.361682810447901e-05,0.6679731272813653,0.9141793870643861,0.02813715139941481,0.7009646970637202,0.008671322752122963,0.040790191140262506,0.01409226129386683,0.042229997185241286,0.2316824609283333,0.08975365940329914,0.00011562779515103851
Canadian Citizen Rate_df32,8.645398152221158e-22,0.003594532211530813,0.03310670389712045,2.1561541810285832e-09,0.2445480001377223,0.0002765637448566031,0.0597164308461489,2.131624570887098e-31,2.103340724881949e-09,0.015562576735292908,0.0009998095864762852,2.6830398570532454e-06,0.0020581731762455615,5.828106892902178e-09,7.91920619157922e-11,0.6965342999153912,4.4977643434741227e-13,3.934756816255589e-06,1.5566057873536588e-30,8.873680150691723e-06,0.0,2.435713075529453e-40,4.545759486698456e-09,0.01521410839154319,8.93631239937987e-08,0.043206003733176644,1.9858626086151432e-07,0.668215898493443,3.832008502999802e-06,7.694245368521694e-08,1.9521279898289203e-05,0.31189915876535534,0.7935237944223654,0.1058439314329083,0.00450947873277199,2.7529738265330415e-19,0.01868541144401302,0.5984555874707709,0.26676819324317685,0.8773330323693205,5.370252151578813e-18,0.012411850272678127,0.0006422218892243557,0.8624034540892963,2.4426748181457e-16,0.044145341335633075,0.15735968304150857,3.8529498699193624e-37,0.005547528517512275,3.244581610837378e-14,0.002659651253937642,0.17124757262485912,0.9300006623895242,0.5352272619365331,0.15537617222232894,0.1591831273184397,0.00017311262400774045,0.10154482471576463,0.8061462556979017,0.0030565726131034144,0.01208271683731711,0.5897145825947951,0.2156985011585342,0.21113029141167414,0.07539289786445524,0.5998779197646646,0.01710876409276405,0.32215340935448383,0.27532133523253666,0.0014573062192410461,4.891062522588188e-09,0.29399114523535474,0.004813525211537679,2.239425610700592e-07,1.528504540827703e-05,0.0006077072120145425,0.12306495742123374,0.05679491557987381,6.15858912822337e-05,0.27271222619753377,0.9222106040538687,0.04732546157374621,0.1070819833343482,0.0007490522243846191,1.6323593296499287e-05,0.15497039045236327,0.00018427136832222766,2.5696505042199423e-05,0.027073998717790364,0.7319948815800827,0.01659202576977509,0.00015537512300899887,0.0044202169281426585,0.10070938720168743,0.46008145060727085,0.010440004072752833,0.0329923891070898,3.7221105488028814e-06,0.05434751612984063,0.06353995927336124,0.5884715088974427,0.33088967973193817,4.178071777845983e-06
Non-immigrant Rate_df32,2.265309254623971e-31,0.0016835139927311171,0.8227077702684719,7.26480646537024e-12,6.184691732930812e-06,0.16967507243820368,0.5146774820405599,3.69636828302293e-14,2.156255454379285e-31,0.22696321187983615,1.0684973235065248e-05,0.0002878822964410303,0.7807793940735804,1.1833152665250735e-05,0.015856289722673254,3.0102644313188483e-07,6.5025370080282024e-12,0.4104592077883827,5.732900641443961e-75,1.2183793241675373e-09,2.435713075529453e-40,0.0,3.0991178961015524e-19,1.1518920087241763e-11,1.4507356646264215e-19,0.7178581465873458,6.090218817519612e-16,3.083534646693371e-07,1.51362313247777e-06,3.049056156049382e-13,2.12981982713743e-07,0.3417683008575438,0.5118829922200081,0.020495821072801266,0.03894001318267628,8.917076057107316e-22,0.0008541936889063104,0.05690884077189056,0.14959310870025505,4.5259098680226445e-08,4.4956179215871e-08,0.9912709061340097,1.2045336883592307e-19,1.3307887413132284e-08,2.917472270927582e-29,0.8886512111677414,0.150142871608137,1.5831338825849982e-65,0.7424660810969015,8.350721130219283e-17,4.369923331685307e-06,0.028364192383603444,0.02431345436529408,0.01737374948671354,0.009607915880781503,0.8769465949453985,0.1134701910473601,0.4472904882571497,0.00017249438049099806,0.19471097902217618,0.017484093832985957,0.02399369561359898,0.041863952911779204,0.407939048086681,0.4302442705015547,0.333843375298538,5.4328894734979444e-05,0.4640838067015152,0.988551753116902,0.6962550514091926,1.931001000524701e-09,0.5579846010466034,0.5429483072460306,2.381501323537686e-06,0.07263377721835913,1.1767891955318784e-06,0.4841274319280744,0.019523526833721588,0.6196737975502423,0.5043085343249932,0.644947297246299,9.578798820227031e-06,0.00639971361778664,3.0878214888154157e-06,0.08417683332060197,0.11700140804454216,0.0003902627386544673,0.00047582248287194814,0.024457401416747102,0.05488083001053709,0.47870541005248013,1.0504223605526913e-05,0.20024105125187655,0.7634772424551007,0.9996989183299796,0.006659119637538771,0.4915802732750128,0.0005301423117607364,0.014175341943567569,0.24837613735409841,0.7058404395155409,0.5287126215855275,0.007326417410416514
Unemployment rate_df32,2.4707242916626986e-12,0.27644890177850123,0.07348847292538807,1.596154422580023e-12,1.5702438126195554e-06,0.2834305849544543,0.18324325125907281,0.0004729953317557823,7.62123944243603e-15,0.0016010344586201311,9.98628523490281e-18,0.5624352239696242,0.06299948916986303,2.922807907022718e-13,0.07009584050046812,3.444295977316474e-08,6.7204659083149304e-18,0.07156930709402264,1.529394432113512e-14,0.8996824532129785,4.545759486698456e-09,3.0991178961015524e-19,0.0,1.9326685558940304e-22,2.655303344865496e-23,0.2540347810644415,8.455118418449884e-39,2.3638547662481344e-05,2.266752273804426e-19,1.3752563575139377e-19,2.1011451421943726e-08,0.2414147715400606,0.23843176753347958,0.279733615506978,9.437476886758849e-09,1.214656534351843e-23,4.0610749546223213e-11,0.039007897913747605,4.941090575565151e-06,3.8490175915535383e-14,0.38103383544771136,5.269088068711188e-07,1.2269239628432956e-27,1.7719809266189473e-10,1.547521258200467e-05,0.0002663323749092719,3.4177938517879645e-05,1.5022037602718554e-17,0.006286757293498505,9.431285136046941e-08,0.31650019306854993,0.0011277971116207383,1.6002801061934216e-17,0.030584144947070308,0.08478888268303701,1.0291594021735172e-09,0.001027128768081176,0.7294465147534136,0.02738893640009266,0.0005609217291340434,0.1893464655376948,0.06040555382700892,6.733258462880838e-11,0.038821218303310395,0.06352298571267799,0.39458220327828725,8.118293573091307e-16,7.657901258746406e-07,0.04628029942476068,0.5639388735532375,4.779159473997788e-12,0.38568797399159604,0.8534308385201199,0.0017120058890708369,0.8709867056099099,1.6209616615553005e-29,0.1422773441786505,1.0739497652313718e-09,0.4660740553485569,0.7370913916133885,0.07473877919947065,0.0015078270280654187,0.018815487104072128,0.0003886386096149247,0.015242680394671386,0.7971578247523942,0.1015928176277641,0.004273925115367304,0.8104080726161405,0.08214065457321938,0.008589580345527878,0.005032497426995187,0.8512243923940211,0.1303662480359206,0.2705394845023909,0.00792107740252145,0.05702824504347439,0.46761203182309763,3.2228525721840735e-10,0.05728660346561883,0.3690612522508733,0.41521848425094704,3.12942310910398e-06
Advanced Degree Rate_df32,1.453961595740769e-10,0.5523893552176778,0.00017048389896875195,1.4067188240958806e-06,1.4838100440571955e-10,0.11423548718265464,0.005623658075240991,0.7253753572138062,2.831859349488304e-16,0.8904320445596317,8.026577048073557e-11,0.7563354186666615,0.9970395828292756,0.0005659463202394756,0.004780755269148213,7.228215763748973e-20,2.9834579326891994e-08,7.620646782955315e-05,3.80927624932174e-10,0.32436585901610837,0.01521410839154319,1.1518920087241763e-11,1.9326685558940304e-22,0.0,1.2278888424105086e-32,0.003792818517270246,4.162774089038084e-38,2.6849354419876434e-19,9.208187863860853e-18,3.667631886824634e-21,1.761277571872889e-08,0.10790663101780465,0.12718998714356333,0.022828426402904136,1.6528620108318814e-06,2.452437593022776e-10,4.3742422770104665e-13,0.3711171136256906,0.002557429532030717,3.03944642076644e-35,3.3183971498854876e-07,2.0829626420247617e-12,1.7788547317805887e-46,9.785453412726515e-30,0.0004806658040482488,1.6034603056828594e-11,8.276828285618918e-12,9.334289235768397e-08,8.534576959391629e-11,0.014151814385838448,0.0046512468276032415,9.232701348819488e-12,2.923882634809835e-19,0.4939934309437925,0.7684913650475317,2.395527011960481e-10,0.4485550348895091,0.06121703369884449,1.4191783485936704e-11,0.9712641959510125,0.8414043589235202,4.2133465689082295e-09,1.0346822108319504e-07,0.04726767604193848,0.0695736096665536,0.48245579244020587,5.4121471600448604e-14,0.024607667962588817,0.5986742773709428,0.0003786047355836854,8.676400657136428e-10,0.18918304154865345,0.012748838378683626,0.0547704628016637,0.00180951287895634,2.5679303881527694e-20,2.062995442266097e-07,2.496424112806061e-06,0.11872680766354728,0.00013141050228383146,0.5601234816658859,5.2846724071728035e-08,0.0005064343220174493,9.965189840685703e-06,0.22203290360720518,0.20011447757232015,0.3022166878062739,0.13863657405166654,0.7183419604550478,0.0003957732902221975,5.756901637733049e-08,0.012709165217112033,0.5639604617683238,0.1741657921725192,0.15051795187119094,0.16274570781451608,0.9660655785130731,0.8816946994020984,2.7061204878582144e-11,0.9312070830081559,0.32031601227144907,0.03140456525711989,0.17663457931731996
Long commute distance rate_df32,3.778163142425923e-12,0.6190375935399389,0.013512541498015791,3.3709442598655657e-09,6.530287824218668e-07,0.988220150205644,0.030824573334551682,0.0019398276304883675,1.7528867087724508e-17,0.9236920822331207,3.8261762474888286e-14,0.4257586307183069,0.32829690466138284,1.3287561240950654e-05,0.7017716827443552,1.7648325476675853e-12,1.81987888621357e-11,0.009840717811806636,1.781863282461533e-13,0.2422735308974688,8.93631239937987e-08,1.4507356646264215e-19,2.655303344865496e-23,1.2278888424105086e-32,0.0,0.0031982337611444734,6.024544632124741e-33,2.007158979265788e-11,1.5652756622754058e-17,3.611416026086672e-22,1.7538484811856161e-09,0.16482765380959052,0.06596424415924813,0.07913597630715699,1.2618866990216258e-05,5.977216445187827e-14,8.108808837691487e-09,0.46985901213757025,0.004506499336261247,6.382142150346322e-21,0.08421018039980042,1.5087073241843591e-05,5.476591461411551e-37,1.850462437536042e-17,4.358371568484047e-06,1.2582858952543575e-05,4.098150941024253e-09,1.7447930959439105e-14,0.00036060353764268084,0.0002785727181604516,0.03753302104872453,1.9315189132024238e-05,3.081992317560593e-13,0.938208601747646,0.7754934774619803,1.3672231413210077e-06,0.12356699648512602,0.0806852299662774,3.973341771824119e-07,0.5782623166114147,0.6698570761297065,4.9603845920355466e-06,6.4180112005366904e-06,0.612808224430327,0.32774098103540605,0.16160835833390913,1.787622737333966e-09,0.009831328121759176,0.4328353018848748,0.015260375547025466,6.717264687121385e-11,0.7392457592362199,0.06290594577221176,0.004697055473945918,0.045010079190840095,3.4827975305725935e-19,0.001260970486793006,6.8445786030632844e-06,0.977101223840177,0.0022771860457175865,0.8893462515772659,1.5685113365928076e-06,0.021725013233462653,0.0004016340249746911,0.3010101008016523,0.22670433468843929,0.030752228779241417,0.06994335065359747,0.638849807802547,0.005383950676644615,0.001098475622185475,0.016595270591969837,0.7406468827178997,0.8392200950879528,0.14588386614504165,0.03240559836072174,0.5189301817408967,0.4761534987939174,3.86278447962488e-08,0.1305420983857325,0.5990195852497094,0.24421937256825416,0.002175324708723035
YouthCrimeRate_df35,0.6291266345881269,0.14720200971694042,0.002971714556576267,0.05416678811492663,0.025741381130851497,0.00024207803620693294,0.26496248251228777,0.218941311153741,0.5928283251830792,0.000538181356760932,0.9680064099335708,0.10155546679132711,0.00010127074973896764,0.00021731669537196347,2.3902739562472426e-08,3.2476340324259255e-08,0.02357923422989859,7.10844227744996e-05,0.5105954576263557,0.09736508674009205,0.043206003733176644,0.7178581465873458,0.2540347810644415,0.003792818517270246,0.0031982337611444734,0.0,0.578056371840845,1.6817093175525663e-06,0.028593607961082672,0.23217102411841642,0.7854392485279802,0.3940706026504938,0.8494487111420557,0.29047908596478084,0.034437319154883295,0.022537196792515753,0.3538226089636977,0.011363556412952652,0.011062323595396504,1.446492431458933e-06,0.09801089836065183,0.032457794301349846,0.0003293546249451678,6.228876156845497e-08,0.06826278104339198,0.11565063087258637,0.9697659111539328,0.514148271323928,0.02501197408161621,0.737936133771412,0.01858143816810782,0.0003769763926932694,0.527981938240696,6.297658839463395e-05,0.0010848688262631186,0.9352236125109816,6.651271687703742e-05,0.2911022519779863,6.73587409185266e-06,0.0008577863761201407,0.14191833225829675,0.0306158414395067,0.9423377112432645,1.0522876266922753e-05,4.308060106880181e-06,0.027956343161915743,0.4298113424581933,0.12178847820136628,0.08018777616498475,0.004346892769591592,0.001337104271460925,0.023748797439400816,0.0028462425730897286,0.00040161546846997686,0.00952494582040754,0.9584408929471204,0.02544501993204758,0.5094694108635418,3.132815263508611e-06,0.008664417720786799,0.6918050949859743,0.00257666509424855,0.33904106731168443,0.009277004421591266,0.005107012071726772,0.009444517152009821,0.6475515285385426,0.5094873190081487,0.02420915382637358,0.005233227946913851,0.0003153534297148345,0.27925893710192023,0.8540434801557659,4.515501104364278e-06,0.06298255487189901,0.6697130822059555,0.05579687821734906,0.06178540583587265,0.8891513372253999,0.11765781954743801,0.011668131296470055,0.20016562844917163,0.025113678251413397
Neighbourhood Equity Score_df41,6.693285215006182e-13,0.37242760074556325,0.006520934315657501,9.035619745662079e-13,1.8319110445701053e-09,0.8045089058720802,0.01709827231605796,0.00264950264119447,5.08903760158425e-22,0.02883806515591861,9.5842925835667e-26,0.6009574671127015,0.0011561810615173223,4.8741360406280636e-14,0.0762865645768829,1.994273392770098e-08,8.273425264117581e-18,0.09353859509085098,1.8755332954180804e-11,0.41776910220658375,1.9858626086151432e-07,6.090218817519612e-16,8.455118418449884e-39,4.162774089038084e-38,6.024544632124741e-33,0.578056371840845,0.0,1.4335658581226792e-07,9.902438611274859e-42,9.274586497725878e-26,2.463805556469024e-13,0.1376874515085945,0.24914404951496297,0.053389440169539865,4.283351774973437e-17,1.3505868538117776e-28,1.987883927374346e-17,0.00012583296899410093,5.167303497319326e-08,1.1564651023715735e-16,0.0025117381289858653,1.8393000316318092e-09,4.6330577269594164e-32,1.615655355825595e-11,0.003572452354464095,4.6303379307926274e-10,1.7053558450542118e-15,1.8157449185704549e-12,1.2794565386624139e-05,0.0008637174667851925,0.8653648916744893,3.677080707189077e-05,3.918921847340973e-29,0.004752196513342118,0.004286070074162083,2.0796037538435118e-14,0.0004985980534750313,0.2627904123838349,0.0017248997534793096,0.006573739447748673,0.8024355609365703,0.00017324283690934921,4.079217677526929e-15,0.1026201326034502,0.15235732245733272,0.6461074711496482,7.713583975820419e-23,6.594580500684059e-08,0.39522646795003696,0.29196797109194084,2.6139245600197798e-18,0.5610522557445334,0.18359547389634456,0.0002830341217538377,0.11602799284047403,1.134487741091758e-49,0.00010356697669289251,1.1098228175761998e-14,0.013891757991610283,0.01529069393290114,0.49751162881476113,0.00011798252728658998,0.06116893273787207,0.0038814688199193606,0.02498090193383575,0.1503527474675647,0.3172651072200932,0.03556281557481554,0.7614391586226303,0.002643345094181577,0.0010604900703284133,0.03840496058249832,0.6963126870944414,0.8983636882653885,0.009586183909526843,0.01463735056802151,0.10365490742699085,0.6397073924072406,6.61565400001488e-14,0.03874839965842573,0.22858184902761494,0.3107089964721382,1.030492777285519e-05
Walk Score_df41,4.856875476915028e-06,0.10457559382894388,6.340315224909079e-08,0.6313230716485843,2.8846218253416225e-12,9.411249385838084e-08,0.44657159527068907,0.14594770370115498,1.3415300612135487e-06,0.001207099586306438,0.00024067896552195804,0.24771203153384824,1.3713286804004619e-06,0.024721194499647495,1.905609947937975e-11,1.4208000144997987e-30,0.2250671661160471,3.6007130370152e-06,8.757244322118129e-07,2.7081673217669424e-07,0.668215898493443,3.083534646693371e-07,2.3638547662481344e-05,2.6849354419876434e-19,2.007158979265788e-11,1.6817093175525663e-06,1.4335658581226792e-07,0.0,0.12580319205559065,0.012796578492187665,0.0008230726002633854,0.2787342719223264,0.4010158261707448,0.07749342428593316,0.09896604179008914,0.47810899687246494,0.0005439848305684721,4.425990353351612e-05,0.2352820538360066,1.2377766681420488e-27,0.0004353890643846273,0.0014441549245692415,1.3873626875681886e-22,9.064782806985957e-35,2.6804160074396136e-08,4.9046086595864666e-05,0.03426813383072952,1.5192916293174944e-07,4.742830731177295e-10,0.1806575047387588,2.5022249964299526e-06,2.1321604101976893e-12,0.0014353925914068985,2.1117293191617822e-08,1.8033942633701016e-07,0.25255299795993047,0.00022892962717669215,0.05491554537915047,2.76938868573934e-34,0.0026710844491297857,0.5283696049189811,6.495084458298962e-10,0.8070922326018408,2.378396943666851e-08,7.088899496140006e-10,0.32441607880427814,0.0010776646576795435,0.027398718246772074,0.005137856487727362,1.1132111578665099e-07,0.32568186290619894,3.3165584117039756e-07,2.26205804189837e-05,0.5320796332704764,0.0027153474837069876,0.003273182319143321,8.124073159092581e-07,0.41746465542977046,0.0008554221865036003,4.653680063786758e-07,0.005853572438620688,1.5482616158079264e-15,0.00011138047389703997,4.5453832815633046e-05,1.1294722971868302e-10,0.30673476991943777,0.6107156017830827,0.008736946189606359,0.029573439398091653,1.3393906886899056e-07,1.4072238031578898e-06,0.0411332812709098,0.00801028775351128,0.0031764869446550626,0.18052730584157828,0.08834097485216803,2.0608009909513538e-06,0.6407388291287999,0.0006646939774099552,0.18698691572034973,0.33793191181420673,4.634076967538304e-06,2.1427252260327305e-07
Debt Risk Score_df45,7.12265059893488e-08,0.137800684024589,0.1314682662768159,4.0463778840240525e-15,5.9465796945501474e-05,0.040973383815699156,0.020456619875870732,0.0009140204182119271,1.9927537853661028e-14,0.0004105659762673634,9.102081737436225e-21,0.391641787420648,2.87903653183683e-11,3.820655418795669e-26,1.8733111387138342e-05,0.04820313735375439,2.5088395544815214e-19,0.8090389033045412,0.0021105602854322248,0.010646354094125657,3.832008502999802e-06,1.51362313247777e-06,2.266752273804426e-19,9.208187863860853e-18,1.5652756622754058e-17,0.028593607961082672,9.902438611274859e-42,0.12580319205559065,0.0,1.3935401603796e-16,7.198131122645951e-12,0.14219971758587494,0.12496850340417136,0.19316412238642228,3.975469501631329e-25,1.0275709933265256e-23,1.3323056348453909e-14,2.6130803466981358e-08,3.601172424434405e-09,3.4966452386042516e-05,0.0001236344677924232,1.0046960337162433e-05,4.849482186754584e-11,0.011258359366030778,0.732290284233687,1.507489652240605e-08,5.142665509895682e-19,8.682179415086978e-05,3.3141000165247786e-05,0.039230565178132774,0.23102466312689554,0.023953628201733204,1.5560951833124632e-23,2.973895584952264e-07,1.0849346762178556e-06,2.1609608796911333e-12,1.9427280602966116e-11,0.4455266785090699,0.8201000934141102,1.9935298585356887e-05,0.8574080827992928,0.09907343382173525,6.818954235820417e-18,0.000152259422483771,8.455628098390926e-05,0.722782998901555,2.1724430988847628e-22,9.809605089707255e-11,0.1227233530246029,0.71745976309271,6.339045756937962e-25,0.011960755140244705,0.7025591913159839,2.253399958628697e-05,0.3750623542018656,4.393957843834046e-45,0.020139972491053613,1.8411285224370884e-17,9.351082328936255e-10,0.2370811366287245,0.30598405097623926,0.08960760867289795,0.5447963073481239,0.11667488019052444,1.6201171497185833e-05,0.2209659497985017,0.12795063060811834,0.011679485234436378,0.2242033438181341,0.16351064262118004,0.15800535013603803,0.16108688494946463,0.8317339737165506,0.10403516506727299,0.0008572416588533911,0.06489238346947211,0.007126796974742766,0.9764947496114817,3.638536553265996e-18,0.025959103833435766,0.13392383131618324,0.9311902256433362,2.042404881743601e-09
Home Prices_df45,1.610541116829648e-08,0.49070032535084496,0.5677501510312576,1.9956860351546663e-15,0.000957748716630549,0.08122515726712651,0.28700914503749625,0.00036397556020787466,3.927013224580327e-15,0.026154973663155515,1.5748698953177644e-07,0.0021360796786076552,6.414315894945726e-06,1.4812068939781702e-09,0.029183971823289447,0.0010476158580672234,2.459950114929703e-22,0.7941614024372777,1.324798174248847e-10,0.2749716586971662,7.694245368521694e-08,3.049056156049382e-13,1.3752563575139377e-19,3.667631886824634e-21,3.611416026086672e-22,0.23217102411841642,9.274586497725878e-26,0.012796578492187665,1.3935401603796e-16,0.0,6.698449515471402e-06,0.2495466424808802,0.1746869882872256,0.023470451357926806,2.2943394586914633e-16,8.651337031966732e-20,5.093965942971096e-11,0.00012852253271656357,0.0005826434897310763,2.63976550407877e-07,0.44049603880460536,0.00024584876691350374,1.582678579609984e-16,1.6289404006008927e-05,0.0005037040772135204,0.0014249533071741265,7.171868231393408e-11,1.1648078939052912e-08,0.01801919291268001,0.05965183970522064,0.8483291539976134,0.1961828713066577,2.133283149476594e-14,0.017076678759677406,0.04983011958786316,6.05976745185505e-07,0.0035753577841206945,0.02559024049677838,0.396458436888699,0.05966035357028498,0.433158600319694,0.012623416128553423,3.5263194867612915e-08,0.39600932503982106,0.19287441985257878,0.08957746908779035,9.143990032132993e-08,0.002282319161243356,0.25038673982008425,0.5977765973299589,2.2571056641569404e-19,0.044745241625469084,0.8563765385899155,0.010262475872068069,0.5872655593081849,8.93567414606067e-15,0.006009077178852479,1.7715169584478682e-06,0.5178390962851251,0.27585600569067265,0.9726444984487157,0.010528508556336951,0.08904386505890287,2.573633738478024e-05,1.867704874965836e-06,0.035184316362673836,0.3277883363370586,7.555854427602927e-07,0.7356504440302144,0.13631988671854833,0.2478914884970038,0.03162036976839698,0.5354524788238029,0.8210320619881997,8.629348024536216e-05,0.00347101140881465,0.029446920716622336,0.17351191294654633,5.057075440087438e-07,0.10773589106137389,0.26225093768875074,0.06156166264636151,6.9235580365615324e-15
Early Development Instrument_df46,2.9097042002712794e-08,0.3576779803990775,0.007954975018275382,0.0018806147857392285,3.8602035156229376e-05,0.43311960302117475,0.6304320901889006,0.008994556156812009,6.940113725025495e-08,0.4808257990575539,8.106188828512113e-12,0.8832720367149351,0.09335013927034491,4.40175440316011e-06,0.08534609020469971,0.0008367080997059809,2.83085062772526e-05,0.4176480230982103,1.1964133023491598e-05,0.10011064234083057,1.9521279898289203e-05,2.12981982713743e-07,2.1011451421943726e-08,1.761277571872889e-08,1.7538484811856161e-09,0.7854392485279802,2.463805556469024e-13,0.0008230726002633854,7.198131122645951e-12,6.698449515471402e-06,0.0,0.11372888417635356,0.11084335316840499,0.4387764973503721,3.152245337309569e-05,2.1669297073039194e-08,7.631047072993662e-07,0.3677225322308973,0.06358819399789123,0.00012639309003397182,0.631307856346856,0.08123748704379319,2.2876772143451307e-07,0.00044222970752875383,0.005442229314457172,0.00021818456853285159,2.5881019921702087e-05,9.931388139702658e-07,0.042752188289700836,0.0033261258517657223,0.016699384104688374,0.003717520736417191,1.7921265955237592e-06,0.6174257879745066,0.44782877362309165,0.008966087631917719,0.02769794618351036,0.7228416892649128,0.029705260486635677,0.18611114857227837,0.2640991922766122,0.34214162753251937,3.7646662880905138e-06,0.16244631720460245,0.7545817261899063,0.6679576466731432,7.068490472276226e-10,0.003787607426442786,0.5329467205819817,0.7119249003558232,9.060888496591328e-06,0.6392637060728731,0.2341352296814063,0.005761350074194096,0.5384922360983775,1.7526348776498064e-12,0.09964429742472182,4.797996792212582e-07,0.003276245082962996,0.7993098250884941,0.9102705358120979,0.009680881832891694,0.13273464504750299,0.09510947111528235,0.17912322412573473,0.15162869331496062,0.28610231791399504,0.32427890480850735,0.3148969087062663,0.025587304695831165,0.4297392854080925,0.2441668336081298,0.19561883173348357,0.3994942793838949,0.30878305142891577,0.1100357882755878,0.7299049068103678,0.29894278633369564,0.0012687823104360783,0.3159150794439384,0.4822800947405481,0.020666463511088043,0.03359169958918463
Pollutant Carcinogenic TEP Score_df47,0.05936382032134748,0.021173945346080164,0.37036221846930517,0.9446693508539511,0.3184263663975312,0.5486822711813513,0.8467237130283005,0.22662804057050595,0.8028212773285736,0.005888097680510759,0.020179847592248945,0.6361057477416505,0.4617510318342094,0.1295865212658255,0.5702436979664838,0.24341059287785735,0.5475152439367266,0.6277415763499781,0.7057561975861538,0.5844173189565989,0.31189915876535534,0.3417683008575438,0.2414147715400606,0.10790663101780465,0.16482765380959052,0.3940706026504938,0.1376874515085945,0.2787342719223264,0.14219971758587494,0.2495466424808802,0.11372888417635356,0.0,0.00025238066184496075,0.06793009706352646,0.41901481485954845,0.1512325403651165,0.49096612411171303,0.8849484619959846,0.8162163027472793,0.3943592043882894,0.9283313372532989,0.41366784673662543,0.2589911174125047,0.4559476898859402,0.9640941232593907,0.8121591504862783,0.14326080516948203,0.4877345392028831,0.7360856346359511,0.5705617127718452,0.568756070491659,0.7791283593831759,0.3130417977592981,0.9721303627086415,0.9973694686732485,0.6154239521876818,0.17980495359597343,0.5204989476682916,0.37767610950119684,0.006053527215802609,0.8302837081465112,0.23359629330259926,0.22074958699436198,0.1635271263306829,0.24116791379853167,0.672111999344148,0.32042169765985645,0.8109138621404908,0.05792773276665661,0.7962850580733952,0.48385970254808036,0.34575847642277624,0.005914133627132141,0.7505176004467855,0.12526594688852255,0.20273714162139836,0.6730198188091305,0.11011664482160262,0.7839727018661515,0.16665355051599956,0.757761772544765,0.7000607165949155,0.014576091414788543,0.1845507033287435,0.08430450371715303,0.3569697792569835,0.8746355346535979,0.9837710250186845,0.1341629555143776,0.6042305655636635,0.7768438979765752,0.08921286546766968,0.7288008799806602,0.3996905933091803,0.5571263722725959,0.7218180704348962,0.9095502621803343,0.05844207332265939,0.13606970024164614,0.9849046104830266,0.16131720789898005,0.8860102290820459,0.40646218230389053
Pollutant Non-Carcinogenic TEP Score_df47,0.15831203710373623,0.3680941691679463,0.26075215855935757,0.5322146465040853,0.09646623036185148,0.8434003008872425,0.7524279848331475,0.6641668447868923,0.14089996907453248,0.035917077312852395,0.2753614479256273,0.9649924995771976,0.9991980211167892,0.23673606982168496,0.6017969304892684,0.22275398923991185,0.3808371084752395,0.2796134742863933,0.9969998623575791,0.18549792583425673,0.7935237944223654,0.5118829922200081,0.23843176753347958,0.12718998714356333,0.06596424415924813,0.8494487111420557,0.24914404951496297,0.4010158261707448,0.12496850340417136,0.1746869882872256,0.11084335316840499,0.00025238066184496075,0.0,4.419709404544988e-05,0.3667951031313653,0.5112301916858832,0.20275618816792654,0.38754577935451345,0.19074874340241743,0.06209513612828112,0.18247921689656577,0.2946749190417769,0.06262962583228486,0.09498506212152806,0.869019874331928,0.10653675238110356,0.22693436126509983,0.45292255211845667,0.1219791903658179,0.9138723442791922,0.46543177130685054,0.05298041720749314,0.05909349133262792,0.5775303551125802,0.4192357560451219,0.1751341707408038,0.13536571255149757,0.5423556517236048,0.36521186577892634,0.010127001077601465,0.5948474568547573,0.6756395903328672,0.047542962373828324,0.34541595774421296,0.17512518055747134,0.01757291387813062,0.07123979362658123,0.24146591799168088,0.03346131153716032,0.7239514335422921,0.7262965642224398,0.397895366911568,0.08174260649108629,0.3763028851541469,0.4166567229556899,0.16613163573048914,0.859872316873365,0.2766480438737416,0.9243535651606936,0.913580858962119,0.9595970913728455,0.5166342322985849,0.5643525631512081,0.916656206862392,0.09192825878294572,0.9532455395663532,0.9851766583137382,0.8165046029947944,0.0623885031514593,0.849948482668257,0.535131062500017,0.002073697060255369,0.8568672742064277,0.6986229689440678,0.8021842679544879,0.6537790970804449,0.7228376496849533,0.11510987817163662,0.08806095741252343,0.15897166253599285,0.05608653836143891,0.6685346926857698,0.5461392094927127
Pollutants Released to Air_df47,0.010225185614210623,0.3843722807515594,0.3545356259243956,0.7113217416935993,0.0017685907552474449,0.4012586514647596,0.8270648139492477,0.5940318541130349,0.04031999579970168,4.331406511020341e-06,0.5332573675036338,0.009616796636878162,0.45565752304570784,0.5125285658093015,0.4691214144628328,0.00925554140896095,0.49586647708511244,0.6293514357851409,0.060324878461611865,0.1909662883385246,0.1058439314329083,0.020495821072801266,0.279733615506978,0.022828426402904136,0.07913597630715699,0.29047908596478084,0.053389440169539865,0.07749342428593316,0.19316412238642228,0.023470451357926806,0.4387764973503721,0.06793009706352646,4.419709404544988e-05,0.0,0.29341213385037657,0.06838274951657368,0.00667496850201051,0.8583875952351407,0.989379164882255,0.09261201365158096,0.8913957829330513,0.5578314871304548,0.009088766348046192,0.09026312032832699,0.0061971351709808895,0.7476360238609305,0.03607312492642898,0.016766602577555755,0.15510761930857422,0.03125835682341008,0.06184401918862363,0.5561955330846293,0.3468249758549913,0.5299002330220995,0.4697696879811758,0.9214283579225727,0.9601758220142321,0.8424190223220582,0.04415166402563468,7.701199972370986e-06,0.6074233566497615,0.6068251629551814,0.28640510153770066,0.720440816040982,0.14474318530956268,0.0004911107709430561,0.04629283574311266,0.4635341251969002,5.638438167659435e-05,0.920097855789099,0.1672179273406247,0.292314284941757,8.553866910792119e-06,0.1610657034657474,0.0006533317518872762,0.6108289428577649,0.5862491306975322,0.5446870081656353,0.8691120803967085,0.9939011685381238,0.0020122332512367705,0.7338160908406672,0.3522064544911308,0.44290175717108515,0.0006609058464498225,0.7708916095430254,0.8573698528498224,0.6770077319998146,0.005487400814916076,0.16234199842342373,0.980263237199229,0.21870489912001598,0.021136646855777683,0.9039189596331713,0.6074364837727424,0.07358407787975349,0.7540019392176757,3.198588384945694e-05,0.4216948908448085,0.1551807923568316,1.4841660033073326e-05,0.32076098908210354,0.34701043060129166
Breast Cancer Screenings_df48,0.015802436698925615,0.02330440812882207,0.5991979990451531,1.2392017294786512e-14,0.005608816740790491,0.02062746942061854,0.017907021818782662,0.005867203325505152,6.709022765796597e-08,1.392055288679483e-05,9.215338330241297e-08,0.28715086137530677,8.763833809540521e-18,4.169079699100412e-17,1.1032438591392163e-08,0.29783280959490316,6.782952014500379e-16,0.27879128943613757,0.20979602215084878,4.7176828816208106e-07,0.00450947873277199,0.03894001318267628,9.437476886758849e-09,1.6528620108318814e-06,1.2618866990216258e-05,0.034437319154883295,4.283351774973437e-17,0.09896604179008914,3.975469501631329e-25,2.2943394586914633e-16,3.152245337309569e-05,0.41901481485954845,0.3667951031313653,0.29341213385037657,0.0,5.163875019138184e-22,5.997912158154745e-09,2.0527611561646717e-17,1.3911637293480373e-08,0.45540291590779963,0.0513101396642499,0.0006006878812849389,0.0028454446014184454,0.46903018327834906,0.13391600301951467,2.0514529612365262e-05,4.7084304996886916e-15,0.10112273803504988,0.23154146716321095,0.8133076588179734,0.0037910523572343992,0.6795397292163726,1.8250226148663766e-15,3.472657099007607e-13,1.5575016940791556e-13,1.0406095617399478e-14,1.0300859135204989e-07,0.0030421696151763543,0.0013493227444572485,4.4692639631935525e-06,0.983270538109586,0.6444763795259195,4.1623639595465656e-11,9.588327924415511e-08,8.524403717507785e-08,0.8415175850750759,7.62894658803557e-07,2.257870173989999e-09,0.004599896816624088,0.029913099969533327,5.839170128951693e-18,0.03704146226151831,0.688767649740241,0.006845307327447024,0.9170289337711687,1.6699586440485336e-19,0.10906867590579922,7.254087715534121e-11,3.2290802915266326e-08,0.8789286645873913,0.20232282302331148,0.4905109938510916,0.8622008972983727,0.5364605711036708,9.447016349055807e-08,0.054583071773422025,0.5759244374976533,0.009634820508678466,0.107345475252644,0.7073709220209851,0.7850497479996593,0.7815679334111393,0.2784664901164149,0.148745183750699,0.0005121113891996809,0.3058613141392998,0.003385360040628127,0.5761554974595463,3.1259513666779565e-11,0.011406193853618293,0.013147538604961479,0.10668974707925041,3.156743249961526e-11
Cervical Cancer Screenings_df48,1.0437895131463261e-14,0.8984599937467954,0.5444024336779344,6.405242061664697e-19,0.0001776939224333689,0.0029432217952728877,0.9573075109080476,2.213300178332886e-07,1.5659562864607038e-16,3.559219026390627e-07,7.832928148191476e-11,0.016912192227868442,9.554814992155458e-06,4.499695038870332e-24,8.317724833279078e-10,0.21166707067025578,3.623460118254873e-26,0.10541912595520059,6.62313884646609e-17,0.9828870940306446,2.7529738265330415e-19,8.917076057107316e-22,1.214656534351843e-23,2.452437593022776e-10,5.977216445187827e-14,0.022537196792515753,1.3505868538117776e-28,0.47810899687246494,1.0275709933265256e-23,8.651337031966732e-20,2.1669297073039194e-08,0.1512325403651165,0.5112301916858832,0.06838274951657368,5.163875019138184e-22,0.0,1.8215893321702646e-05,1.4520574271575763e-05,1.2367992577057262e-09,0.0015745053430544765,0.03353498594599478,0.013966984532543542,2.87694589991205e-11,0.04441550258627186,9.152551520275874e-05,0.02518060713392759,1.801127534225036e-05,9.42934020103959e-17,0.5004530749220872,4.244033743838208e-08,0.8803179322332864,0.4647046164230496,1.1456909689862404e-10,8.512248426616389e-05,0.0003158514100590847,9.772928356872301e-07,5.679631293584555e-09,0.396397127991796,0.13121545558168926,2.0963523376620148e-07,0.026491611635564072,0.6862965830854124,8.11764134301276e-10,1.3648152342087835e-05,7.260241110339131e-06,0.6483284731071676,1.2078975892166444e-09,5.951583495398719e-07,0.0024500099999810584,0.0013368849098539608,2.674992223863369e-23,0.18908065472479038,0.08676781037806862,1.2481236528309336e-07,0.022593487444993152,1.1563370346971543e-18,0.5289273904361134,8.399860156557079e-10,8.785395295800875e-06,0.5034295401101349,0.4096003833980698,0.3713494748165049,0.541536614215666,0.021062756453395465,4.00008257358619e-06,0.8178569836694175,0.07197888963708557,0.00020729570255975034,0.6180701433178091,0.545202290043273,0.5539532694314393,0.010976579210470265,0.25701614427077046,0.38636232731585657,0.07694329258183176,0.030380228805284265,0.0021785316920343734,0.005269021381350682,4.1809640772324084e-07,0.014772905948600203,0.011863445242249583,0.48154932173888726,7.980035727850844e-10
Female Fertility_df48,0.0032146997258121575,0.3042060668740246,3.105861737833871e-10,0.01031752293555616,6.2911327998577585e-12,0.0026443448420072945,0.0020984349836799935,0.0064260010844543695,9.864144873174405e-09,0.8390426975152706,4.109989587869382e-15,0.8380007884702734,2.818314729109316e-07,0.01556380422765503,0.7080442477583774,1.4495810525868047e-09,0.00026546848627639744,0.03393629691610603,0.012288792371567419,0.9068532570079852,0.01868541144401302,0.0008541936889063104,4.0610749546223213e-11,4.3742422770104665e-13,8.108808837691487e-09,0.3538226089636977,1.987883927374346e-17,0.0005439848305684721,1.3323056348453909e-14,5.093965942971096e-11,7.631047072993662e-07,0.49096612411171303,0.20275618816792654,0.00667496850201051,5.997912158154745e-09,1.8215893321702646e-05,0.0,0.1048100621802592,0.5847695335679508,5.094953075017424e-06,0.0003075773304804389,0.015249307219552841,6.309688551015584e-11,0.00016087023920793132,0.42104329589844497,2.3561700482604105e-05,2.4662578017208955e-25,0.0003518222507335929,0.0010040150586797273,0.24105551254348828,0.9632703439957064,0.04528757715457823,1.666937567362765e-08,0.7422224456087074,0.9786658341738756,0.0041097965018303505,0.98421153020282,0.3497939674287742,9.485356018467941e-05,0.4907222799705094,0.35205517604823816,0.0008209216167369176,4.0849391530065486e-07,0.21672890657348032,0.42458754335717563,0.2483567836022379,4.443735070518693e-12,0.0029420685771008367,0.3515261653425567,0.03847933907824923,1.4657309153789022e-06,0.10126210205864625,0.22253848473568963,0.033312276437278805,0.12703812792221633,9.627391492679792e-19,0.004670748168142625,2.8613049356129962e-08,0.04105433878736136,0.019528873486369572,0.976109471381682,0.0002630747224075155,0.0004546803811122695,0.011209685462438586,0.04500068115224686,0.12187543071648008,0.764320111621021,0.006176973993630744,0.5924893620939398,0.24524094214990375,0.000970629994235117,0.13462011215358347,0.5807820689498064,0.2474477383461026,0.000556094722135317,0.03332961369822896,0.4456498759716525,0.8306240319295612,1.4299727734127526e-08,0.5280224234833707,0.7165079975625895,0.7316822833962155,0.0003219716399653379
Premature Mortality_df48,0.14222690716369665,1.3863863583981343e-08,0.2603655386685471,6.470408650468384e-06,0.5372685810420583,0.0019366902253710662,0.022122649872295418,0.8153457572358261,0.5915192741010113,1.030480249466636e-05,0.01930087848272901,0.5291848184844786,4.589310530786878e-11,6.534763026207121e-10,9.769707793586053e-05,1.7730859804620657e-05,3.728151786854939e-06,0.008059414885104562,0.004255224220702974,5.096980439245228e-17,0.5984555874707709,0.05690884077189056,0.039007897913747605,0.3711171136256906,0.46985901213757025,0.011363556412952652,0.00012583296899410093,4.425990353351612e-05,2.6130803466981358e-08,0.00012852253271656357,0.3677225322308973,0.8849484619959846,0.38754577935451345,0.8583875952351407,2.0527611561646717e-17,1.4520574271575763e-05,0.1048100621802592,0.0,2.364366665615941e-15,0.2206883036925599,0.009833752972671448,0.0001248369345485386,0.6894162886081658,0.0058982504094177894,3.431619935410166e-06,0.0005950320794963154,0.0008761578698717229,0.07474748839003184,0.5105495653399947,0.013134065895742703,1.034873527249698e-07,0.0822596501475965,1.1350208148099417e-11,5.013933518000493e-21,5.922858906141951e-23,6.786107880670926e-17,1.3265408853358897e-09,0.11044732535011495,1.699715595669278e-07,1.0116985813628897e-06,0.22742802467551085,0.02318078833401805,5.553553677116345e-11,1.6598481031263049e-10,2.215488841822047e-12,0.0121688715311862,0.009576873691059178,1.4305771630214281e-11,0.0013743459108817614,0.01436747601332641,1.1663862778596957e-05,0.012415821141774518,0.6082994416943164,0.21482427386404546,0.9298205225635914,5.83926034730301e-06,0.13375484821490183,0.00040546210248157367,0.0005248599043377467,0.5722438986684951,0.12996399974976078,0.1749201439440619,0.0094784362250128,0.1255043325331232,0.00015188864064550107,0.01369445329526974,0.34869883978077215,0.8626497977450531,0.19317112274715983,0.9223668927567743,0.3224095895168056,0.20009412711572666,0.6936523832351326,0.2571950766623514,0.002479593028971875,0.7286399230808278,0.0008549091491429192,0.9846541143643128,0.0005099573042193094,0.011696394464510877,0.009778852142750642,0.025942025966368285,4.6259055433874474e-07
Rate_HospitalAdmissions_df51,0.21225495504636638,0.026570650389274798,0.0132078937958049,6.147660610403915e-07,0.77807537019836,7.164639702216929e-05,0.19353052909598217,0.5099350927553615,0.03189185142487659,1.2039091307282989e-05,0.0033061226693717237,0.4294030937803726,0.37289606380184664,3.831543848629067e-16,5.00616228401356e-05,0.0011964615767135682,1.169570877119807e-10,0.2804396295746393,0.4080131861139229,0.0005463029509327064,0.26676819324317685,0.14959310870025505,4.941090575565151e-06,0.002557429532030717,0.004506499336261247,0.011062323595396504,5.167303497319326e-08,0.2352820538360066,3.601172424434405e-09,0.0005826434897310763,0.06358819399789123,0.8162163027472793,0.19074874340241743,0.989379164882255,1.3911637293480373e-08,1.2367992577057262e-09,0.5847695335679508,2.364366665615941e-15,0.0,0.0055598248355177085,0.034345363533895196,5.66119601625486e-10,0.012530487320794278,0.1700709061705287,0.01871947197174137,6.3811068802848e-13,0.4863257268117292,0.5025563687784275,0.0936981871564924,0.30775601088184673,0.0022197593101751425,4.413740057814583e-05,3.5759578305322457e-17,6.03873056223766e-12,1.8889939533702478e-16,2.216753628705916e-20,5.7863974358710434e-11,0.3140435500704738,0.003893779280293639,1.7980461085124782e-06,0.46685823958743733,0.28580310662425484,3.056376357250186e-10,8.483613090287523e-10,8.281499316596643e-09,0.007437701393180801,7.475285714852654e-06,2.625555617257231e-13,3.567543471289856e-05,0.14537530881869107,3.9275794065426964e-05,0.6306297814493416,0.35905972483493487,0.052263238405925755,0.8341905662482458,1.6699678022364192e-07,0.4017688722382797,0.00025081228158678297,0.002018304058654916,0.9875746824953431,0.6247142283874719,0.5646129026543172,0.027653553424858226,0.19658870483705468,0.06366781904776818,0.14713573184882506,0.6217861449857582,0.6199928557924179,0.04405863568975783,0.8211077303371641,0.7005431638107915,0.5594699071332414,0.5774085991004461,0.6102431046618891,0.320720526234779,0.4932466085827986,0.043960578206337954,0.7845235059964376,0.0006288104158858997,0.03603008551458875,0.007071515551389081,0.6842664632076768,0.00796720181368087
Prevalence_2+_ChronicConditions_df52,3.934899157182631e-05,0.8746080913204561,9.038126818925236e-05,0.0036214913552751185,1.5015830816881307e-10,0.00905068677968383,0.014943891881768168,0.14124590364583994,3.5827488341249884e-10,0.2788776565635465,8.225735681027902e-07,0.0432121197875587,8.520100369269929e-08,0.4521007127318362,1.470866099458145e-06,4.801372529012452e-23,0.0036626976819495102,1.5558594635773274e-10,1.0555856597584683e-06,0.01606793447845294,0.8773330323693205,4.5259098680226445e-08,3.8490175915535383e-14,3.03944642076644e-35,6.382142150346322e-21,1.446492431458933e-06,1.1564651023715735e-16,1.2377766681420488e-27,3.4966452386042516e-05,2.63976550407877e-07,0.00012639309003397182,0.3943592043882894,0.06209513612828112,0.09261201365158096,0.45540291590779963,0.0015745053430544765,5.094953075017424e-06,0.2206883036925599,0.0055598248355177085,0.0,1.9365889263784946e-07,1.1906026525921829e-18,3.208712351441497e-54,4.1868549255038384e-95,0.001369144113962816,8.773447742411619e-16,0.0007231096615626498,3.7649180239917066e-06,7.639604128271507e-11,0.0045964470746081626,0.0016614025513772657,1.4483489947277085e-29,2.374349763438435e-12,0.0034065637945307355,0.09548072496161608,2.4561630021279684e-08,0.042495854972058704,0.37554942589697254,1.8048354671097176e-20,0.21530697443033017,0.5344716513727988,1.8341338802005705e-08,0.0005097801487531501,0.0007267285119458571,0.00022512258852351732,0.546062036677258,4.363394211852673e-08,0.2167097487095962,0.269373171749331,1.3739181709002348e-06,0.18769391872079366,0.001750801025117778,0.0015725459577001764,0.5728434198252192,0.0004240882503036552,7.73981116681977e-09,6.081831712756225e-05,0.005462117281250279,0.0002397157133251652,7.722728205486136e-05,0.9949736821375917,6.608319903882559e-10,0.00014748858799481365,3.669136535559293e-05,0.0006460601335540786,0.741786890706911,0.35332875016485754,0.5804660238172819,0.989582192652026,1.385461595197297e-05,2.514813043582261e-11,0.010218976201429206,0.08516509842023409,0.005290149158429538,0.6509745947761224,0.7383437288852313,0.2458704030555058,0.41862530304932405,9.03929909364169e-06,0.3521307261703487,0.9120067349342114,0.00022943371875399702,0.1457598964307495
Prevalence_Asthma_df53,0.0008949920941968912,0.0023593752573867867,0.00021565440241183104,0.24915385154542086,0.027400687297119145,0.004855638887025068,0.006385030976860656,2.859344105993107e-11,0.8304913585476307,0.33223027564950813,0.0020446419949427244,9.57279716847045e-05,0.8160816817484504,0.9843091847847469,1.7117988091238103e-07,0.0010895314145853107,0.16968473874081205,2.8368824227719395e-06,1.8516807728244234e-09,2.849181784835986e-05,5.370252151578813e-18,4.4956179215871e-08,0.38103383544771136,3.3183971498854876e-07,0.08421018039980042,0.09801089836065183,0.0025117381289858653,0.0004353890643846273,0.0001236344677924232,0.44049603880460536,0.631307856346856,0.9283313372532989,0.18247921689656577,0.8913957829330513,0.0513101396642499,0.03353498594599478,0.0003075773304804389,0.009833752972671448,0.034345363533895196,1.9365889263784946e-07,0.0,7.850278731588718e-11,0.0013748772770453134,5.041659162867951e-05,2.256657896173062e-10,2.0549509951067298e-11,3.066236632365723e-06,2.253401975463938e-09,2.6773944367575655e-27,3.620677332971383e-06,0.01022478590865029,2.594358782582463e-06,2.0282051772781147e-10,0.05810535925329586,0.008040175796674471,4.4197818841991215e-09,0.9119287201843245,0.04803350502730756,0.017416310592982983,0.4527837129028703,0.018905556467194464,0.0003454972373750614,3.065713904734253e-05,0.5161802565940458,0.514815929265109,0.32903982938783793,1.484784077974538e-05,0.021605796184428726,0.5733188527591899,0.0001463101654178713,0.96182331208666,0.7471908320793292,0.0011366322768086663,0.061518560512720775,1.504638021709851e-06,0.00010125688895654495,2.324938948485953e-05,0.0045302671671997264,0.43928070524429635,0.0011159837254821766,0.5793126432044942,0.3396920638581873,0.7448741115450609,0.5819591753826628,0.003897228375881881,0.03579742694523371,0.09303716260787047,0.012442456053548975,0.016408537619007575,0.06955958463761935,3.972300220585116e-05,0.06947591768510868,0.0007704174182619331,0.18133218440220294,0.16733014406808322,0.6396802688227822,0.6819715236299081,0.0003209599721070361,6.555096018219949e-05,0.22811046753563338,0.5487879947618137,0.08176712606512505,0.17979591279648482
Pravalence_COPD_df54,0.8298117836662092,7.665372838862846e-06,0.4197930138698181,0.00019202682947066233,0.21489588974435997,0.6335811408714385,0.001718552375945818,0.007893805814555243,0.060297704462793617,0.3151166313844553,0.001439460701341075,7.321007842106494e-05,0.02488231988445403,0.008057399323480144,0.0822528290951112,0.05453117416815997,1.761653645752061e-05,1.6383603235191757e-05,0.8073340326815985,5.74502916401262e-06,0.012411850272678127,0.9912709061340097,5.269088068711188e-07,2.0829626420247617e-12,1.5087073241843591e-05,0.032457794301349846,1.8393000316318092e-09,0.0014441549245692415,1.0046960337162433e-05,0.00024584876691350374,0.08123748704379319,0.41366784673662543,0.2946749190417769,0.5578314871304548,0.0006006878812849389,0.013966984532543542,0.015249307219552841,0.0001248369345485386,5.66119601625486e-10,1.1906026525921829e-18,7.850278731588718e-11,0.0,3.5520250395653352e-09,7.782844645189765e-13,0.0005959688023937814,2.2244025532636973e-21,0.0007179361127613899,0.5152242193432274,6.673392776131025e-05,0.37740020342050856,0.028630730124285363,1.230042597633913e-12,2.0286334432157004e-18,0.06614072283065119,0.0005250108692374524,2.6477056794242574e-28,0.9686330546042408,0.2726227379419016,0.0012626963026194237,0.34236272323296013,0.037641874585830654,0.036597780952290514,4.437062674144713e-05,0.3117745880101198,0.44295323249080204,0.9405351778482602,0.0002894901699684879,7.209263076917403e-05,0.18233571895374046,0.009883326989133535,0.2228730213797476,0.0737860875742476,0.017356756729083198,0.6121087847831904,0.0005554727374291791,2.816959857089896e-08,0.0018559536529556189,0.0007791420742859866,0.3444431005669329,0.07171552042405915,0.04343779039371965,0.02071480537700268,0.09920708368060026,0.16375377260917168,0.3184927788459168,0.01196045738459113,0.34310462584039625,0.08939213192236392,0.03739750905193427,0.002854710133711955,2.2674766358269197e-06,0.8052822160531812,0.25548673480782136,0.05522371162588067,0.8743075550560384,0.2162308140200013,0.5113894549713808,0.020568397747667725,2.0734070585404555e-07,0.719936385674934,0.2621246781328511,0.012465574303872995,0.36228817347819986
Pravelence_Diabetes_df55,3.828289249808859e-12,0.7857219068639627,6.636782899935432e-05,3.7273805426369756e-06,8.04180703742908e-17,0.0480245044506456,0.02352554551695644,0.21402270874141371,1.2850617599865698e-21,0.7349520288902978,1.4011246431065194e-11,0.8051597764261966,0.06421060161594055,0.005052969206610646,0.004374851771335737,3.838456094780705e-28,7.781574719135477e-07,7.167416742394163e-06,9.951653188191636e-15,0.007924637065002694,0.0006422218892243557,1.2045336883592307e-19,1.2269239628432956e-27,1.7788547317805887e-46,5.476591461411551e-37,0.0003293546249451678,4.6330577269594164e-32,1.3873626875681886e-22,4.849482186754584e-11,1.582678579609984e-16,2.2876772143451307e-07,0.2589911174125047,0.06262962583228486,0.009088766348046192,0.0028454446014184454,2.87694589991205e-11,6.309688551015584e-11,0.6894162886081658,0.012530487320794278,3.208712351441497e-54,0.0013748772770453134,3.5520250395653352e-09,0.0,6.038789532216737e-44,3.7237870745979135e-08,2.8700785370176544e-07,2.8550532488134847e-06,9.679021629257581e-16,1.2041290161038056e-07,9.581999320779437e-07,0.0006855897200088156,2.4242901618239023e-12,6.201515174263244e-14,0.09533074190243178,0.23304959671565645,7.191547962940316e-07,0.779737258190622,0.2915354616296674,2.6809156169674317e-13,0.8231882936861877,0.721322201379665,5.903109520927374e-08,3.034074536747467e-06,0.027225796571293336,0.02091910466069383,0.5723705424982085,7.968852108414421e-12,0.06881258869306461,0.7196965833345417,0.0009140078631995069,2.587400072738872e-06,0.29915031741039927,0.034326520128933426,0.021237466200839557,0.01924378061312357,1.410983820772586e-15,0.00013545379096352943,3.580809995663025e-05,0.015587930520764117,0.0009831089774101198,0.896828986542411,5.131768311831776e-09,0.00023328728256342206,3.857245747586299e-06,0.2358815696447468,0.7818971222726186,0.08014040651216837,0.10360917410781206,0.573869618300683,0.00011481390368259205,9.893877790277827e-08,0.0015886796767849345,0.33891293625792906,0.02582565121219059,0.6619096585965906,0.030037185024418538,0.7692706019513255,0.7682836553384215,3.401721873675155e-07,0.9917170038420203,0.7286761064758357,0.038295411056917,0.26622367532945884
Pravelence_HighBloodPressure_df56,2.320198225314374e-05,0.5518200190665843,1.437368530095316e-05,0.054632179439278,6.52351982647369e-11,0.0004389013475890689,0.03767716852058428,0.07714902424789165,1.2058508732669034e-09,0.032805547381598,9.209029239223432e-05,0.06243485135373152,8.824881769419704e-12,0.43401353594551495,7.135563209024279e-09,7.115517204342112e-27,0.09747386164038715,5.628348897607866e-11,5.008433286597117e-08,0.0001145772389691825,0.8624034540892963,1.3307887413132284e-08,1.7719809266189473e-10,9.785453412726515e-30,1.850462437536042e-17,6.228876156845497e-08,1.615655355825595e-11,9.064782806985957e-35,0.011258359366030778,1.6289404006008927e-05,0.00044222970752875383,0.4559476898859402,0.09498506212152806,0.09026312032832699,0.46903018327834906,0.04441550258627186,0.00016087023920793132,0.0058982504094177894,0.1700709061705287,4.1868549255038384e-95,5.041659162867951e-05,7.782844645189765e-13,6.038789532216737e-44,0.0,1.2001395015408722e-05,2.9424198688265045e-12,0.017581314032492756,9.126528357550122e-07,8.077197099453907e-09,0.009711967670734229,3.129619511982173e-05,1.3044458384165587e-29,1.2187236566921929e-07,8.28476348751789e-06,0.0009337035242310558,0.0001293829599290581,0.0018181443642181817,0.43230773145224954,1.283927606966587e-27,0.018184293798390573,0.601331515716724,1.364386993572485e-09,0.044194953154502045,1.7132574260887548e-06,3.1373548837322494e-07,0.26299799722049905,1.600236806131037e-05,0.8326499025122576,0.06304315461573184,7.727194742311073e-08,0.8830212243533354,5.334064616022103e-05,0.00047302181943888004,0.9062003508299659,0.0003067487975524702,2.2826865177156325e-05,6.643696867831959e-05,0.11100512483706251,5.104652576139624e-06,1.9988761816340218e-05,0.7088008797884031,5.519240404132261e-12,1.8851352152942094e-05,5.135821406854361e-06,1.9766110726522864e-05,0.8525105765487654,0.3694766054501469,0.4556861072060979,0.5156080480410901,6.273504195301795e-06,7.16636155147807e-12,0.004032226808321421,0.11684479011311018,0.0032562346835484303,0.40443889474691824,0.735064730599417,0.024487633971164446,0.496425319143505,0.0006800160407381381,0.1531136933623819,0.4116815886472776,3.6406240738915974e-05,0.007491819977119659
Pravelence_MentalHealthVisits_df57,7.465785741407377e-18,1.1592061719396809e-06,0.4960447308782637,0.10413539623639023,0.00018951824064424472,0.5059889372830915,0.026370822306269012,2.771426008597568e-06,3.725910211023172e-09,0.9067705256573304,0.39178922605934563,1.6607374559300353e-05,0.011337277393883242,0.7361452010407128,0.5219139662653567,5.4512442924983186e-08,0.29195341923750645,0.16478952282122064,1.04080841384979e-28,7.565616930942886e-17,2.4426748181457e-16,2.917472270927582e-29,1.547521258200467e-05,0.0004806658040482488,4.358371568484047e-06,0.06826278104339198,0.003572452354464095,2.6804160074396136e-08,0.732290284233687,0.0005037040772135204,0.005442229314457172,0.9640941232593907,0.869019874331928,0.0061971351709808895,0.13391600301951467,9.152551520275874e-05,0.42104329589844497,3.431619935410166e-06,0.01871947197174137,0.001369144113962816,2.256657896173062e-10,0.0005959688023937814,3.7237870745979135e-08,1.2001395015408722e-05,0.0,0.003355033256911732,0.07467032608074017,2.667921513247871e-30,0.8279745541621136,6.555866632378065e-10,1.4466391968525157e-11,0.5752004343072805,0.08922438474706436,9.098025092262457e-07,5.035841483183623e-08,0.0008766315252498715,0.432330914811038,0.720692523677829,5.517301494654747e-05,0.9582790823890526,0.07262569188528904,0.0759136102559951,0.27540108723610923,0.014090550464086084,0.019490078082882365,0.3242377277759909,0.1065094071501642,0.015071899979986375,0.48431796362405855,0.41355110177807747,0.27649435046985243,0.05010877785414017,0.20683963629599564,0.019622756727607934,0.002083948885291071,0.6583272980061636,0.6492859621288334,0.6231437396624373,0.008143130705460529,0.9056741588510603,0.024254950683616924,0.00025280633758698566,0.01109231330360409,0.0007359116364938435,0.1997884227449888,0.11064415657213303,0.08236561793881987,0.10983886510888183,0.0013264352228290405,0.3520437201460772,0.25863217165310054,0.008464166926171465,0.5119755090354224,0.342255107039359,0.09424149253531851,0.022219790849315794,0.15155151964952565,6.044745316380114e-05,0.990447278557242,0.8929007405458578,0.9399410661054489,0.43337101761606694,0.3087697344021788
AnnualRate_Hospitalizations_df58,0.8432398965368353,0.6343681217385206,0.07232820116505119,0.003789190747370728,0.04242583440651233,0.8551945404761641,0.036880417325040236,0.07462006110468757,0.0022078477222539144,0.6219739358547471,1.3345943195314615e-05,6.693331064814115e-05,0.07222261315860434,0.005782466393537006,0.7654859686499583,0.09227149042834437,0.00020924665743352172,0.00024614414299299023,0.8901556787134889,0.16084399509597014,0.044145341335633075,0.8886512111677414,0.0002663323749092719,1.6034603056828594e-11,1.2582858952543575e-05,0.11565063087258637,4.6303379307926274e-10,4.9046086595864666e-05,1.507489652240605e-08,0.0014249533071741265,0.00021818456853285159,0.8121591504862783,0.10653675238110356,0.7476360238609305,2.0514529612365262e-05,0.02518060713392759,2.3561700482604105e-05,0.0005950320794963154,6.3811068802848e-13,8.773447742411619e-16,2.0549509951067298e-11,2.2244025532636973e-21,2.8700785370176544e-07,2.9424198688265045e-12,0.003355033256911732,0.0,1.7628247528554564e-08,0.4722324533606481,1.1888652705994086e-07,0.04566232202336679,0.06751664091343836,3.037545892855833e-29,2.238950355637742e-18,0.17841627169622526,0.001792365794057338,2.5534456958941874e-18,0.6385506316341945,0.5597763479644325,1.9328596895991996e-05,0.9911879381262662,0.08938336131387302,0.013031675830063082,5.49979535280044e-08,0.987482526326679,0.5838605192410008,0.8095243303800537,1.8219585722916444e-09,5.426473481596234e-07,0.5285146769101887,0.0003723694751113583,0.22771792419672138,0.00039879445678844106,0.0042766538262694895,0.9649935279380167,0.0007411915370244705,1.2623527688777576e-10,0.0010950159516681678,3.4230493044182815e-05,0.1568210437953289,0.0002759548831219044,0.759143665237341,0.0001995034069521421,0.11014408376330811,0.4549253328034569,0.17339515409537695,0.1601858100176529,0.3567507201378154,0.020983587027346637,0.13214261270975589,0.00258737508597827,6.623492741629356e-06,0.6225502335553825,0.1151838230199452,0.847251503262614,0.1767417389850576,0.07346668515626092,0.2033819820177133,0.056265289057252504,2.0074408274213244e-08,0.8148020944000492,0.986067513028406,0.00018025069845274412,0.46438811063594326
Birthrate_df59,0.10123818477216623,0.333725363189206,0.0004079990293980937,7.521251986023599e-07,7.98657104753207e-05,0.6284748121820649,0.0005422672370714612,0.0003014391672422058,1.291715543824506e-07,0.9509432445408253,1.603711353284206e-10,0.6596560777332606,1.5507547033123338e-09,0.004057256470547289,0.3007674387400597,0.001026107372231272,7.601278323319421e-06,0.3579148726903962,0.5271958854443641,0.014361541015987246,0.15735968304150857,0.150142871608137,3.4177938517879645e-05,8.276828285618918e-12,4.098150941024253e-09,0.9697659111539328,1.7053558450542118e-15,0.03426813383072952,5.142665509895682e-19,7.171868231393408e-11,2.5881019921702087e-05,0.14326080516948203,0.22693436126509983,0.03607312492642898,4.7084304996886916e-15,1.801127534225036e-05,2.4662578017208955e-25,0.0008761578698717229,0.4863257268117292,0.0007231096615626498,3.066236632365723e-06,0.0007179361127613899,2.8550532488134847e-06,0.017581314032492756,0.07467032608074017,1.7628247528554564e-08,0.0,0.32005934952638154,0.0014340777317634523,0.45519327438862717,0.09250113587561096,0.0679142971715229,9.439371462851992e-11,0.06543531951091351,0.18162931470324864,3.216386015530459e-05,0.25539687307441233,0.21059736649636288,0.01691849413415623,0.6103469294948761,0.3881916895363075,0.0013240974388339195,2.6232741806176156e-06,0.5010264408598886,0.8595866508452553,0.33146643685218485,3.946956310199413e-08,0.0023878934211416544,0.3936687278901637,0.030965109033932334,1.684855353964014e-09,0.02436226383826761,0.13048929839077097,0.017113736802654766,0.036399126269629885,4.956070833437682e-16,0.0009371294901345227,4.0845295937658536e-07,0.0010636644816871199,0.002009162329654461,0.6904747485222069,0.002304236994684421,0.01530995670404071,0.23290480734610886,0.025510543447201387,0.05302579539028537,0.6692948655807871,0.05706312870659381,0.34162916570639834,0.06406508960773637,0.0023888415418769787,0.5100845739906376,0.9634355941104242,0.013713134275966384,1.528356035246838e-05,0.21922723902743307,0.15044991202614066,0.7619133736472125,1.636394393549022e-09,0.10449351733365385,0.8234937050655807,0.9665804641605357,7.045043068917583e-05
PercentBirths_MothersNotBornInCanada_df60,2.17078741545786e-27,0.001330203238442746,0.4873029127145675,5.449656940345695e-08,8.293793074262165e-07,0.4432192725340906,0.2904648036834216,7.223236874838457e-16,8.547035716606507e-21,0.15456420200099344,1.3251954779656377e-06,4.699332902078921e-05,0.9478802682139478,7.312182030451342e-05,0.0064037994586672005,9.744453204363334e-07,8.433872578435328e-08,0.1819130924699267,3.1050600206096387e-44,1.4252044001397124e-09,3.8529498699193624e-37,1.5831338825849982e-65,1.5022037602718554e-17,9.334289235768397e-08,1.7447930959439105e-14,0.514148271323928,1.8157449185704549e-12,1.5192916293174944e-07,8.682179415086978e-05,1.1648078939052912e-08,9.931388139702658e-07,0.4877345392028831,0.45292255211845667,0.016766602577555755,0.10112273803504988,9.42934020103959e-17,0.0003518222507335929,0.07474748839003184,0.5025563687784275,3.7649180239917066e-06,2.253401975463938e-09,0.5152242193432274,9.679021629257581e-16,9.126528357550122e-07,2.667921513247871e-30,0.4722324533606481,0.32005934952638154,0.0,0.6791441556595251,3.978664504740755e-15,1.491223930709177e-06,0.20177955882496998,0.0807957935713522,0.013921265034198509,0.0017237079605817557,0.7354338120245183,0.14176498720512842,0.22222378125188771,0.00027383018266140306,0.09601775178274966,0.0157623653277413,0.045635989521286696,0.15561750317541914,0.428543649762901,0.5423980209306684,0.6172280892878588,0.0003076157392876786,0.777942768013676,0.8452648944217527,0.4443980854255776,5.994465328630667e-05,0.44185373440584474,0.45239280241973495,1.5540862755578226e-06,0.018563028261693905,8.436616930071299e-06,0.7907626884929774,0.056239874593596716,0.1377607475840276,0.607499441812017,0.3752338174829566,9.948648512294973e-07,0.0044811670730322,8.328353611422896e-06,0.17436836736355407,0.06445884696391216,0.0007935520675241962,0.004197703137498008,0.00119697147295215,0.05907529846143031,0.9576610389180404,5.785079825327174e-05,0.10654666786302305,0.9231554384266206,0.9010283861212572,0.0005172935113448056,0.8401688130472694,0.0013646494880466364,0.0035230243003494172,0.12551291650249186,0.9526008872513291,0.4103948400686389,0.042303107311257276
Pravalence_AsthmaYouth_df61,0.12339432326900691,0.47112509541809783,0.06367780953418078,0.9521990136944777,0.005357629485411349,0.4281014244265319,0.6923142716569687,0.0032058646618806953,0.11158800956227061,0.9638279264694583,3.904603871107915e-06,0.07560287572669769,0.8454606577018521,0.0329474760351586,5.210903445656518e-05,2.083473265944932e-06,0.7277066120143005,0.053727889103559016,0.30408131824929713,0.8846055776209505,0.005547528517512275,0.7424660810969015,0.006286757293498505,8.534576959391629e-11,0.00036060353764268084,0.02501197408161621,1.2794565386624139e-05,4.742830731177295e-10,3.3141000165247786e-05,0.01801919291268001,0.042752188289700836,0.7360856346359511,0.1219791903658179,0.15510761930857422,0.23154146716321095,0.5004530749220872,0.0010040150586797273,0.5105495653399947,0.0936981871564924,7.639604128271507e-11,2.6773944367575655e-27,6.673392776131025e-05,1.2041290161038056e-07,8.077197099453907e-09,0.8279745541621136,1.1888652705994086e-07,0.0014340777317634523,0.6791441556595251,0.0,0.07259804498243438,0.4167301510368134,7.339530425966811e-08,9.780331510518772e-08,0.9815210142019758,0.8571292483542724,0.0002695985453481349,0.02693287413630273,0.06233837337366796,0.00018568189780807445,0.423883306370735,0.3767391131117027,0.0001003670379101488,1.5957186779613463e-06,0.2180994635899285,0.7540216166050097,0.06810519690130325,1.2717249305447049e-10,0.05088389419812753,0.7889208316546019,0.024791166787042455,0.8639808164329225,0.04612868470769804,0.07177215860238385,0.5562148306103298,0.08064498584335929,4.590796139443029e-05,1.462752049534331e-05,0.014000328133164269,0.9114039934732073,0.00033934226437059835,6.714144778459448e-05,0.0031645904286690977,0.6421627483701459,0.20665268808519657,0.000492476947250558,0.5383901113507202,0.5835054089002155,0.040973294540836334,0.804439859100571,0.16132375391337755,0.011926606874712052,0.45747101028582954,0.00014023926621178608,0.3757531902101709,0.3614469381611693,0.17036317313070015,0.17193952771360138,0.9449294632746837,2.6453105657823637e-06,0.12529973712512033,0.27913843327957305,0.0009479122034893402,0.06338387401296315
Annual_Injury_ED_VisitsYouth_df62,1.1789675055757434e-09,0.000812893374051087,0.7796715469848058,0.002442976051927652,0.00025022961576310883,0.3179542785492928,0.6960455986985732,2.765890017863326e-07,6.142484296423683e-06,0.01123100999160822,0.045932211813336156,0.005972743056957701,0.2103003692851053,0.0004015422317979226,0.00856004279571494,0.00438938646788691,5.298387614460123e-05,0.3659770226307207,8.205012682623478e-14,2.2015638616629294e-06,3.244581610837378e-14,8.350721130219283e-17,9.431285136046941e-08,0.014151814385838448,0.0002785727181604516,0.737936133771412,0.0008637174667851925,0.1806575047387588,0.039230565178132774,0.05965183970522064,0.0033261258517657223,0.5705617127718452,0.9138723442791922,0.03125835682341008,0.8133076588179734,4.244033743838208e-08,0.24105551254348828,0.013134065895742703,0.30775601088184673,0.0045964470746081626,3.620677332971383e-06,0.37740020342050856,9.581999320779437e-07,0.009711967670734229,6.555866632378065e-10,0.04566232202336679,0.45519327438862717,3.978664504740755e-15,0.07259804498243438,0.0,3.655982554159068e-07,0.5487871382980775,0.35663079973906064,0.026383958169914696,0.19875004864057894,0.1626439145994445,0.05942145036575658,0.000615393837829603,0.27363134756924234,0.01771383615745489,0.0034078392303064334,0.9719774076841875,0.4007796705684941,0.4644718345099473,0.5957384645134942,0.37518066522749444,0.012537760448733087,0.17959496531416563,0.03697401171870503,0.047916648895986506,0.0001243913943528663,0.40770517001752604,0.00880259534566283,0.0006224589871037118,0.0024773831758491387,0.046968374108289225,0.13290462866560115,0.06678572627215511,0.5365925581916965,0.0189076371358175,0.5069670477557798,0.7467856906573558,0.3803931187688853,0.03885146052590851,0.15518844916076108,0.11573283828322316,0.00015055299234437925,0.0050181638961338355,0.9471429780952124,0.7928944755567862,0.8153936157995771,0.0009843190009708514,0.35300971667336023,0.43052895219408266,0.04673515775775257,0.7289205984108416,0.06461206656785916,0.008241600160275395,0.654767653166992,0.04871715979124408,0.2047106780073838,0.6454518237032846,0.018329397137394364
Annual_ED_MentalHealthVisits_df63,3.8165434257904035e-05,3.886110894955889e-07,0.027978275433085814,0.9935271537991542,1.5610582079508465e-06,0.021388742642816372,0.1241746914906213,2.8686325573534725e-05,1.7554530722869008e-05,0.44084238923595986,0.7554763338669964,0.16880957429697124,0.0002268795657722115,0.12840095964682707,0.007239616341706062,3.3051078302786934e-07,0.25397761297534527,0.6554340535925837,1.0988504642343415e-06,4.6681684540639403e-11,0.002659651253937642,4.369923331685307e-06,0.31650019306854993,0.0046512468276032415,0.03753302104872453,0.01858143816810782,0.8653648916744893,2.5022249964299526e-06,0.23102466312689554,0.8483291539976134,0.016699384104688374,0.568756070491659,0.46543177130685054,0.06184401918862363,0.0037910523572343992,0.8803179322332864,0.9632703439957064,1.034873527249698e-07,0.0022197593101751425,0.0016614025513772657,0.01022478590865029,0.028630730124285363,0.0006855897200088156,3.129619511982173e-05,1.4466391968525157e-11,0.06751664091343836,0.09250113587561096,1.491223930709177e-06,0.4167301510368134,3.655982554159068e-07,0.0,0.010715034520475434,0.008246116811568173,7.508407868257576e-11,4.5378941878348666e-11,0.0008610646167052807,0.12473430606615617,0.19567500906591884,8.871451280369987e-08,0.42256078417095805,0.03442459268434947,0.1484768346495143,0.23097372155073878,0.00175778181309295,0.0025822337136947645,0.7811039747074416,0.37580662319813607,0.017136111914200957,0.46158022065144155,0.04635391723760516,0.4856358256099227,0.0016024547700370815,0.3596155114105093,0.5800644346140736,0.024196875091334873,0.16788991085969895,0.7323403339893083,0.14255870410326107,0.004770842761320968,0.7499475050090662,0.054377583404787974,0.0224000494789625,0.38253219479314665,0.008805515102902752,0.000781669044995142,0.2855968328385332,0.0163839532351289,0.8102529844981274,0.46653143319064944,0.7794137202262937,0.4225019939253613,0.07247595762472278,0.8544569827432686,0.2007257392890745,0.00286645892434736,0.702781355792723,0.10813213572005963,0.0068792008820934706,0.5036264440566177,0.4682696021769173,0.7185904228958363,0.004592280203204229,0.002936281888750855
Pravalence_CongestiveHeartFailure_df64,0.10021560925442254,0.22844381658851914,0.10997398539779948,0.14504579812592205,0.006215851576270314,0.24091084614506658,0.24402108882418594,0.02280257944075551,0.0008285329829638388,0.23412590108971995,0.01241419410592359,0.000137389375231444,1.675082940887546e-12,0.6761344644445045,0.0012393888725020987,2.4239083865878196e-06,0.1576715573767223,7.069278538837794e-08,0.017616021365692968,0.0011891037568414029,0.17124757262485912,0.028364192383603444,0.0011277971116207383,9.232701348819488e-12,1.9315189132024238e-05,0.0003769763926932694,3.677080707189077e-05,2.1321604101976893e-12,0.023953628201733204,0.1961828713066577,0.003717520736417191,0.7791283593831759,0.05298041720749314,0.5561955330846293,0.6795397292163726,0.4647046164230496,0.04528757715457823,0.0822596501475965,4.413740057814583e-05,1.4483489947277085e-29,2.594358782582463e-06,1.230042597633913e-12,2.4242901618239023e-12,1.3044458384165587e-29,0.5752004343072805,3.037545892855833e-29,0.0679142971715229,0.20177955882496998,7.339530425966811e-08,0.5487871382980775,0.010715034520475434,0.0,3.729186137226147e-07,0.00628372864744913,0.14342434127872922,6.244821514210061e-05,0.25362101909377155,0.7140808330515026,9.407142871322415e-12,0.286330487453041,0.9737662902339522,0.002987435429596609,0.0015687532972455804,0.015711733825305205,0.00770116998309263,0.5924176350183268,7.380369872979654e-07,0.11910282254565496,0.3378480334012117,0.00013724277123791214,0.27739135626121236,7.247071492607132e-08,0.05299022402908693,0.5152319755324335,0.021682536360021994,0.0014291235633276452,0.03380209013829025,0.045371689415672045,0.12415037010210185,0.001254634329004474,0.7539137692608724,0.00027207220285967155,0.015711663614547674,0.06283035696329214,7.7408933390486e-06,0.5930364789090368,0.617521275472555,0.06553094051819199,0.1693036941331977,0.015352546557879748,1.4733765416899472e-06,0.043436688839150014,0.2791556972665895,0.09856109333593331,0.3064821636248644,0.09859352168115755,0.03606647626915391,0.5545625711541344,0.007040494361991899,0.11973186561079695,0.8155928606923338,1.0634283522986288e-08,8.904763841428903e-05
Annual_ED_Visits_df65,0.03221903638223532,0.0016300456223006072,0.26262623182450734,4.6594690148458145e-09,0.0008476695334294613,0.2275728709625792,0.008755522536018431,0.962123935089554,9.3986046549536e-07,0.012548910494353162,3.9848956783488984e-14,0.2893345628353257,0.011627617667967143,1.7099076682694323e-11,0.3998818140906784,0.009890134773455819,2.5633552355978493e-11,0.022438046027991255,0.20726949062878924,1.4221944291378452e-05,0.9300006623895242,0.02431345436529408,1.6002801061934216e-17,2.923882634809835e-19,3.081992317560593e-13,0.527981938240696,3.918921847340973e-29,0.0014353925914068985,1.5560951833124632e-23,2.133283149476594e-14,1.7921265955237592e-06,0.3130417977592981,0.05909349133262792,0.3468249758549913,1.8250226148663766e-15,1.1456909689862404e-10,1.666937567362765e-08,1.1350208148099417e-11,3.5759578305322457e-17,2.374349763438435e-12,2.0282051772781147e-10,2.0286334432157004e-18,6.201515174263244e-14,1.2187236566921929e-07,0.08922438474706436,2.238950355637742e-18,9.439371462851992e-11,0.0807957935713522,9.780331510518772e-08,0.35663079973906064,0.008246116811568173,3.729186137226147e-07,0.0,4.767349406507606e-13,1.9684262645341093e-10,3.3537997293004225e-29,1.0448430619434695e-05,0.021688689877655123,0.31013579874163316,0.0018278187623781308,0.7818826728393286,0.020951313380394784,1.7866509876842434e-16,0.00027846650246797353,0.0011366641977995646,0.4899178561601772,7.025310403989672e-15,4.979436210642842e-11,0.10314073854043429,0.393876786771264,2.942838359971901e-08,0.7126891447893584,0.061774259185163105,0.1629819842539723,0.011614423919500762,7.496896953038855e-30,0.00023839449878145148,4.695742793876497e-10,0.03212592467304571,0.009181807988252267,0.6488951766906139,0.01746703225679105,0.7796641999304046,0.5411372386039325,0.11774245989177407,0.022793146315314525,0.6980112965323778,0.5844598972575684,0.23312533984769127,0.0028098934235650467,0.003253784349194607,0.8731513563753753,0.31659775983143346,0.5828617647142001,0.007695354418642181,0.098537153688695,0.21796187704673312,0.17907245145348213,5.1006160672793796e-12,0.09179589244733623,0.11473602058191382,0.5511435067099729,0.0005094086283512662
Annual_MentalHealth_ED_df66,0.10806771290897636,5.098560830315232e-05,0.0011147539798088972,6.526611267780209e-05,0.17199786088219804,3.7344317610194165e-07,0.15893234887703675,0.6239191845282116,0.9435452626216763,3.8035467445579976e-06,0.0070575765539668215,0.9032978964966494,4.596849432382568e-10,1.4491027839130647e-12,4.713349185863284e-08,1.033294317406963e-07,6.164162747649303e-06,0.07834204824609714,0.0015960156739612881,2.873628509396179e-15,0.5352272619365331,0.01737374948671354,0.030584144947070308,0.4939934309437925,0.938208601747646,6.297658839463395e-05,0.004752196513342118,2.1117293191617822e-08,2.973895584952264e-07,0.017076678759677406,0.6174257879745066,0.9721303627086415,0.5775303551125802,0.5299002330220995,3.472657099007607e-13,8.512248426616389e-05,0.7422224456087074,5.013933518000493e-21,6.03873056223766e-12,0.0034065637945307355,0.05810535925329586,0.06614072283065119,0.09533074190243178,8.28476348751789e-06,9.098025092262457e-07,0.17841627169622526,0.06543531951091351,0.013921265034198509,0.9815210142019758,0.026383958169914696,7.508407868257576e-11,0.00628372864744913,4.767349406507606e-13,0.0,8.908575874871924e-34,3.0342414492104683e-10,6.3241890881602494e-15,0.17262692743430094,5.23884135546842e-14,8.365211717350889e-08,0.825678298563366,0.002600204999763973,3.5312395949703423e-06,7.46904768045714e-20,7.960731424090123e-17,0.0647325359695715,0.03328730592674154,1.38121414846554e-10,0.0006067262999517413,0.0015963223037767577,8.591162196612511e-06,0.00022050802102264165,0.1979745825177411,0.3191965748598242,0.9827543906786927,2.090209063500967e-06,0.6518022727361148,0.0007313893918531109,1.1244599026002639e-05,0.12023339959581489,0.14491336928142934,0.0001963943766656687,0.001391206961232311,0.00198771486481191,4.6061052754463694e-07,0.21238361561128885,0.15027749841898974,0.1662537164581295,0.020713123776513832,0.18810904112603768,0.027489291194415847,0.013464364723449224,0.9289032421575342,0.3844464029768128,0.01341589874622627,0.5519731809025437,0.000994135698417666,0.3649245361458802,0.010792743831236394,0.012060964018446368,0.006247607805671131,0.004195387805970382,2.109036014014408e-07
Annual_MentalHealth_Hospitalizations_df67,0.11162943974595135,9.549258746315774e-07,0.0650593026614615,1.9606428730266266e-05,0.4547541992103111,7.343019181835038e-05,0.012642574272754576,0.1887428860233635,0.8739040139443125,4.9110035638727926e-05,0.028506798700502933,0.5699447079725308,1.4998527849019548e-06,2.5895140239075322e-11,6.657046800420156e-07,1.3657080975332218e-07,1.2466511821978824e-05,0.41109058558854594,0.0003860032230004498,3.726547596674894e-15,0.15537617222232894,0.009607915880781503,0.08478888268303701,0.7684913650475317,0.7754934774619803,0.0010848688262631186,0.004286070074162083,1.8033942633701016e-07,1.0849346762178556e-06,0.04983011958786316,0.44782877362309165,0.9973694686732485,0.4192357560451219,0.4697696879811758,1.5575016940791556e-13,0.0003158514100590847,0.9786658341738756,5.922858906141951e-23,1.8889939533702478e-16,0.09548072496161608,0.008040175796674471,0.0005250108692374524,0.23304959671565645,0.0009337035242310558,5.035841483183623e-08,0.001792365794057338,0.18162931470324864,0.0017237079605817557,0.8571292483542724,0.19875004864057894,4.5378941878348666e-11,0.14342434127872922,1.9684262645341093e-10,8.908575874871924e-34,0.0,3.938304955760871e-14,1.9617297218792818e-07,0.12377395212933877,9.074298447846841e-10,6.765547821150491e-06,0.5912406184141831,0.022354133903758802,2.339494413802318e-06,7.561694613282981e-19,5.119058148430132e-14,0.0336096090087108,0.054222010235700474,9.447497115466564e-13,0.0017584399355707694,0.017001713495974236,7.148547696961423e-05,0.005900416994902516,0.5239250816593314,0.9005658141176848,0.5220363717798858,5.515399431047313e-06,0.8542736494763401,0.0008718761789543234,0.00048250418037989106,0.2513331457010763,0.19494749281651383,8.135926325129794e-05,0.011103031129731718,0.003238914798368465,4.769727690294014e-06,0.04280795333718567,0.12333388268372793,0.9046150287192283,0.030862757788140998,0.08947414670437454,0.10263259745754762,0.0017857007691700576,0.4538557583312822,0.5393307999518903,0.049480560302137315,0.40594834872403707,0.005401914231702003,0.14076847853839175,0.006134604450359108,0.027467860165484793,0.016835702178121987,0.009678408436423105,4.212949312358312e-06
Annual_PrematureDeaths_df68,0.9337906143854229,5.896692763042442e-08,0.39111766530608616,1.4886831403104211e-06,0.14174211676647866,0.1976779360995655,0.00096616685265365,0.08023705447592565,0.019961078984579238,0.037327178907628454,5.22155926468209e-06,0.005744111148342696,0.09344709647629544,1.1095840018786163e-08,0.43716208233830145,0.8276674454064948,8.866988671234277e-09,0.013094515268601437,0.5119428695735813,3.6785877295796563e-13,0.1591831273184397,0.8769465949453985,1.0291594021735172e-09,2.395527011960481e-10,1.3672231413210077e-06,0.9352236125109816,2.0796037538435118e-14,0.25255299795993047,2.1609608796911333e-12,6.05976745185505e-07,0.008966087631917719,0.6154239521876818,0.1751341707408038,0.9214283579225727,1.0406095617399478e-14,9.772928356872301e-07,0.0041097965018303505,6.786107880670926e-17,2.216753628705916e-20,2.4561630021279684e-08,4.4197818841991215e-09,2.6477056794242574e-28,7.191547962940316e-07,0.0001293829599290581,0.0008766315252498715,2.5534456958941874e-18,3.216386015530459e-05,0.7354338120245183,0.0002695985453481349,0.1626439145994445,0.0008610646167052807,6.244821514210061e-05,3.3537997293004225e-29,3.0342414492104683e-10,3.938304955760871e-14,0.0,0.003040288992095436,0.00807470994172545,0.667550301523298,0.005559073887225678,0.21729660704355988,0.18222594084385677,1.3040604633911724e-11,4.6016289906805764e-05,0.0007020328685052885,0.5534700994444558,1.5336166432244683e-06,4.218718680770966e-14,0.028186833690960904,0.29799883433334173,0.00020579965031697215,0.6673993284185596,0.03419333343723526,0.14694100291826234,0.003898701954200786,4.853428088439115e-16,0.0013667404450369441,9.438745725372975e-06,0.35792632101349964,0.15851961830019035,0.1294560354396986,0.06215321899967442,0.8977390650909294,0.84948062118709,0.41271259215355477,0.012831083151600716,0.21065557839889976,0.26422286617356333,0.09048024245090912,0.009875741981527755,0.0024185532682734607,0.5221525121132301,0.2863054852509928,0.3209088776701013,0.27814190798290894,0.5582347526708431,0.044269248095908834,0.03538354222804688,1.3864429682329105e-10,0.14235911753213384,0.022716845076183365,0.10825108342271089,0.010498812381091184
AvgChlaymdiaRate_df69,0.009054859594129815,0.47096469700140486,0.00012678306054294294,8.432659708586124e-05,0.22459262305452835,1.99700015300233e-08,0.7778305912229247,0.014742505903099262,0.10619365016928967,1.2335408566813357e-08,0.0042687965962218185,0.06849517789323628,1.1791667243479527e-08,9.369407763989757e-26,1.1629041611408427e-09,4.215845285428691e-05,2.205030482258063e-07,2.5434135387824433e-05,0.780082162403834,0.018333435471380177,0.00017311262400774045,0.1134701910473601,0.001027128768081176,0.4485550348895091,0.12356699648512602,6.651271687703742e-05,0.0004985980534750313,0.00022892962717669215,1.9427280602966116e-11,0.0035753577841206945,0.02769794618351036,0.17980495359597343,0.13536571255149757,0.9601758220142321,1.0300859135204989e-07,5.679631293584555e-09,0.98421153020282,1.3265408853358897e-09,5.7863974358710434e-11,0.042495854972058704,0.9119287201843245,0.9686330546042408,0.779737258190622,0.0018181443642181817,0.432330914811038,0.6385506316341945,0.25539687307441233,0.14176498720512842,0.02693287413630273,0.05942145036575658,0.12473430606615617,0.25362101909377155,1.0448430619434695e-05,6.3241890881602494e-15,1.9617297218792818e-07,0.003040288992095436,0.0,0.39389797059724946,9.935458640228663e-13,2.420745403632794e-13,0.11810439053449019,0.00012071558213438532,1.0163693899815229e-10,4.3067839332988264e-13,3.7343277762991995e-16,0.016291806564619146,5.644887180272434e-07,2.307557978296351e-11,2.7052971322232764e-05,7.708194258711976e-06,1.0281596280068831e-07,0.006198796533480623,0.003334103192277582,0.002480129396718293,0.01052641588546138,3.703467452406047e-06,0.29600749961606765,3.639967506552502e-05,1.562973695333524e-08,0.02524883856109016,0.8564775321399862,0.002426728208199959,0.001734672797328379,0.19574381261195145,3.0458594598548518e-05,0.9915887139709466,0.31181772327309104,0.0886781093731522,0.2053647048491215,0.11225259457403858,0.0002774384047521484,0.5402157782491513,0.31058969593035446,0.0688582947451187,0.22828378768873012,0.07544824720670947,0.0006743888864957806,0.18484822568939946,0.0005265663604307807,0.009772216439729177,0.010897558581014648,0.24307852042295647,3.849373391771926e-06
FoodInspectionOutcome_df76,0.7544884592101676,0.00038298635328033086,0.9302120072137512,0.6924201851721947,0.8778758800483824,0.7196782032982729,0.6320187085100394,0.037481673666838175,0.41803748576350486,0.28141980507844055,0.5489468885075923,0.9228219932202387,0.3902738650462015,0.7458948518062508,0.055234273317116465,0.36224652825912396,0.8870041836716236,0.2854227839419059,0.35205111029027,0.008490052033593126,0.10154482471576463,0.4472904882571497,0.7294465147534136,0.06121703369884449,0.0806852299662774,0.2911022519779863,0.2627904123838349,0.05491554537915047,0.4455266785090699,0.02559024049677838,0.7228416892649128,0.5204989476682916,0.5423556517236048,0.8424190223220582,0.0030421696151763543,0.396397127991796,0.3497939674287742,0.11044732535011495,0.3140435500704738,0.37554942589697254,0.04803350502730756,0.2726227379419016,0.2915354616296674,0.43230773145224954,0.720692523677829,0.5597763479644325,0.21059736649636288,0.22222378125188771,0.06233837337366796,0.000615393837829603,0.19567500906591884,0.7140808330515026,0.021688689877655123,0.17262692743430094,0.12377395212933877,0.00807470994172545,0.39389797059724946,0.0,0.8561140730922414,0.0999354209739269,0.1611675942550701,0.020079963768526634,0.1625512128822679,0.5444289144853044,0.3860599159956529,0.02237488745062314,0.03682551142655988,0.30072513777792365,0.26991145272559536,0.737529489633378,0.6638047271018424,0.9402167197816567,0.0025613787991269643,0.995828319647949,0.13229161414358048,0.6783870477164601,0.0004270539768198931,0.3142314019425212,0.6094974555102108,0.008946785069947,0.9939747896519541,0.19579912754882925,0.8317863624626591,0.4038411811331691,0.6371454875254426,0.11463470211418764,0.043226882961219834,0.29175770198074175,0.018180842269819128,0.017378620801325958,0.6285893847405011,0.21160439820220853,0.09387833231900233,0.7479890956050926,0.04496297246055587,0.9484211963966256,0.13466986539998685,0.8895257267864896,0.030271763245658907,0.06241351442281795,0.2851744111199001,0.43225714107231944,0.557067394522432
VehicleRatio_df92,0.0024064928374503943,0.1059244504517133,1.879995424078844e-12,0.1353371293255703,2.737167589387694e-08,1.8013669806625422e-11,0.04862856767470875,0.31812083470658203,0.0008649443187454605,1.0320770808104961e-07,0.03937336050994587,0.06219029199549546,7.430396083949943e-09,1.9824041110261475e-07,8.39785227063793e-12,4.629718879465656e-23,0.05446569261425632,1.1402472277239169e-07,4.984448303713877e-05,2.881152983127684e-07,0.8061462556979017,0.00017249438049099806,0.02738893640009266,1.4191783485936704e-11,3.973341771824119e-07,6.73587409185266e-06,0.0017248997534793096,2.76938868573934e-34,0.8201000934141102,0.396458436888699,0.029705260486635677,0.37767610950119684,0.36521186577892634,0.04415166402563468,0.0013493227444572485,0.13121545558168926,9.485356018467941e-05,1.699715595669278e-07,0.003893779280293639,1.8048354671097176e-20,0.017416310592982983,0.0012626963026194237,2.6809156169674317e-13,1.283927606966587e-27,5.517301494654747e-05,1.9328596895991996e-05,0.01691849413415623,0.00027383018266140306,0.00018568189780807445,0.27363134756924234,8.871451280369987e-08,9.407142871322415e-12,0.31013579874163316,5.23884135546842e-14,9.074298447846841e-10,0.667550301523298,9.935458640228663e-13,0.8561140730922414,0.0,8.534524510973053e-08,0.22788750492147392,2.568189226791677e-13,0.11230939982517416,1.909622716880569e-14,4.65961119130233e-18,0.1596074325433025,0.20503523058182166,0.0006284881593580491,3.2050288092401648e-06,1.3411468722208451e-18,0.028134231990352837,1.051534465172546e-06,4.204970223121263e-06,0.7313716872241167,5.446676038724959e-06,0.21584698350082562,1.6444993053772982e-05,0.38353224648428674,4.0301647363210725e-05,3.251358013369751e-08,0.24176928605305156,8.716334382197718e-18,1.2509583664027973e-07,0.0002001753164914789,5.312230617855305e-10,0.5626910677812347,0.5931745663459601,0.008395538481619329,0.18820769347493582,1.4424447840097046e-06,1.5792164382438866e-12,0.04078298054049002,0.20367182181386265,0.041712245507741025,0.1479314984871805,0.9506734608468974,3.2506600511594405e-06,0.2525332550573541,0.03880049456170123,0.1190323741150853,0.06462850504844334,9.562743758378697e-07,9.126773475860553e-08
OFFENCE_RATE_df1,0.02490334109424691,0.14788414951136714,0.0004869736035806822,0.0009271252268332144,0.9580473324943937,5.7527451862089726e-06,0.7959235928110081,0.1653594101692475,0.24613013259429461,1.0309376198853032e-57,0.012995116463634129,0.3310175288741508,6.952302920017151e-05,3.8683568071269175e-15,0.00027432904926887546,0.01794774028898741,0.00025701771450376465,0.0026389310417595665,0.7964763364140294,0.018849295462450972,0.0030565726131034144,0.19471097902217618,0.0005609217291340434,0.9712641959510125,0.5782623166114147,0.0008577863761201407,0.006573739447748673,0.0026710844491297857,1.9935298585356887e-05,0.05966035357028498,0.18611114857227837,0.006053527215802609,0.010127001077601465,7.701199972370986e-06,4.4692639631935525e-06,2.0963523376620148e-07,0.4907222799705094,1.0116985813628897e-06,1.7980461085124782e-06,0.21530697443033017,0.4527837129028703,0.34236272323296013,0.8231882936861877,0.018184293798390573,0.9582790823890526,0.9911879381262662,0.6103469294948761,0.09601775178274966,0.423883306370735,0.01771383615745489,0.42256078417095805,0.286330487453041,0.0018278187623781308,8.365211717350889e-08,6.765547821150491e-06,0.005559073887225678,2.420745403632794e-13,0.0999354209739269,8.534524510973053e-08,0.0,0.9823566702261681,4.75267589505654e-15,3.0448212311397445e-11,2.015808138435116e-27,5.09447348988321e-39,3.466467620232616e-07,4.5690154608757444e-07,1.775823230490209e-06,1.6466699791111277e-31,3.1961220693566914e-15,0.0019663726893833773,0.33050670028773294,5.253446187135534e-24,0.11150993340814533,1.9885504790792083e-16,0.0008618581689604654,3.7860875598518567e-06,8.02091789930231e-06,0.0005466790134491264,3.183733007983769e-10,0.3533126472341712,1.0015194575646546e-06,0.35506050048374693,0.0924616231440653,0.60630389082922,0.17519651923047191,0.7759833481124647,0.5357905778993812,5.305378464639647e-09,6.79227444737113e-10,6.104950865276796e-07,0.025069862812623595,0.19873838896596918,0.18647915727084752,0.005053537836836285,0.07050457720503404,0.02294680214042373,1.0846074103773344e-05,0.028972754841659478,0.005654463184288968,2.617525750428438e-15,0.6218811084186157,0.16980045452189782
CulturalHotspotsRate_df2,0.0019339589761707687,0.08557131894630832,0.6866964979020576,0.5579742941956588,0.21407902018980463,0.8730663885372927,0.03995829221553804,0.053463170998904345,0.14080111723257463,0.38470488332364405,0.6719870530151985,0.03051114226464715,0.8414220726134182,0.07829641695485925,0.02445484207873747,0.6593501637068344,0.04371335262800553,0.15463790328147345,0.0072641675967994234,0.06947596184227559,0.01208271683731711,0.017484093832985957,0.1893464655376948,0.8414043589235202,0.6698570761297065,0.14191833225829675,0.8024355609365703,0.5283696049189811,0.8574080827992928,0.433158600319694,0.2640991922766122,0.8302837081465112,0.5948474568547573,0.6074233566497615,0.983270538109586,0.026491611635564072,0.35205517604823816,0.22742802467551085,0.46685823958743733,0.5344716513727988,0.018905556467194464,0.037641874585830654,0.721322201379665,0.601331515716724,0.07262569188528904,0.08938336131387302,0.3881916895363075,0.0157623653277413,0.3767391131117027,0.0034078392303064334,0.03442459268434947,0.9737662902339522,0.7818826728393286,0.825678298563366,0.5912406184141831,0.21729660704355988,0.11810439053449019,0.1611675942550701,0.22788750492147392,0.9823566702261681,0.0,0.7024521322339189,0.38900019678170056,0.692465152531291,0.9642710871695866,0.9782304450736045,0.9051576800100802,0.4607873116694044,0.985004012202656,0.08970489002446368,0.1533779624416219,0.7277815020332599,0.594641804027201,0.18525822233698538,0.6162296914379579,0.6883502574147704,0.23719851083364205,0.6775058732322454,0.29935544650206275,0.9005346415563081,0.9788215971592027,0.9813243790082834,0.3440222586171721,0.026371607642053364,0.006427704757262823,0.05289436577331065,2.0705701075118677e-05,3.691432959190349e-05,0.7737660069897506,0.6880271975280738,0.7843183082012349,0.006612280875294693,0.07266502027615257,0.8073977968388513,0.6461412244956776,0.010570946205159512,0.021122715000681854,0.489861863506571,0.37096474642250726,0.8770392624900669,0.9908354014433062,0.24798935411764023,0.002977831917312945
HateCrimeRate_df3,0.20181026045895445,0.6350407450486991,7.286918874480097e-09,0.8788684643533844,3.176812708322267e-05,5.5090873535685654e-06,0.014820742717835022,0.6384469162620434,0.0023639992899519187,7.454547417916282e-12,0.013723021640678682,0.7463292633225435,0.0725509762477233,0.0020352888716808023,0.0008383233495897816,1.2894788465074437e-08,0.686801620495616,0.001569751608688909,0.019366126089143502,0.11795198037405898,0.5897145825947951,0.02399369561359898,0.06040555382700892,4.2133465689082295e-09,4.9603845920355466e-06,0.0306158414395067,0.00017324283690934921,6.495084458298962e-10,0.09907343382173525,0.012623416128553423,0.34214162753251937,0.23359629330259926,0.6756395903328672,0.6068251629551814,0.6444763795259195,0.6862965830854124,0.0008209216167369176,0.02318078833401805,0.28580310662425484,1.8341338802005705e-08,0.0003454972373750614,0.036597780952290514,5.903109520927374e-08,1.364386993572485e-09,0.0759136102559951,0.013031675830063082,0.0013240974388339195,0.045635989521286696,0.0001003670379101488,0.9719774076841875,0.1484768346495143,0.002987435429596609,0.020951313380394784,0.002600204999763973,0.022354133903758802,0.18222594084385677,0.00012071558213438532,0.020079963768526634,2.568189226791677e-13,4.75267589505654e-15,0.7024521322339189,0.0,0.18738033894478137,1.1601469830029086e-16,1.3470570516055303e-13,0.212297657973687,0.29667683198638345,0.04204090248140661,1.978227337254326e-09,4.322440695873796e-15,0.4694526682273979,0.5636496743109299,2.150450912479634e-12,0.7963305873758718,1.3127074033721477e-12,0.008870084372484807,6.155222795207246e-12,0.1031615870028699,0.0774258683715936,1.5302640588098582e-22,0.5067875566561453,3.835092397705345e-10,0.14992063902798713,0.03681028744943659,0.6962819090644123,0.562653621959261,0.8160078458173806,0.780815725297793,8.489677607259061e-05,1.2705364546069937e-07,3.071163762383325e-08,0.17578811739790234,0.4319229243372443,0.13494410568803664,7.585075042331031e-06,0.01017816903006214,0.06579245299797166,0.0199039179696319,0.02369080936654125,0.4616558654173276,9.88431725619999e-05,0.44592776032916226,0.7662670382069594
HomicideRate_df4,0.030179147473851326,0.09013103516941995,0.7179392421649867,7.254609778728865e-07,0.020693598615150275,0.02667051001162376,0.07012506058465358,0.30076115363880096,2.7781523998066218e-05,2.880536105445395e-07,1.629870167016368e-11,0.27224323749881174,8.912511753851059e-05,4.853252886056232e-15,0.04583931381210348,0.3179076254602365,2.2052955709327537e-08,0.8485234877268163,0.34512727714547514,0.002449065363646837,0.2156985011585342,0.041863952911779204,6.733258462880838e-11,1.0346822108319504e-07,6.4180112005366904e-06,0.9423377112432645,4.079217677526929e-15,0.8070922326018408,6.818954235820417e-18,3.5263194867612915e-08,3.7646662880905138e-06,0.22074958699436198,0.047542962373828324,0.28640510153770066,4.1623639595465656e-11,8.11764134301276e-10,4.0849391530065486e-07,5.553553677116345e-11,3.056376357250186e-10,0.0005097801487531501,3.065713904734253e-05,4.437062674144713e-05,3.034074536747467e-06,0.044194953154502045,0.27540108723610923,5.49979535280044e-08,2.6232741806176156e-06,0.15561750317541914,1.5957186779613463e-06,0.4007796705684941,0.23097372155073878,0.0015687532972455804,1.7866509876842434e-16,3.5312395949703423e-06,2.339494413802318e-06,1.3040604633911724e-11,1.0163693899815229e-10,0.1625512128822679,0.11230939982517416,3.0448212311397445e-11,0.38900019678170056,0.18738033894478137,0.0,5.6080012852470985e-08,2.920953645548275e-09,0.0006186758280478569,3.190529540459304e-32,2.0929498072584922e-18,1.1856958561651523e-05,0.04633411570425946,1.1768911678746088e-07,0.612588310912073,0.03713741192103715,0.16125145457146556,0.2656692454593299,5.360938252441772e-19,0.5942476830033055,1.0255954571426583e-13,0.0030741721449197247,0.1994229845349296,0.8740443563842742,0.6098193447195136,0.5089516976830255,0.5679042717293996,0.33665646646151076,0.012188351269194523,0.7305052960407984,0.9693978071024432,0.0014350951323364046,0.6190754444549114,0.8905023251564138,0.736115490826205,0.2979700886842522,0.532447315663183,0.5533726847481951,0.2806252773981911,0.019270050881737468,0.15132519971617564,4.466636371948829e-06,0.011982981327635084,0.00022777754407681604,0.05893427945779328,0.001258871770056485
MentalHealthApprehensionRate_df25,0.682028708933554,0.0038319037053442242,1.3255254854170628e-06,2.1532447752216095e-06,0.07357482865322988,6.902473772884538e-12,0.4085623899673326,0.24386398529684075,0.5866490879024386,3.7012568654984775e-19,0.06760772564608075,0.6005593742322174,4.806406758235069e-06,5.889072082274656e-17,1.0665950614232286e-08,1.1652538545505998e-08,7.891670807067119e-05,0.042555547223057585,0.0776405628380137,6.471470322817751e-07,0.21113029141167414,0.407939048086681,0.038821218303310395,0.04726767604193848,0.612808224430327,1.0522876266922753e-05,0.1026201326034502,2.378396943666851e-08,0.000152259422483771,0.39600932503982106,0.16244631720460245,0.1635271263306829,0.34541595774421296,0.720440816040982,9.588327924415511e-08,1.3648152342087835e-05,0.21672890657348032,1.6598481031263049e-10,8.483613090287523e-10,0.0007267285119458571,0.5161802565940458,0.3117745880101198,0.027225796571293336,1.7132574260887548e-06,0.014090550464086084,0.987482526326679,0.5010264408598886,0.428543649762901,0.2180994635899285,0.4644718345099473,0.00175778181309295,0.015711733825305205,0.00027846650246797353,7.46904768045714e-20,7.561694613282981e-19,4.6016289906805764e-05,4.3067839332988264e-13,0.5444289144853044,1.909622716880569e-14,2.015808138435116e-27,0.692465152531291,1.1601469830029086e-16,5.6080012852470985e-08,0.0,7.160218208089061e-44,0.00011767042475450462,0.008667412043524616,5.850124015070956e-10,5.470265398530359e-17,8.759922501058093e-14,0.0011979152037397823,0.04129193230654414,5.614827746890227e-08,0.30910993113784213,1.705157081633428e-06,0.0017699264017712144,1.6146794899852715e-05,7.654727246522423e-06,1.5651282466281732e-05,7.24589300313276e-15,0.7264705496980024,1.0559198033373788e-10,0.007595713316155202,0.00027911028540166124,0.030323303339831364,0.05972768133906395,0.39347751785301044,0.3888927782248861,1.1796926549120184e-05,1.1825317511844187e-05,2.797434620343641e-10,0.00237593826090538,0.7836837037538633,0.40426127574023907,0.019162312009519185,0.3114026501646351,0.0022844426800448466,0.2756443259678923,0.10069016668708594,0.0006065440294077612,1.1146404656076073e-10,0.4772220086117675,0.006064789849434902
PoliceCallsAttendedRate_df36,0.6470512161884986,0.01492275352179357,3.195978463763327e-07,6.862788657324985e-05,0.044374785914370246,6.943983453935053e-11,0.860602297405608,0.14833580357960277,0.9341205297194483,1.3450073279139128e-30,0.1412294225352155,0.4459408809223923,7.681058574360284e-08,7.88724859868198e-18,1.2921063871585817e-08,2.1346452082208952e-09,6.134197963563289e-05,6.699417408755328e-05,0.08963253011228393,4.457291260470584e-07,0.07539289786445524,0.4302442705015547,0.06352298571267799,0.0695736096665536,0.32774098103540605,4.308060106880181e-06,0.15235732245733272,7.088899496140006e-10,8.455628098390926e-05,0.19287441985257878,0.7545817261899063,0.24116791379853167,0.17512518055747134,0.14474318530956268,8.524403717507785e-08,7.260241110339131e-06,0.42458754335717563,2.215488841822047e-12,8.281499316596643e-09,0.00022512258852351732,0.514815929265109,0.44295323249080204,0.02091910466069383,3.1373548837322494e-07,0.019490078082882365,0.5838605192410008,0.8595866508452553,0.5423980209306684,0.7540216166050097,0.5957384645134942,0.0025822337136947645,0.00770116998309263,0.0011366641977995646,7.960731424090123e-17,5.119058148430132e-14,0.0007020328685052885,3.7343277762991995e-16,0.3860599159956529,4.65961119130233e-18,5.09447348988321e-39,0.9642710871695866,1.3470570516055303e-13,2.920953645548275e-09,7.160218208089061e-44,0.0,4.93371637493898e-09,0.0016903907083873392,5.130941653994862e-09,2.788160377841037e-21,2.719616485312262e-23,0.001673503574114299,0.011318244280554338,2.2529296725316055e-15,0.21712657536698263,1.8668481012394513e-14,0.009124783590367724,8.329577599182532e-05,0.0007658865909069235,4.465807491522268e-06,2.5672599772024817e-10,0.8307399148129672,2.6448647062170334e-10,0.010880764737069731,0.001468000094766605,0.049851836902497976,0.01572472221472054,0.5239293123619115,0.7154325568737098,2.2004972028823705e-05,1.1766865524974933e-09,2.5541268158012824e-11,0.0010783206787171474,0.5965704316007372,0.7881884282322715,0.24134668310456625,0.3345838803172121,0.00019567163244388886,0.0003409790750010185,0.20913530914602535,0.0008280572411499428,1.5661975252951659e-12,0.16781974390027837,0.0014743523316464362
PoliceTicketRate_df37,0.8825730976214675,0.6771629906412986,0.27481430472613416,0.8245402640427079,0.6656093320913706,0.311803585483883,0.7980084756255905,0.8323226210604807,0.9197514543049572,2.6425738605043395e-06,0.8756116830486962,0.643086285104395,0.6589901609298328,0.048633609223431094,0.5687104662422218,0.08488135255774103,0.8189946956421591,0.5280646227214129,0.17171528163525085,0.6380933762707727,0.5998779197646646,0.333843375298538,0.39458220327828725,0.48245579244020587,0.16160835833390913,0.027956343161915743,0.6461074711496482,0.32441607880427814,0.722782998901555,0.08957746908779035,0.6679576466731432,0.672111999344148,0.01757291387813062,0.0004911107709430561,0.8415175850750759,0.6483284731071676,0.2483567836022379,0.0121688715311862,0.007437701393180801,0.546062036677258,0.32903982938783793,0.9405351778482602,0.5723705424982085,0.26299799722049905,0.3242377277759909,0.8095243303800537,0.33146643685218485,0.6172280892878588,0.06810519690130325,0.37518066522749444,0.7811039747074416,0.5924176350183268,0.4899178561601772,0.0647325359695715,0.0336096090087108,0.5534700994444558,0.016291806564619146,0.02237488745062314,0.1596074325433025,3.466467620232616e-07,0.9782304450736045,0.212297657973687,0.0006186758280478569,0.00011767042475450462,4.93371637493898e-09,0.0,0.03844497609030448,0.2123005372755244,3.9605491940949075e-05,0.005881719296171082,0.8823223473909031,0.7680849658576004,1.3025847784467125e-05,0.09723017186105382,2.1959134989456615e-05,0.7444509096520275,0.9832810974392847,0.5757744466491292,0.2572048947479713,0.06701390119837464,3.4635408896919595e-05,0.01779157421672083,0.09043443121417401,0.0009488547281284701,0.0005310150363342703,0.34889930125689517,0.46596663854129405,0.06785983711201919,0.006741448859270147,0.0035655808182012303,5.7760020308722615e-05,0.0035944117043469666,0.0855532321995692,0.9370563806001959,0.17655590620014788,0.9474267916328984,0.1965026855465978,0.0002033692171068936,0.9411351215709344,0.02117790198047639,8.030356039853182e-13,0.19722595323306993,0.09964693271894887
ShootingsFirearmDisargeRate_df38,6.958425129298991e-06,0.7562553737829159,0.19082343411600222,6.393851142335516e-06,4.0347080251803844e-05,0.14927304979859796,0.11688038425065052,0.12463689206562534,1.1112725796715832e-08,0.00023672497036645234,5.097487322906259e-17,0.8559206624646396,0.014632952447139226,2.015982595817097e-14,0.2853586271895286,0.0001422834373823737,5.677393830917542e-07,0.6835635805131037,0.0036868118960807794,0.9384038317223198,0.01710876409276405,5.4328894734979444e-05,8.118293573091307e-16,5.4121471600448604e-14,1.787622737333966e-09,0.4298113424581933,7.713583975820419e-23,0.0010776646576795435,2.1724430988847628e-22,9.143990032132993e-08,7.068490472276226e-10,0.32042169765985645,0.07123979362658123,0.04629283574311266,7.62894658803557e-07,1.2078975892166444e-09,4.443735070518693e-12,0.009576873691059178,7.475285714852654e-06,4.363394211852673e-08,1.484784077974538e-05,0.0002894901699684879,7.968852108414421e-12,1.600236806131037e-05,0.1065094071501642,1.8219585722916444e-09,3.946956310199413e-08,0.0003076157392876786,1.2717249305447049e-10,0.012537760448733087,0.37580662319813607,7.380369872979654e-07,7.025310403989672e-15,0.03328730592674154,0.054222010235700474,1.5336166432244683e-06,5.644887180272434e-07,0.03682551142655988,0.20503523058182166,4.5690154608757444e-07,0.9051576800100802,0.29667683198638345,3.190529540459304e-32,0.008667412043524616,0.0016903907083873392,0.03844497609030448,0.0,6.661609537275044e-13,0.007812348495915995,0.40937784471336713,1.086821664691086e-07,0.7313281220723044,0.13131271879302198,0.03260007081906176,0.37965521683551046,7.940802879415368e-27,0.16084750033673312,1.503282890687623e-16,0.0025363827921827667,0.5952485576527634,0.3335168633788355,0.117045783620927,0.7466900446687887,0.8457056955862841,0.9609576009091491,0.04586426676883217,0.9320520103484194,0.9333425127669621,0.04328543637455141,0.6594579275845465,0.4731069615374115,0.8148042482677235,0.22714577611442635,0.36488927118224657,0.7293489852912419,0.21179208877040134,0.4746673912279535,0.17940534767132113,2.4270286311613667e-07,0.13052637603997205,0.05909319271356747,0.009813257436413356,0.0854228137816033
SocialHousingUnitRate_df39,0.9837953829227979,0.07701323273971111,0.4673482175274869,1.1364752232238954e-06,0.5024477110643931,0.0005136245805381813,0.07370297833618997,0.23654197244649014,0.00915004246823671,0.003191427873182517,2.993163250244882e-06,0.4033992173749593,9.647259698789955e-05,1.0869205543653363e-16,5.210669230601541e-06,0.016970199005556432,5.350490216940561e-09,0.2092347481722977,0.7076070889712154,3.111523693072956e-07,0.32215340935448383,0.4640838067015152,7.657901258746406e-07,0.024607667962588817,0.009831328121759176,0.12178847820136628,6.594580500684059e-08,0.027398718246772074,9.809605089707255e-11,0.002282319161243356,0.003787607426442786,0.8109138621404908,0.24146591799168088,0.4635341251969002,2.257870173989999e-09,5.951583495398719e-07,0.0029420685771008367,1.4305771630214281e-11,2.625555617257231e-13,0.2167097487095962,0.021605796184428726,7.209263076917403e-05,0.06881258869306461,0.8326499025122576,0.015071899979986375,5.426473481596234e-07,0.0023878934211416544,0.777942768013676,0.05088389419812753,0.17959496531416563,0.017136111914200957,0.11910282254565496,4.979436210642842e-11,1.38121414846554e-10,9.447497115466564e-13,4.218718680770966e-14,2.307557978296351e-11,0.30072513777792365,0.0006284881593580491,1.775823230490209e-06,0.4607873116694044,0.04204090248140661,2.0929498072584922e-18,5.850124015070956e-10,5.130941653994862e-09,0.2123005372755244,6.661609537275044e-13,0.0,0.002100035175238247,0.02610936923750822,3.942647613671633e-06,0.14486156313607784,0.8789935237052113,0.06659172324850511,0.9991413750701743,3.5105522074589695e-14,0.2637590020958601,1.559822076444125e-06,0.00061058361064522,0.293435057369189,0.31343143233421716,0.9408087193335318,0.070236267126753,0.03640888279498966,0.0006504764311738117,0.026016605202970625,0.8594300600026497,0.7910023485990418,0.21621888692454577,0.5289959641175842,0.35851655226691875,0.19741783664135854,0.31847078855321925,0.6990664382718406,0.3045685781447769,0.7179764166172558,0.015247245864942659,0.7643713520642634,0.0007355224923327229,0.0001825031673389356,0.10844975120274235,0.6133849799674769,8.343631461699683e-05
TheftFromMotorVehicleRate_df40,0.5218342621384976,0.30863861226503325,0.002167657180275352,0.12585596201002291,0.7605860865081366,0.004074293994891694,0.4866450243463487,0.8914683403151968,0.9453714664629737,1.1254433621932329e-29,0.7655011098988272,0.7865445882721198,0.047907262277534446,2.1052040707810405e-06,0.07480214279300992,0.05161304951879203,0.049407709091903645,0.061635445469840525,0.6142952105519695,0.00809254730920452,0.27532133523253666,0.988551753116902,0.04628029942476068,0.5986742773709428,0.4328353018848748,0.08018777616498475,0.39522646795003696,0.005137856487727362,0.1227233530246029,0.25038673982008425,0.5329467205819817,0.05792773276665661,0.03346131153716032,5.638438167659435e-05,0.004599896816624088,0.0024500099999810584,0.3515261653425567,0.0013743459108817614,3.567543471289856e-05,0.269373171749331,0.5733188527591899,0.18233571895374046,0.7196965833345417,0.06304315461573184,0.48431796362405855,0.5285146769101887,0.3936687278901637,0.8452648944217527,0.7889208316546019,0.03697401171870503,0.46158022065144155,0.3378480334012117,0.10314073854043429,0.0006067262999517413,0.0017584399355707694,0.028186833690960904,2.7052971322232764e-05,0.26991145272559536,3.2050288092401648e-06,1.6466699791111277e-31,0.985004012202656,1.978227337254326e-09,1.1856958561651523e-05,5.470265398530359e-17,2.788160377841037e-21,3.9605491940949075e-05,0.007812348495915995,0.002100035175238247,0.0,3.229741114519731e-10,0.07445702275457956,0.8883919110437453,1.2939434889168615e-15,0.5469603597059035,6.544118195880259e-08,0.4151234060850901,0.0001368199238357593,0.009158591380961678,0.13800509556223817,6.574995632033366e-11,0.7187034673939477,6.815863414039258e-07,0.5282520266349673,0.12104519756415182,0.14626572340233784,0.032758066369927126,0.2348885434073796,0.7352342811975411,9.00670558781331e-09,1.0147453404998198e-07,0.0003015131164577789,0.027614970506379236,0.4048104648354489,0.023356473315559095,0.00012717756098292634,0.1961057119185714,0.12563600444442594,0.07695462043312445,0.5173520685639583,0.0067398359273294125,1.1223341974274125e-10,0.37957372194501515,0.6100778124306967
City Grants Funding $Rate_df41,0.14415005135161935,0.970486957460246,1.0793426402780619e-08,0.045075474004533836,0.004800333991937682,1.651347849622268e-07,0.0023566679756901873,0.0745117862600461,0.3562575841843608,1.2298697835854039e-12,0.5495625706128905,0.042110264500512466,0.0005402909644696369,5.562992186598001e-09,8.818079727258312e-07,3.7281330759359835e-07,0.015036091010571129,9.726093852462717e-07,0.9926562000562311,0.05163097058833343,0.0014573062192410461,0.6962550514091926,0.5639388735532375,0.0003786047355836854,0.015260375547025466,0.004346892769591592,0.29196797109194084,1.1132111578665099e-07,0.71745976309271,0.5977765973299589,0.7119249003558232,0.7962850580733952,0.7239514335422921,0.920097855789099,0.029913099969533327,0.0013368849098539608,0.03847933907824923,0.01436747601332641,0.14537530881869107,1.3739181709002348e-06,0.0001463101654178713,0.009883326989133535,0.0009140078631995069,7.727194742311073e-08,0.41355110177807747,0.0003723694751113583,0.030965109033932334,0.4443980854255776,0.024791166787042455,0.047916648895986506,0.04635391723760516,0.00013724277123791214,0.393876786771264,0.0015963223037767577,0.017001713495974236,0.29799883433334173,7.708194258711976e-06,0.737529489633378,1.3411468722208451e-18,3.1961220693566914e-15,0.08970489002446368,4.322440695873796e-15,0.04633411570425946,8.759922501058093e-14,2.719616485312262e-23,0.005881719296171082,0.40937784471336713,0.02610936923750822,3.229741114519731e-10,0.0,0.3639454742350283,0.156154686357243,1.2643075955858287e-15,0.2649647811660043,3.0718861723559304e-33,0.6312193150340072,2.0037367686616233e-06,0.17834524746904082,0.0024388301389468513,5.764445491856774e-13,0.7500302401930433,2.259895171590809e-08,0.005423102252839873,0.10363727898042291,0.01349225510520567,0.37968655300236537,0.9957325399989527,0.25624444314644224,0.263452914109008,1.431367014263538e-10,3.6108390107125584e-20,0.08295913019257455,0.6904090565104558,0.5424714191095108,0.44288944361087046,0.9450751995913033,0.0027080193995553193,7.44849191798148e-09,0.17808883681113769,0.03216885843918298,1.907397820458293e-06,0.06208397835589989,0.0028283331765477536
Salvation Army DonorsRate_df41,3.103164460925293e-07,0.6565288059764877,0.71210826286207,2.3195697506884315e-18,0.013795032370153861,0.0024510227914201505,0.02698591946960175,6.425200769566925e-06,9.248198512302938e-12,0.0015524983275809782,1.0253800432690496e-05,0.005464661667140729,5.852525685214828e-13,4.862062714623134e-15,9.058886070673594e-06,0.3050526969925952,2.122754204828269e-21,0.18984586571025058,1.626258856962939e-07,0.12305434538712043,4.891062522588188e-09,1.931001000524701e-09,4.779159473997788e-12,8.676400657136428e-10,6.717264687121385e-11,0.001337104271460925,2.6139245600197798e-18,0.32568186290619894,6.339045756937962e-25,2.2571056641569404e-19,9.060888496591328e-06,0.48385970254808036,0.7262965642224398,0.1672179273406247,5.839170128951693e-18,2.674992223863369e-23,1.4657309153789022e-06,1.1663862778596957e-05,3.9275794065426964e-05,0.18769391872079366,0.96182331208666,0.2228730213797476,2.587400072738872e-06,0.8830212243533354,0.27649435046985243,0.22771792419672138,1.684855353964014e-09,5.994465328630667e-05,0.8639808164329225,0.0001243913943528663,0.4856358256099227,0.27739135626121236,2.942838359971901e-08,8.591162196612511e-06,7.148547696961423e-05,0.00020579965031697215,1.0281596280068831e-07,0.6638047271018424,0.028134231990352837,0.0019663726893833773,0.1533779624416219,0.4694526682273979,1.1768911678746088e-07,0.0011979152037397823,0.001673503574114299,0.8823223473909031,1.086821664691086e-07,3.942647613671633e-06,0.07445702275457956,0.3639454742350283,0.0,1.266337628492331e-05,0.5628845522666039,0.00011546592874263586,0.4398821048153208,6.566262931041937e-14,0.26564480074181573,2.0250389111988265e-08,0.003344947719666613,0.6627845290052174,0.3555894822831171,0.5384252944895935,0.9320624886662545,0.5670021380727782,7.0745226570993625e-09,0.3194068763900591,0.037853930444081196,3.8499132003407283e-07,0.12070495853562861,0.7935552740485302,0.6834618205016533,0.08511532180528626,0.10206115317311275,0.1605136842145481,0.003916144478386539,0.09068400842747874,2.356805809045084e-05,0.8016165126560092,0.0007954177612029832,0.022805572401933316,0.08036088601664376,0.010059358419761565,1.16043570962949e-14
Watermain BreaksRate_df41,0.25638697235681174,0.2726925495065365,0.5586563891066098,0.08749435523216738,0.424903208365366,0.08871645425615729,0.19468519491100675,0.01564442467001139,0.8686404401471749,0.15815077325134363,0.6792563162105761,0.039599439572838256,3.023686406823442e-07,0.028538367035730153,0.001118334560299774,0.05163615567261425,0.018552107970656463,0.2111366147319915,0.114233438726853,0.009290268324830228,0.29399114523535474,0.5579846010466034,0.38568797399159604,0.18918304154865345,0.7392457592362199,0.023748797439400816,0.5610522557445334,3.3165584117039756e-07,0.011960755140244705,0.044745241625469084,0.6392637060728731,0.34575847642277624,0.397895366911568,0.292314284941757,0.03704146226151831,0.18908065472479038,0.10126210205864625,0.012415821141774518,0.6306297814493416,0.001750801025117778,0.7471908320793292,0.0737860875742476,0.29915031741039927,5.334064616022103e-05,0.05010877785414017,0.00039879445678844106,0.02436226383826761,0.44185373440584474,0.04612868470769804,0.40770517001752604,0.0016024547700370815,7.247071492607132e-08,0.7126891447893584,0.00022050802102264165,0.005900416994902516,0.6673993284185596,0.006198796533480623,0.9402167197816567,1.051534465172546e-06,0.33050670028773294,0.7277815020332599,0.5636496743109299,0.612588310912073,0.04129193230654414,0.011318244280554338,0.7680849658576004,0.7313281220723044,0.14486156313607784,0.8883919110437453,0.156154686357243,1.266337628492331e-05,0.0,0.39296917888940597,0.02709626017425062,0.9813605706301628,0.08862448937160099,0.21096419773138622,0.15933255131922172,0.11693053425637046,0.09451783724576472,0.04078722603416016,0.022154832815433647,0.037040667569614424,0.5313305857024607,2.6452852268718754e-12,0.07936310461234546,0.3656282264946204,3.454283386853496e-05,0.5005057065650304,0.40449776483076216,0.23714849070867303,0.8366942826423813,0.04951666186287751,0.25651445249127836,0.0013091821718282063,0.029750099987230133,5.9683766805605875e-09,0.34499254322758527,0.7152301621786723,0.3512450448254068,0.9207475005390064,1.7588946978171182e-06,1.2197153502395107e-12
BusinessesRate_df45,0.23461268019681392,0.6099555326392051,3.370451323516689e-07,0.17027927916354424,0.008530355764457487,3.39620448232545e-06,0.12039007154338678,0.04761517951663525,0.2918822811538992,3.1012839689498573e-22,0.3233375954837955,0.23347856575850248,0.11841388647750489,0.0016122994762101345,0.019979183848217074,0.00692053421208925,0.12065320530158874,0.00046147176234835916,0.5340931613040661,0.5692946278439309,0.004813525211537679,0.5429483072460306,0.8534308385201199,0.012748838378683626,0.06290594577221176,0.0028462425730897286,0.18359547389634456,2.26205804189837e-05,0.7025591913159839,0.8563765385899155,0.2341352296814063,0.005914133627132141,0.08174260649108629,8.553866910792119e-06,0.688767649740241,0.08676781037806862,0.22253848473568963,0.6082994416943164,0.35905972483493487,0.0015725459577001764,0.0011366322768086663,0.017356756729083198,0.034326520128933426,0.00047302181943888004,0.20683963629599564,0.0042766538262694895,0.13048929839077097,0.45239280241973495,0.07177215860238385,0.00880259534566283,0.3596155114105093,0.05299022402908693,0.061774259185163105,0.1979745825177411,0.5239250816593314,0.03419333343723526,0.003334103192277582,0.0025613787991269643,4.204970223121263e-06,5.253446187135534e-24,0.594641804027201,2.150450912479634e-12,0.03713741192103715,5.614827746890227e-08,2.2529296725316055e-15,1.3025847784467125e-05,0.13131271879302198,0.8789935237052113,1.2939434889168615e-15,1.2643075955858287e-15,0.5628845522666039,0.39296917888940597,0.0,0.6198913593795913,1.1059652070700114e-33,0.1868835900757624,3.962119636531033e-15,0.5177605469525062,0.4694709847534421,3.0746295844222326e-12,0.8532413195866667,1.2709067517315658e-08,0.7972197971314765,0.1456340882424983,0.13772062749836544,0.4609590950071977,0.9547794240149708,0.7028776087521489,2.0854984452288574e-11,8.357294825006424e-28,3.504647148438594e-07,0.04978537198412398,0.8719337605390453,0.9478491033141305,0.011001112038037657,0.000399758751282334,0.06535082039593468,4.1999636233273765e-15,0.11094604993999313,0.4195479653674274,8.355794533502811e-12,0.1749102021805618,0.8179337020933768
Child Care SpaceRate_df45,3.5850111898651804e-06,0.47880498663530346,0.4092479329301825,6.603301489731611e-05,0.23313660807331038,0.04627859813349296,0.5356258860700267,6.901604834498582e-05,0.0015853067230653483,0.3156586308414821,0.02112760338737184,0.0006712168852628737,0.010193346963718684,1.0534365679490167e-05,9.70347711945755e-05,0.8580451424156793,4.705035679349498e-05,0.02068721895395274,0.00018380346829598743,0.26398068703038785,2.239425610700592e-07,2.381501323537686e-06,0.0017120058890708369,0.0547704628016637,0.004697055473945918,0.00040161546846997686,0.0002830341217538377,0.5320796332704764,2.253399958628697e-05,0.010262475872068069,0.005761350074194096,0.7505176004467855,0.3763028851541469,0.1610657034657474,0.006845307327447024,1.2481236528309336e-07,0.033312276437278805,0.21482427386404546,0.052263238405925755,0.5728434198252192,0.061518560512720775,0.6121087847831904,0.021237466200839557,0.9062003508299659,0.019622756727607934,0.9649935279380167,0.017113736802654766,1.5540862755578226e-06,0.5562148306103298,0.0006224589871037118,0.5800644346140736,0.5152319755324335,0.1629819842539723,0.3191965748598242,0.9005658141176848,0.14694100291826234,0.002480129396718293,0.995828319647949,0.7313716872241167,0.11150993340814533,0.18525822233698538,0.7963305873758718,0.16125145457146556,0.30910993113784213,0.21712657536698263,0.09723017186105382,0.03260007081906176,0.06659172324850511,0.5469603597059035,0.2649647811660043,0.00011546592874263586,0.02709626017425062,0.6198913593795913,0.0,0.06042591326412221,0.01294115190518807,0.3265559489360886,0.13961478363191368,0.0001170534777227257,0.8854898646807647,0.02290309080095764,0.0020511909514864795,0.8337024228655449,0.4746225337746663,0.009492929125651674,0.05902922856355517,0.19586076348124723,0.36770617377280257,0.24217502965688217,0.10872776440357282,0.11385909920449018,0.31319984115888744,0.27942355249356393,0.0050440239541275364,0.08888755200233307,0.12477456464357554,0.015246946700631087,0.07334775912533309,0.07352341786625421,0.5109549280901374,0.1346917766092484,0.7343058095390225,0.0069379677220688316
EmployedRate_df45,0.031183380167679853,0.27587877722543785,1.4136034150844707e-06,0.10894896032728701,0.0311067772854018,1.3038128725555888e-05,0.001233011492213945,0.007107804046546888,0.69506150748837,4.439414504513013e-14,0.27811010698531397,0.06443484751782459,0.12672156004643756,0.0010089476478931593,0.003231566083801851,0.0026010339094701563,0.40402276880398785,1.3651820807871095e-06,0.1353392682394317,0.18745168469760154,1.528504540827703e-05,0.07263377721835913,0.8709867056099099,0.00180951287895634,0.045010079190840095,0.00952494582040754,0.11602799284047403,0.0027153474837069876,0.3750623542018656,0.5872655593081849,0.5384922360983775,0.12526594688852255,0.4166567229556899,0.0006533317518872762,0.9170289337711687,0.022593487444993152,0.12703812792221633,0.9298205225635914,0.8341905662482458,0.0004240882503036552,1.504638021709851e-06,0.0005554727374291791,0.01924378061312357,0.0003067487975524702,0.002083948885291071,0.0007411915370244705,0.036399126269629885,0.018563028261693905,0.08064498584335929,0.0024773831758491387,0.024196875091334873,0.021682536360021994,0.011614423919500762,0.9827543906786927,0.5220363717798858,0.003898701954200786,0.01052641588546138,0.13229161414358048,5.446676038724959e-06,1.9885504790792083e-16,0.6162296914379579,1.3127074033721477e-12,0.2656692454593299,1.705157081633428e-06,1.8668481012394513e-14,2.1959134989456615e-05,0.37965521683551046,0.9991413750701743,6.544118195880259e-08,3.0718861723559304e-33,0.4398821048153208,0.9813605706301628,1.1059652070700114e-33,0.06042591326412221,0.0,0.06917793301636992,1.7037014462498383e-08,0.8603026834180719,0.06349128372165525,3.4371323456335464e-09,0.1716968665183978,0.0002236325918635077,0.420054878321016,0.21976550633858577,0.21651307739358822,0.9996284087418751,0.8526619497036462,0.9621325857110525,0.03306256812455153,1.0034351738045342e-11,1.963468522978482e-14,0.17399893601395952,0.9658192548159683,0.4967981839988912,0.022458949977796225,0.07123101821039607,0.24683358582855183,8.319690867297307e-25,0.16595161064040928,0.37197186665813997,2.509570632545919e-08,0.7097625238343286,0.7573258027016871
Social Assistance RecipientsRate_df45,5.194148930558294e-06,0.05211205221528179,0.003858298890332382,5.384494485677864e-10,2.4462181656839254e-06,0.44986941376471967,0.00590742601283313,0.01257210622016832,2.956292905924577e-11,0.037553410207586284,3.893071196371231e-29,0.5146265235388187,4.5862985408551406e-06,5.220120417971128e-17,0.002892589804565082,0.00025224307218496485,3.768601149165258e-15,0.021416169325290352,0.0006215923432570868,0.006272329437397962,0.0006077072120145425,1.1767891955318784e-06,1.6209616615553005e-29,2.5679303881527694e-20,3.4827975305725935e-19,0.9584408929471204,1.134487741091758e-49,0.003273182319143321,4.393957843834046e-45,8.93567414606067e-15,1.7526348776498064e-12,0.20273714162139836,0.16613163573048914,0.6108289428577649,1.6699586440485336e-19,1.1563370346971543e-18,9.627391492679792e-19,5.83926034730301e-06,1.6699678022364192e-07,7.73981116681977e-09,0.00010125688895654495,2.816959857089896e-08,1.410983820772586e-15,2.2826865177156325e-05,0.6583272980061636,1.2623527688777576e-10,4.956070833437682e-16,8.436616930071299e-06,4.590796139443029e-05,0.046968374108289225,0.16788991085969895,0.0014291235633276452,7.496896953038855e-30,2.090209063500967e-06,5.515399431047313e-06,4.853428088439115e-16,3.703467452406047e-06,0.6783870477164601,0.21584698350082562,0.0008618581689604654,0.6883502574147704,0.008870084372484807,5.360938252441772e-19,0.0017699264017712144,0.009124783590367724,0.7444509096520275,7.940802879415368e-27,3.5105522074589695e-14,0.4151234060850901,0.6312193150340072,6.566262931041937e-14,0.08862448937160099,0.1868835900757624,0.01294115190518807,0.06917793301636992,0.0,0.004125497910366063,6.968273538761926e-20,0.0002444783709544175,0.08176935835052444,0.15341390963118473,0.007639707076346998,0.1449319992630298,0.24649329273631734,0.0012213242072889403,0.08107262375877522,0.7358268839137486,0.11774557889071077,0.5823694329723176,0.022645266352947023,0.014051059516332879,0.304926633184745,0.9490795429442835,0.8650860211113629,0.009041452907069763,0.04438516480470307,0.060461571143040564,0.4559283536042292,3.9335659231195324e-19,0.013135227594721759,0.39533166762797967,0.3989654335081435,1.8383450146570793e-06
Health ProvidersRate_df48,0.9149510997289895,0.16809123173832394,3.6789008856528796e-06,0.8841744790644037,0.00019378883377264754,4.4069996664670066e-05,0.04851104735560117,0.07068761913234889,0.03747159370547269,4.760915489413578e-06,0.008275792690831988,0.8239480457629081,0.6880860447371807,0.2751779563682635,0.009863663856996533,0.0004200026826003393,0.6264721826475527,0.044605136786617254,0.4272413871783626,0.20620869223486177,0.12306495742123374,0.4841274319280744,0.1422773441786505,2.062995442266097e-07,0.001260970486793006,0.02544501993204758,0.00010356697669289251,8.124073159092581e-07,0.020139972491053613,0.006009077178852479,0.09964429742472182,0.6730198188091305,0.859872316873365,0.5862491306975322,0.10906867590579922,0.5289273904361134,0.004670748168142625,0.13375484821490183,0.4017688722382797,6.081831712756225e-05,2.324938948485953e-05,0.0018559536529556189,0.00013545379096352943,6.643696867831959e-05,0.6492859621288334,0.0010950159516681678,0.0009371294901345227,0.7907626884929774,1.462752049534331e-05,0.13290462866560115,0.7323403339893083,0.03380209013829025,0.00023839449878145148,0.6518022727361148,0.8542736494763401,0.0013667404450369441,0.29600749961606765,0.0004270539768198931,1.6444993053772982e-05,3.7860875598518567e-06,0.23719851083364205,6.155222795207246e-12,0.5942476830033055,1.6146794899852715e-05,8.329577599182532e-05,0.9832810974392847,0.16084750033673312,0.2637590020958601,0.0001368199238357593,2.0037367686616233e-06,0.26564480074181573,0.21096419773138622,3.962119636531033e-15,0.3265559489360886,1.7037014462498383e-08,0.004125497910366063,0.0,0.7221103982078841,0.7144917380366347,1.6569762716012924e-13,0.06255631605992888,3.7375195662715535e-08,0.7753126817888663,0.26616683895009907,0.66528094857242,0.8168254082027251,0.24453110841791845,0.47020681409949244,0.0001602475617369496,4.885262734312527e-13,1.558655034092254e-05,0.8598608744410928,0.42102468885686894,0.45608006313821536,0.00044625963020590315,0.0013449254343730244,0.25603209905092983,0.056383618450191623,0.018439286922022752,0.7807477180669615,0.003618461981955414,0.17287101421046572,0.9131039768970425
Student NutritionRate_df48,0.004266247368270321,0.885767046649047,0.012476430170329959,4.044061962336634e-05,2.7892211295360226e-06,0.8759195787738665,0.08903125054677011,0.06977096722083873,5.9546281613934526e-08,0.00034141927001677877,1.6970235513869789e-15,0.26062375718481096,0.00039915936908380655,1.5814858716967083e-10,0.04195207903867481,0.02009419043161342,1.736852357113545e-06,0.02114258936037636,0.1351438908640312,0.031352193591299635,0.05679491557987381,0.019523526833721588,1.0739497652313718e-09,2.496424112806061e-06,6.8445786030632844e-06,0.5094694108635418,1.1098228175761998e-14,0.41746465542977046,1.8411285224370884e-17,1.7715169584478682e-06,4.797996792212582e-07,0.11011664482160262,0.2766480438737416,0.5446870081656353,7.254087715534121e-11,8.399860156557079e-10,2.8613049356129962e-08,0.00040546210248157367,0.00025081228158678297,0.005462117281250279,0.0045302671671997264,0.0007791420742859866,3.580809995663025e-05,0.11100512483706251,0.6231437396624373,3.4230493044182815e-05,4.0845295937658536e-07,0.056239874593596716,0.014000328133164269,0.06678572627215511,0.14255870410326107,0.045371689415672045,4.695742793876497e-10,0.0007313893918531109,0.0008718761789543234,9.438745725372975e-06,3.639967506552502e-05,0.3142314019425212,0.38353224648428674,8.02091789930231e-06,0.6775058732322454,0.1031615870028699,1.0255954571426583e-13,7.654727246522423e-06,0.0007658865909069235,0.5757744466491292,1.503282890687623e-16,1.559822076444125e-06,0.009158591380961678,0.17834524746904082,2.0250389111988265e-08,0.15933255131922172,0.5177605469525062,0.13961478363191368,0.8603026834180719,6.968273538761926e-20,0.7221103982078841,0.0,0.0029156822967445982,0.024423746272617498,0.1786635134244487,0.6516461889602574,0.58678494347724,0.9776887167557463,0.036069810645829675,0.20044093519364756,0.5726998733732713,0.18125781874007119,0.017543603269630653,0.5099090666683136,0.3268883308779446,0.6057332502511507,0.9394104004983775,0.03390119950200705,0.1031012709711957,0.7683594935747955,0.3163196955293243,0.4752648276692175,1.0979906067738581e-05,0.008649835629758955,0.009809785125316163,0.11633115240110593,0.002136212177724887
Green Rebate ProgramsRate_df47,0.09833520583408514,0.1991101281254505,0.010067802431184332,1.1112987512689332e-05,0.6336466914407454,8.386735230703597e-06,0.02633811564605092,1.482568468724914e-11,0.0034835076791415384,0.004085761204377539,6.337608708431832e-05,0.024886863482741373,1.898657048939627e-11,2.6189297831621472e-12,9.472522180783899e-22,7.904144520912833e-08,0.0001391794910018995,2.3712669957214335e-06,0.5684486351248577,0.14560399354000667,6.15858912822337e-05,0.6196737975502423,0.4660740553485569,0.11872680766354728,0.977101223840177,3.132815263508611e-06,0.013891757991610283,0.0008554221865036003,9.351082328936255e-10,0.5178390962851251,0.003276245082962996,0.7839727018661515,0.9243535651606936,0.8691120803967085,3.2290802915266326e-08,8.785395295800875e-06,0.04105433878736136,0.0005248599043377467,0.002018304058654916,0.0002397157133251652,0.43928070524429635,0.3444431005669329,0.015587930520764117,5.104652576139624e-06,0.008143130705460529,0.1568210437953289,0.0010636644816871199,0.1377607475840276,0.9114039934732073,0.5365925581916965,0.004770842761320968,0.12415037010210185,0.03212592467304571,1.1244599026002639e-05,0.00048250418037989106,0.35792632101349964,1.562973695333524e-08,0.6094974555102108,4.0301647363210725e-05,0.0005466790134491264,0.29935544650206275,0.0774258683715936,0.0030741721449197247,1.5651282466281732e-05,4.465807491522268e-06,0.2572048947479713,0.0025363827921827667,0.00061058361064522,0.13800509556223817,0.0024388301389468513,0.003344947719666613,0.11693053425637046,0.4694709847534421,0.0001170534777227257,0.06349128372165525,0.0002444783709544175,0.7144917380366347,0.0029156822967445982,0.0,0.7267993195069264,0.5184119236861253,0.33240410872803533,0.14676010614774052,0.8233231003172112,6.679243385562873e-08,0.42567815878017884,0.4584896489114048,0.4602305891314132,0.6231505733700444,0.7212965679941171,0.0003916630738441955,0.953215316905597,0.2264204880906017,9.523596075061579e-07,0.00018341965663916395,0.02750582375993349,0.12517362519555347,0.5022559000862821,0.00042795462632340685,0.00893496563711649,0.8838574887317169,0.6511558192361407,0.00013578328546670884
CrucialSeverityDineSafeInspectionsRate_df48,0.6344324518756096,0.876645769270835,1.6092892965223486e-06,0.21628837480034005,0.0008274750083064001,1.7739859327472875e-05,0.4510116157851042,0.4907458309319752,0.061865484241285594,6.631326810109356e-10,0.07586811198360308,0.8203911910925366,0.32632834929111915,0.0033592276543544905,0.01462002268905851,0.00030259274545679104,0.20750358148947617,0.2373788541250637,0.4859880533738141,0.320183132169052,0.27271222619753377,0.5043085343249932,0.7370913916133885,0.00013141050228383146,0.0022771860457175865,0.008664417720786799,0.01529069393290114,4.653680063786758e-07,0.2370811366287245,0.27585600569067265,0.7993098250884941,0.16665355051599956,0.913580858962119,0.9939011685381238,0.8789286645873913,0.5034295401101349,0.019528873486369572,0.5722438986684951,0.9875746824953431,7.722728205486136e-05,0.0011159837254821766,0.07171552042405915,0.0009831089774101198,1.9988761816340218e-05,0.9056741588510603,0.0002759548831219044,0.002009162329654461,0.607499441812017,0.00033934226437059835,0.0189076371358175,0.7499475050090662,0.001254634329004474,0.009181807988252267,0.12023339959581489,0.2513331457010763,0.15851961830019035,0.02524883856109016,0.008946785069947,3.251358013369751e-08,3.183733007983769e-10,0.9005346415563081,1.5302640588098582e-22,0.1994229845349296,7.24589300313276e-15,2.5672599772024817e-10,0.06701390119837464,0.5952485576527634,0.293435057369189,6.574995632033366e-11,5.764445491856774e-13,0.6627845290052174,0.09451783724576472,3.0746295844222326e-12,0.8854898646807647,3.4371323456335464e-09,0.08176935835052444,1.6569762716012924e-13,0.024423746272617498,0.7267993195069264,0.0,0.40694271103649443,1.909860582540279e-09,0.26336064981517643,0.14860420232322308,0.6596711220697473,0.6319947233193662,0.6445854975196363,0.3195267818945636,0.00016257463237013016,3.622215953944079e-08,2.7531942110081834e-08,0.2460451906838405,0.27662681711995823,0.10184991376853307,3.3773462695652375e-07,0.028429693659084255,0.01593057207792768,0.06321839509318782,0.0374333769705193,0.20024307035628103,5.7471336623961474e-08,0.5408779951070565,0.2851576606998262
NumberofBridgesRate_df71,0.03737227304063245,0.028177059540643416,0.40885737372339437,0.5519496424427703,0.004842732507011918,0.12772415138253687,0.06627098507344516,0.892168377988675,0.045282009680817,0.6767609187558763,0.7237538660998253,0.00024699675400795495,0.9511035607891607,0.9632788721597377,0.7560571783175226,0.9268169141789735,0.07795872451372614,0.029903441593569467,0.7943936091839396,0.023499274082733033,0.9222106040538687,0.644947297246299,0.07473877919947065,0.5601234816658859,0.8893462515772659,0.6918050949859743,0.49751162881476113,0.005853572438620688,0.30598405097623926,0.9726444984487157,0.9102705358120979,0.757761772544765,0.9595970913728455,0.0020122332512367705,0.20232282302331148,0.4096003833980698,0.976109471381682,0.12996399974976078,0.6247142283874719,0.9949736821375917,0.5793126432044942,0.04343779039371965,0.896828986542411,0.7088008797884031,0.024254950683616924,0.759143665237341,0.6904747485222069,0.3752338174829566,6.714144778459448e-05,0.5069670477557798,0.054377583404787974,0.7539137692608724,0.6488951766906139,0.14491336928142934,0.19494749281651383,0.1294560354396986,0.8564775321399862,0.9939747896519541,0.24176928605305156,0.3533126472341712,0.9788215971592027,0.5067875566561453,0.8740443563842742,0.7264705496980024,0.8307399148129672,3.4635408896919595e-05,0.3335168633788355,0.31343143233421716,0.7187034673939477,0.7500302401930433,0.3555894822831171,0.04078722603416016,0.8532413195866667,0.02290309080095764,0.1716968665183978,0.15341390963118473,0.06255631605992888,0.1786635134244487,0.5184119236861253,0.40694271103649443,0.0,0.608589294482625,0.5073812423362607,0.023732919992553638,0.002437449622207499,0.45386931154023774,0.018745549110168135,0.00891036783954855,0.1277569812687426,0.6668551635484372,1.3793547179672655e-06,0.014893685241729538,0.00029852394591944675,0.1687019735241212,0.9983158894149767,0.591305885046841,0.009454189185692543,0.33417807042179226,0.7540042829406981,0.17901903552648243,0.012403608857663052,0.2582384647351935,0.006079257436619097
NumberofCafesRate_df72,0.0015176799889783583,0.2437570689853021,4.7240908351553256e-07,0.7903874794005566,1.0684025061835617e-05,6.537362791287764e-05,0.2387804591324502,0.4877245661062528,4.641578234127424e-05,6.408968086067047e-08,0.0031670730100924692,0.8936817673417425,0.027904998174308047,0.07073424257985213,0.009078285493689124,5.09626971856391e-08,0.6116593504408188,0.0841537752683249,6.415945003682867e-05,0.017384365481214737,0.04732546157374621,9.578798820227031e-06,0.0015078270280654187,5.2846724071728035e-08,1.5685113365928076e-06,0.00257666509424855,0.00011798252728658998,1.5482616158079264e-15,0.08960760867289795,0.010528508556336951,0.009680881832891694,0.7000607165949155,0.5166342322985849,0.7338160908406672,0.4905109938510916,0.3713494748165049,0.0002630747224075155,0.1749201439440619,0.5646129026543172,6.608319903882559e-10,0.3396920638581873,0.02071480537700268,5.131768311831776e-09,5.519240404132261e-12,0.00025280633758698566,0.0001995034069521421,0.002304236994684421,9.948648512294973e-07,0.0031645904286690977,0.7467856906573558,0.0224000494789625,0.00027207220285967155,0.01746703225679105,0.0001963943766656687,8.135926325129794e-05,0.06215321899967442,0.002426728208199959,0.19579912754882925,8.716334382197718e-18,1.0015194575646546e-06,0.9813243790082834,3.835092397705345e-10,0.6098193447195136,1.0559198033373788e-10,2.6448647062170334e-10,0.01779157421672083,0.117045783620927,0.9408087193335318,6.815863414039258e-07,2.259895171590809e-08,0.5384252944895935,0.022154832815433647,1.2709067517315658e-08,0.0020511909514864795,0.0002236325918635077,0.007639707076346998,3.7375195662715535e-08,0.6516461889602574,0.33240410872803533,1.909860582540279e-09,0.608589294482625,0.0,0.0020931232119429394,1.8264609297648763e-05,0.17304488975410784,0.9349113249956372,0.09898251095312965,0.46589431695238737,2.803075903087577e-08,8.921695330250884e-16,1.2984973211056829e-06,0.02385021949838198,0.4197347511621571,0.9058052077855864,0.11159177908355275,0.022538783271891353,0.02976840338123301,0.6982285085710125,0.0007232247235828423,0.4004265728517058,0.000298357767625448,0.009136617212225447,0.23069278347157152
NumberofClothingDropboxRate_df73,0.002129366657437946,0.41982019118063474,0.025607480564218407,0.6683724544745678,0.034294001645926095,0.06183990276596995,0.6352757951497601,0.6331049096174481,0.15706420160863996,0.699559841163819,0.16728972118759194,0.7757863175016552,0.35823692834328297,0.27641183947850667,0.19179410231371097,3.6627301527090135e-05,0.34024425211437703,0.08102735787860514,0.012814452650363722,0.007251060798478016,0.1070819833343482,0.00639971361778664,0.018815487104072128,0.0005064343220174493,0.021725013233462653,0.33904106731168443,0.06116893273787207,0.00011138047389703997,0.5447963073481239,0.08904386505890287,0.13273464504750299,0.014576091414788543,0.5643525631512081,0.3522064544911308,0.8622008972983727,0.541536614215666,0.0004546803811122695,0.0094784362250128,0.027653553424858226,0.00014748858799481365,0.7448741115450609,0.09920708368060026,0.00023328728256342206,1.8851352152942094e-05,0.01109231330360409,0.11014408376330811,0.01530995670404071,0.0044811670730322,0.6421627483701459,0.3803931187688853,0.38253219479314665,0.015711663614547674,0.7796641999304046,0.001391206961232311,0.011103031129731718,0.8977390650909294,0.001734672797328379,0.8317863624626591,1.2509583664027973e-07,0.35506050048374693,0.3440222586171721,0.14992063902798713,0.5089516976830255,0.007595713316155202,0.010880764737069731,0.09043443121417401,0.7466900446687887,0.070236267126753,0.5282520266349673,0.005423102252839873,0.9320624886662545,0.037040667569614424,0.7972197971314765,0.8337024228655449,0.420054878321016,0.1449319992630298,0.7753126817888663,0.58678494347724,0.14676010614774052,0.26336064981517643,0.5073812423362607,0.0020931232119429394,0.0,0.00019150122883690579,0.13272069170127518,0.1447542968390964,0.7083504618327037,0.49617222341599104,0.7797309548652084,0.39148094297017905,0.0012186282550877123,0.0404707105659338,0.4604388095862054,0.6540135177847801,0.5861665022772494,0.945096852347794,0.1270433342490264,0.983116775379217,0.0052353297011763535,0.07637819362192859,0.2463434530958583,0.5480066649651221,0.28757388828025987
NumberofParkDrinkingFountainsRate_df74,1.0364675014166083e-05,0.04161853449313986,0.005775996722671981,0.8171022382583484,0.00010038668116832744,0.010066823044557227,0.5647854068571033,0.059547657817215036,6.977533342133682e-05,0.5553761380313575,0.08785514293466208,0.3482091140158758,0.28216508666650086,0.6494815779538448,0.5892777854456088,6.749475396573798e-05,0.006629690753677971,0.252496254823261,5.055610671746663e-06,0.001082921319238603,0.0007490522243846191,3.0878214888154157e-06,0.0003886386096149247,9.965189840685703e-06,0.0004016340249746911,0.009277004421591266,0.0038814688199193606,4.5453832815633046e-05,0.11667488019052444,2.573633738478024e-05,0.09510947111528235,0.1845507033287435,0.916656206862392,0.44290175717108515,0.5364605711036708,0.021062756453395465,0.011209685462438586,0.1255043325331232,0.19658870483705468,3.669136535559293e-05,0.5819591753826628,0.16375377260917168,3.857245747586299e-06,5.135821406854361e-06,0.0007359116364938435,0.4549253328034569,0.23290480734610886,8.328353611422896e-06,0.20665268808519657,0.03885146052590851,0.008805515102902752,0.06283035696329214,0.5411372386039325,0.00198771486481191,0.003238914798368465,0.84948062118709,0.19574381261195145,0.4038411811331691,0.0002001753164914789,0.0924616231440653,0.026371607642053364,0.03681028744943659,0.5679042717293996,0.00027911028540166124,0.001468000094766605,0.0009488547281284701,0.8457056955862841,0.03640888279498966,0.12104519756415182,0.10363727898042291,0.5670021380727782,0.5313305857024607,0.1456340882424983,0.4746225337746663,0.21976550633858577,0.24649329273631734,0.26616683895009907,0.9776887167557463,0.8233231003172112,0.14860420232322308,0.023732919992553638,1.8264609297648763e-05,0.00019150122883690579,0.0,0.12726200216079875,0.025115095758139073,8.807702355445129e-09,3.5968060174024143e-07,0.10597834933937514,0.2603304844748996,9.436031290128771e-05,1.1502794026396629e-09,0.0033787451110664003,0.0694629707737059,0.41318386765264525,0.08470538015872525,0.5454628729382963,0.6794003437009278,0.015373881327693826,0.029537590605472574,0.0446762982388022,0.7927380714489164,0.06629874833806351
NumberofFireHydrantsRate_df75,0.3518816263411212,0.7995542423867349,0.04807384202155929,7.052234144654112e-07,0.27006023446716076,7.118018644862288e-05,0.8761879890801132,1.3098776398818067e-08,0.02030242850675954,0.8976227005564872,0.04293551798504829,0.00018802146516087317,5.90433440727551e-10,1.4181779228421267e-08,1.0425701875991145e-22,8.26187411713473e-07,2.7182021692390553e-12,0.0002531035773126624,0.36435392929989496,0.006607765318480122,1.6323593296499287e-05,0.08417683332060197,0.015242680394671386,0.22203290360720518,0.3010101008016523,0.005107012071726772,0.02498090193383575,1.1294722971868302e-10,1.6201171497185833e-05,1.867704874965836e-06,0.17912322412573473,0.08430450371715303,0.09192825878294572,0.0006609058464498225,9.447016349055807e-08,4.00008257358619e-06,0.04500068115224686,0.00015188864064550107,0.06366781904776818,0.0006460601335540786,0.003897228375881881,0.3184927788459168,0.2358815696447468,1.9766110726522864e-05,0.1997884227449888,0.17339515409537695,0.025510543447201387,0.17436836736355407,0.000492476947250558,0.15518844916076108,0.000781669044995142,7.7408933390486e-06,0.11774245989177407,4.6061052754463694e-07,4.769727690294014e-06,0.41271259215355477,3.0458594598548518e-05,0.6371454875254426,5.312230617855305e-10,0.60630389082922,0.006427704757262823,0.6962819090644123,0.33665646646151076,0.030323303339831364,0.049851836902497976,0.0005310150363342703,0.9609576009091491,0.0006504764311738117,0.14626572340233784,0.01349225510520567,7.0745226570993625e-09,2.6452852268718754e-12,0.13772062749836544,0.009492929125651674,0.21651307739358822,0.0012213242072889403,0.66528094857242,0.036069810645829675,6.679243385562873e-08,0.6596711220697473,0.002437449622207499,0.17304488975410784,0.13272069170127518,0.12726200216079875,0.0,0.9117295340047209,0.07146840248177316,1.2051424917979309e-11,0.0038005529397607384,0.713167556609382,0.14681474779215978,0.010654796338586014,0.000155966823204154,0.0003139629942970065,3.464491461670807e-10,0.0001372796117896148,1.3082561525921862e-06,0.09397738445296845,0.16457258776287662,0.02596177210862052,0.001085088409043509,8.374202084075367e-08,2.093691615643387e-45
NumberofAirconditionedSpacesRate_df77,0.5478966395528537,0.021680337636760024,0.40424844241842406,0.645746752447573,0.28944241661841763,0.2635385579765724,0.00827230917632476,0.15052118426727176,0.25144001117750814,0.4677506914647321,0.8295037555589576,0.19631357765432153,0.11205923649963019,0.5605504385956133,0.34400165168907376,0.7935726760057982,0.48691647593698045,0.8234663833891006,0.06709104959223988,0.0022556935881078875,0.15497039045236327,0.11700140804454216,0.7971578247523942,0.20011447757232015,0.22670433468843929,0.009444517152009821,0.1503527474675647,0.30673476991943777,0.2209659497985017,0.035184316362673836,0.15162869331496062,0.3569697792569835,0.9532455395663532,0.7708916095430254,0.054583071773422025,0.8178569836694175,0.12187543071648008,0.01369445329526974,0.14713573184882506,0.741786890706911,0.03579742694523371,0.01196045738459113,0.7818971222726186,0.8525105765487654,0.11064415657213303,0.1601858100176529,0.05302579539028537,0.06445884696391216,0.5383901113507202,0.11573283828322316,0.2855968328385332,0.5930364789090368,0.022793146315314525,0.21238361561128885,0.04280795333718567,0.012831083151600716,0.9915887139709466,0.11463470211418764,0.5626910677812347,0.17519651923047191,0.05289436577331065,0.562653621959261,0.012188351269194523,0.05972768133906395,0.01572472221472054,0.34889930125689517,0.04586426676883217,0.026016605202970625,0.032758066369927126,0.37968655300236537,0.3194068763900591,0.07936310461234546,0.4609590950071977,0.05902922856355517,0.9996284087418751,0.08107262375877522,0.8168254082027251,0.20044093519364756,0.42567815878017884,0.6319947233193662,0.45386931154023774,0.9349113249956372,0.1447542968390964,0.025115095758139073,0.9117295340047209,0.0,6.275583193102765e-07,0.006157965249554002,0.5392161842924255,0.25268149370417076,0.31624238046347525,2.386680600591338e-05,0.48534425240515616,0.2825861708463355,0.8759947335003683,0.20380917730307363,0.6126105119472075,0.9694963644288443,0.5503744140444126,0.08269296195847989,0.011927731404002323,0.22359644247275545,0.17796686411810347
NumberofWashroomsRate_df79,0.010153413842755614,0.06561817895545839,0.9396668040385587,0.06540396596293628,0.5495350698216104,0.36000699841105144,0.2593833502982161,0.004108796552439389,0.021911981296259472,0.8291807889527144,0.772292917974384,0.21441963883866472,0.9568095988383848,0.25685954186913285,0.1942912857702676,0.40379504075778844,0.00972389459967206,0.5700661963872709,0.0007354178153499149,0.011684285625790398,0.00018427136832222766,0.0003902627386544673,0.1015928176277641,0.3022166878062739,0.030752228779241417,0.6475515285385426,0.3172651072200932,0.6107156017830827,0.12795063060811834,0.3277883363370586,0.28610231791399504,0.8746355346535979,0.9851766583137382,0.8573698528498224,0.5759244374976533,0.07197888963708557,0.764320111621021,0.34869883978077215,0.6217861449857582,0.35332875016485754,0.09303716260787047,0.34310462584039625,0.08014040651216837,0.3694766054501469,0.08236561793881987,0.3567507201378154,0.6692948655807871,0.0007935520675241962,0.5835054089002155,0.00015055299234437925,0.0163839532351289,0.617521275472555,0.6980112965323778,0.15027749841898974,0.12333388268372793,0.21065557839889976,0.31181772327309104,0.043226882961219834,0.5931745663459601,0.7759833481124647,2.0705701075118677e-05,0.8160078458173806,0.7305052960407984,0.39347751785301044,0.5239293123619115,0.46596663854129405,0.9320520103484194,0.8594300600026497,0.2348885434073796,0.9957325399989527,0.037853930444081196,0.3656282264946204,0.9547794240149708,0.19586076348124723,0.8526619497036462,0.7358268839137486,0.24453110841791845,0.5726998733732713,0.4584896489114048,0.6445854975196363,0.018745549110168135,0.09898251095312965,0.7083504618327037,8.807702355445129e-09,0.07146840248177316,6.275583193102765e-07,0.0,3.824252479199474e-05,0.909842091392324,0.7869166950210913,0.10740041807316364,5.935670318173922e-10,0.02922802786347192,0.6672398765693074,0.522935547334204,0.06564130165284775,0.0006262238798903847,0.4384527873697078,0.6792773365260402,0.2638889126603665,0.2586273105286072,0.6844671462315539,0.019137146777353627
NumberofParksandRecRate_df80,0.005176496274952196,0.04593506881159872,0.5613698738605851,0.013265363875440464,0.04838838846502555,0.8507835943960071,0.9146201744707453,1.68857263853204e-05,0.0003977862141113601,0.38743196280791914,0.48928737085116064,0.00034684363009535436,0.0007028784336426339,0.008764712816118849,0.000881755272019859,0.6178728500062223,2.3970712480193505e-05,0.465882429657533,0.0005975428108818625,0.475014049325071,2.5696505042199423e-05,0.00047582248287194814,0.004273925115367304,0.13863657405166654,0.06994335065359747,0.5094873190081487,0.03556281557481554,0.008736946189606359,0.011679485234436378,7.555854427602927e-07,0.32427890480850735,0.9837710250186845,0.8165046029947944,0.6770077319998146,0.009634820508678466,0.00020729570255975034,0.006176973993630744,0.8626497977450531,0.6199928557924179,0.5804660238172819,0.012442456053548975,0.08939213192236392,0.10360917410781206,0.4556861072060979,0.10983886510888183,0.020983587027346637,0.05706312870659381,0.004197703137498008,0.040973294540836334,0.0050181638961338355,0.8102529844981274,0.06553094051819199,0.5844598972575684,0.1662537164581295,0.9046150287192283,0.26422286617356333,0.0886781093731522,0.29175770198074175,0.008395538481619329,0.5357905778993812,3.691432959190349e-05,0.780815725297793,0.9693978071024432,0.3888927782248861,0.7154325568737098,0.06785983711201919,0.9333425127669621,0.7910023485990418,0.7352342811975411,0.25624444314644224,3.8499132003407283e-07,3.454283386853496e-05,0.7028776087521489,0.36770617377280257,0.9621325857110525,0.11774557889071077,0.47020681409949244,0.18125781874007119,0.4602305891314132,0.3195267818945636,0.00891036783954855,0.46589431695238737,0.49617222341599104,3.5968060174024143e-07,1.2051424917979309e-11,0.006157965249554002,3.824252479199474e-05,0.0,0.31146154887655086,0.6128912431051003,0.18140772715837417,7.530009152913706e-07,2.0236773410363166e-09,0.4129666223668931,0.0004926019200153501,0.0021804439610699374,7.317151807913168e-07,0.8904749303769033,0.7169631031843899,0.6180921974888115,0.05612148535973991,3.2598597275513846e-05,4.443143098223481e-15
NumberofPlacesofWorshipRate_df81,0.04757351949626409,0.21831861224948798,0.07987656849463828,0.623764200175276,0.15767145562370527,0.08175053192237342,0.006062995323626562,0.02338636569002716,0.1902432213840158,5.733362380735423e-09,0.7825198355155456,0.0025435226515556695,0.6819553344328342,0.19705671905558297,0.5378394483424961,0.6927967702777501,0.4286304822859006,0.0959852896068725,0.1060794561599104,0.1616239208599376,0.027073998717790364,0.024457401416747102,0.8104080726161405,0.7183419604550478,0.638849807802547,0.02420915382637358,0.7614391586226303,0.029573439398091653,0.2242033438181341,0.7356504440302144,0.3148969087062663,0.1341629555143776,0.0623885031514593,0.005487400814916076,0.107345475252644,0.6180701433178091,0.5924893620939398,0.19317112274715983,0.04405863568975783,0.989582192652026,0.016408537619007575,0.03739750905193427,0.573869618300683,0.5156080480410901,0.0013264352228290405,0.13214261270975589,0.34162916570639834,0.00119697147295215,0.804439859100571,0.9471429780952124,0.46653143319064944,0.1693036941331977,0.23312533984769127,0.020713123776513832,0.030862757788140998,0.09048024245090912,0.2053647048491215,0.018180842269819128,0.18820769347493582,5.305378464639647e-09,0.7737660069897506,8.489677607259061e-05,0.0014350951323364046,1.1796926549120184e-05,2.2004972028823705e-05,0.006741448859270147,0.04328543637455141,0.21621888692454577,9.00670558781331e-09,0.263452914109008,0.12070495853562861,0.5005057065650304,2.0854984452288574e-11,0.24217502965688217,0.03306256812455153,0.5823694329723176,0.0001602475617369496,0.017543603269630653,0.6231505733700444,0.00016257463237013016,0.1277569812687426,2.803075903087577e-08,0.7797309548652084,0.10597834933937514,0.0038005529397607384,0.5392161842924255,0.909842091392324,0.31146154887655086,0.0,4.0217566156180665e-11,0.7938615895921756,0.14742129847899854,0.21697861240814392,0.2809856316928542,0.0026521250726602615,1.4936816246060748e-06,0.3859940328776925,0.15060534908387097,0.6985462279159067,0.8112238782088227,1.4504816155868555e-08,0.3420091111670955,0.14363863979078054
NumberofPSSLicensesRate_df82,0.39377861081930654,0.8967138340358428,0.0004325280404931948,0.45461350475440687,0.0007008211772829812,0.0037361354691238732,0.7290674084168521,0.9602652123168066,0.004003335286792484,3.3655796476870497e-09,0.20131802622387737,0.6369944834588046,0.06328025565600562,0.17377233239968576,0.11211309952735429,0.0010129721164994078,0.8434283914036526,0.03729604589052394,0.13683613300342956,0.979779205967335,0.7319948815800827,0.05488083001053709,0.08214065457321938,0.0003957732902221975,0.005383950676644615,0.005233227946913851,0.002643345094181577,1.3393906886899056e-07,0.16351064262118004,0.13631988671854833,0.025587304695831165,0.6042305655636635,0.849948482668257,0.16234199842342373,0.7073709220209851,0.545202290043273,0.24524094214990375,0.9223668927567743,0.8211077303371641,1.385461595197297e-05,0.06955958463761935,0.002854710133711955,0.00011481390368259205,6.273504195301795e-06,0.3520437201460772,0.00258737508597827,0.06406508960773637,0.05907529846143031,0.16132375391337755,0.7928944755567862,0.7794137202262937,0.015352546557879748,0.0028098934235650467,0.18810904112603768,0.08947414670437454,0.009875741981527755,0.11225259457403858,0.017378620801325958,1.4424447840097046e-06,6.79227444737113e-10,0.6880271975280738,1.2705364546069937e-07,0.6190754444549114,1.1825317511844187e-05,1.1766865524974933e-09,0.0035655808182012303,0.6594579275845465,0.5289959641175842,1.0147453404998198e-07,1.431367014263538e-10,0.7935552740485302,0.40449776483076216,8.357294825006424e-28,0.10872776440357282,1.0034351738045342e-11,0.022645266352947023,4.885262734312527e-13,0.5099090666683136,0.7212965679941171,3.622215953944079e-08,0.6668551635484372,8.921695330250884e-16,0.39148094297017905,0.2603304844748996,0.713167556609382,0.25268149370417076,0.7869166950210913,0.6128912431051003,4.0217566156180665e-11,0.0,7.590388444269853e-07,0.006474722099838482,0.8008361757458723,0.3044427146136496,0.26783157435624266,0.0006957679395264605,0.21657398121600585,0.0004716662011561223,0.014505270814330428,0.5232286667716852,2.2350000530742606e-07,0.11266475364883029,0.8054272484916256
NumberofArtRate_df83,0.38213251879731114,0.54200409429211,1.7954676817698014e-10,0.43111545160747533,9.220529007153907e-05,1.7743052005722858e-08,0.00011824851549574102,0.07113777026928403,0.08153669672660524,4.8054385888103255e-05,0.069160155851382,0.0007394368832052606,0.0010155477582229466,0.0003777919138626863,2.2589291074641347e-07,1.1760237382350772e-11,0.9136341493610954,6.287721753006932e-09,0.22495437629945766,0.5956759204306625,0.01659202576977509,0.47870541005248013,0.008589580345527878,5.756901637733049e-08,0.001098475622185475,0.0003153534297148345,0.0010604900703284133,1.4072238031578898e-06,0.15800535013603803,0.2478914884970038,0.4297392854080925,0.7768438979765752,0.535131062500017,0.980263237199229,0.7850497479996593,0.5539532694314393,0.000970629994235117,0.3224095895168056,0.7005431638107915,2.514813043582261e-11,3.972300220585116e-05,2.2674766358269197e-06,9.893877790277827e-08,7.16636155147807e-12,0.25863217165310054,6.623492741629356e-06,0.0023888415418769787,0.9576610389180404,0.011926606874712052,0.8153936157995771,0.4225019939253613,1.4733765416899472e-06,0.003253784349194607,0.027489291194415847,0.10263259745754762,0.0024185532682734607,0.0002774384047521484,0.6285893847405011,1.5792164382438866e-12,6.104950865276796e-07,0.7843183082012349,3.071163762383325e-08,0.8905023251564138,2.797434620343641e-10,2.5541268158012824e-11,5.7760020308722615e-05,0.4731069615374115,0.35851655226691875,0.0003015131164577789,3.6108390107125584e-20,0.6834618205016533,0.23714849070867303,3.504647148438594e-07,0.11385909920449018,1.963468522978482e-14,0.014051059516332879,1.558655034092254e-05,0.3268883308779446,0.0003916630738441955,2.7531942110081834e-08,1.3793547179672655e-06,1.2984973211056829e-06,0.0012186282550877123,9.436031290128771e-05,0.14681474779215978,0.31624238046347525,0.10740041807316364,0.18140772715837417,0.7938615895921756,7.590388444269853e-07,0.0,4.5961967488490936e-05,0.5054593139439457,0.024557632776820142,0.6856577365856531,0.9444159147625019,0.1670059459288049,0.0001468623981841968,0.08599141982757537,0.023726412488701363,5.691856742559116e-05,0.16334591233523033,0.30813827717246556
NumberofRealEstateAssetsRate_df84,0.01884016910087121,0.028673230379657376,0.35982441109281676,0.10983651688538942,0.1315239599284833,0.6820201519879328,0.6330829047139377,0.0012987270560522218,0.002208276712820932,0.1757101676107003,0.4286117098443121,0.7143940738312461,0.18824582044851845,0.8914087572663297,0.4872207769024022,0.009289027137779899,0.005226981879568785,0.4128100287908127,1.8709249624688872e-06,9.361682810447901e-05,0.00015537512300899887,1.0504223605526913e-05,0.005032497426995187,0.012709165217112033,0.016595270591969837,0.27925893710192023,0.03840496058249832,0.0411332812709098,0.16108688494946463,0.03162036976839698,0.2441668336081298,0.08921286546766968,0.002073697060255369,0.21870489912001598,0.7815679334111393,0.010976579210470265,0.13462011215358347,0.20009412711572666,0.5594699071332414,0.010218976201429206,0.06947591768510868,0.8052822160531812,0.0015886796767849345,0.004032226808321421,0.008464166926171465,0.6225502335553825,0.5100845739906376,5.785079825327174e-05,0.45747101028582954,0.0009843190009708514,0.07247595762472278,0.043436688839150014,0.8731513563753753,0.013464364723449224,0.0017857007691700576,0.5221525121132301,0.5402157782491513,0.21160439820220853,0.04078298054049002,0.025069862812623595,0.006612280875294693,0.17578811739790234,0.736115490826205,0.00237593826090538,0.0010783206787171474,0.0035944117043469666,0.8148042482677235,0.19741783664135854,0.027614970506379236,0.08295913019257455,0.08511532180528626,0.8366942826423813,0.04978537198412398,0.31319984115888744,0.17399893601395952,0.304926633184745,0.8598608744410928,0.6057332502511507,0.953215316905597,0.2460451906838405,0.014893685241729538,0.02385021949838198,0.0404707105659338,1.1502794026396629e-09,0.010654796338586014,2.386680600591338e-05,5.935670318173922e-10,7.530009152913706e-07,0.14742129847899854,0.006474722099838482,4.5961967488490936e-05,0.0,7.51974785440557e-05,0.5320099798205279,0.12881024805557548,0.0015326807585254588,0.2457400270130431,0.6441691827998954,0.37652793127754436,0.15154980760113107,0.008509842045725514,0.24606665047210693,0.05874410939032128
NumberofLandAssetsRate_df85,0.6811144864090343,0.4949703834686632,0.7937948264016197,0.23183657361757748,0.39036339135921644,0.6806654009496798,0.18548563028123244,0.0004903193751963264,0.34776339237102993,0.446680857291086,0.22650779459078368,0.5283599405446838,0.0713480424053833,0.37190655155542196,0.012282256009990618,0.19103506700392522,0.16124681762987567,0.3089984095178871,0.1505002979338541,0.6679731272813653,0.0044202169281426585,0.20024105125187655,0.8512243923940211,0.5639604617683238,0.7406468827178997,0.8540434801557659,0.6963126870944414,0.00801028775351128,0.8317339737165506,0.5354524788238029,0.19561883173348357,0.7288008799806602,0.8568672742064277,0.021136646855777683,0.2784664901164149,0.25701614427077046,0.5807820689498064,0.6936523832351326,0.5774085991004461,0.08516509842023409,0.0007704174182619331,0.25548673480782136,0.33891293625792906,0.11684479011311018,0.5119755090354224,0.1151838230199452,0.9634355941104242,0.10654666786302305,0.00014023926621178608,0.35300971667336023,0.8544569827432686,0.2791556972665895,0.31659775983143346,0.9289032421575342,0.4538557583312822,0.2863054852509928,0.31058969593035446,0.09387833231900233,0.20367182181386265,0.19873838896596918,0.07266502027615257,0.4319229243372443,0.2979700886842522,0.7836837037538633,0.5965704316007372,0.0855532321995692,0.22714577611442635,0.31847078855321925,0.4048104648354489,0.6904090565104558,0.10206115317311275,0.04951666186287751,0.8719337605390453,0.27942355249356393,0.9658192548159683,0.9490795429442835,0.42102468885686894,0.9394104004983775,0.2264204880906017,0.27662681711995823,0.00029852394591944675,0.4197347511621571,0.4604388095862054,0.0033787451110664003,0.000155966823204154,0.48534425240515616,0.02922802786347192,2.0236773410363166e-09,0.21697861240814392,0.8008361757458723,0.5054593139439457,7.51974785440557e-05,0.0,0.44603021939244475,0.3370745948016615,0.0543664729178186,0.008084418829585853,0.4059535700863404,0.846647848176971,0.21093578466486795,0.018084219372265425,0.3494534686139665,0.003909034391554105
NumberofSpeedDisplaySignsRate_df86,0.960934154479405,0.5203673987793751,0.12967697578217255,0.5141617449832441,0.036875576134356026,0.0844047834868403,0.6354629168156256,0.008941974438740456,0.7228315197240703,0.3680401021215698,0.6414479774300101,0.03800200840868716,0.0005411812191502852,0.1484877567485473,9.613876639837188e-06,0.000464572864632412,0.3099367142407196,0.00014803939226017834,0.5095780227026003,0.9141793870643861,0.10070938720168743,0.7634772424551007,0.1303662480359206,0.1741657921725192,0.8392200950879528,4.515501104364278e-06,0.8983636882653885,0.0031764869446550626,0.10403516506727299,0.8210320619881997,0.3994942793838949,0.3996905933091803,0.6986229689440678,0.9039189596331713,0.148745183750699,0.38636232731585657,0.2474477383461026,0.2571950766623514,0.6102431046618891,0.005290149158429538,0.18133218440220294,0.05522371162588067,0.02582565121219059,0.0032562346835484303,0.342255107039359,0.847251503262614,0.013713134275966384,0.9231554384266206,0.3757531902101709,0.43052895219408266,0.2007257392890745,0.09856109333593331,0.5828617647142001,0.3844464029768128,0.5393307999518903,0.3209088776701013,0.0688582947451187,0.7479890956050926,0.041712245507741025,0.18647915727084752,0.8073977968388513,0.13494410568803664,0.532447315663183,0.40426127574023907,0.7881884282322715,0.9370563806001959,0.36488927118224657,0.6990664382718406,0.023356473315559095,0.5424714191095108,0.1605136842145481,0.25651445249127836,0.9478491033141305,0.0050440239541275364,0.4967981839988912,0.8650860211113629,0.45608006313821536,0.03390119950200705,9.523596075061579e-07,0.10184991376853307,0.1687019735241212,0.9058052077855864,0.6540135177847801,0.0694629707737059,0.0003139629942970065,0.2825861708463355,0.6672398765693074,0.4129666223668931,0.2809856316928542,0.3044427146136496,0.024557632776820142,0.5320099798205279,0.44603021939244475,0.0,2.935465206948276e-11,0.02983985422894266,0.2843116936822329,0.10098394287083022,0.5060587723324317,0.6267355047349754,0.12875663499533918,0.15536398000131685,0.00398843517873476
NumberofSchoolsRate_df88,0.7572669302694863,0.9422744130301899,0.22573866172083223,0.16035080814966196,0.998670700588415,0.6675827967926714,0.5888293391636142,0.0597217758072366,0.07577151368361495,0.020819046031143523,0.021802343045853934,0.02539947025943802,5.741196190234554e-06,0.11596629289801262,0.000633639675132124,0.17134992465874577,0.0037454881621107696,0.12468113574406552,0.8333178279618104,0.02813715139941481,0.46008145060727085,0.9996989183299796,0.2705394845023909,0.15051795187119094,0.14588386614504165,0.06298255487189901,0.009586183909526843,0.18052730584157828,0.0008572416588533911,8.629348024536216e-05,0.30878305142891577,0.5571263722725959,0.8021842679544879,0.6074364837727424,0.0005121113891996809,0.07694329258183176,0.000556094722135317,0.002479593028971875,0.320720526234779,0.6509745947761224,0.16733014406808322,0.8743075550560384,0.6619096585965906,0.40443889474691824,0.09424149253531851,0.1767417389850576,1.528356035246838e-05,0.9010283861212572,0.3614469381611693,0.04673515775775257,0.00286645892434736,0.3064821636248644,0.007695354418642181,0.01341589874622627,0.049480560302137315,0.27814190798290894,0.22828378768873012,0.04496297246055587,0.1479314984871805,0.005053537836836285,0.6461412244956776,7.585075042331031e-06,0.5533726847481951,0.019162312009519185,0.24134668310456625,0.17655590620014788,0.7293489852912419,0.3045685781447769,0.00012717756098292634,0.44288944361087046,0.003916144478386539,0.0013091821718282063,0.011001112038037657,0.08888755200233307,0.022458949977796225,0.009041452907069763,0.00044625963020590315,0.1031012709711957,0.00018341965663916395,3.3773462695652375e-07,0.9983158894149767,0.11159177908355275,0.5861665022772494,0.41318386765264525,3.464491461670807e-10,0.8759947335003683,0.522935547334204,0.0004926019200153501,0.0026521250726602615,0.26783157435624266,0.6856577365856531,0.12881024805557548,0.3370745948016615,2.935465206948276e-11,0.0,9.594743033635933e-05,0.024078469113935935,0.6421761976189514,0.0929345875900541,0.20359500220717408,0.0005470548954824083,0.00011843374486728577,2.556833895247641e-10
NumberofBenchesRate_df89,0.021566105713487927,0.5463932952677826,0.3691274682596914,0.43403731599199585,0.06447963454458408,0.6354127010725032,0.3703797583723346,0.01335735385805275,0.014082478724632776,0.15215462538360053,0.007210973115857413,0.01066479800999335,0.02000275210950037,0.08993620549643509,0.07777489891919621,0.39335388454132847,0.11115318397298779,0.06347703641122772,0.05000616891346878,0.7009646970637202,0.010440004072752833,0.006659119637538771,0.00792107740252145,0.16274570781451608,0.03240559836072174,0.6697130822059555,0.01463735056802151,0.08834097485216803,0.06489238346947211,0.00347101140881465,0.1100357882755878,0.7218180704348962,0.6537790970804449,0.07358407787975349,0.3058613141392998,0.030380228805284265,0.03332961369822896,0.7286399230808278,0.4932466085827986,0.7383437288852313,0.6396802688227822,0.2162308140200013,0.030037185024418538,0.735064730599417,0.022219790849315794,0.07346668515626092,0.21922723902743307,0.0005172935113448056,0.17036317313070015,0.7289205984108416,0.702781355792723,0.09859352168115755,0.098537153688695,0.5519731809025437,0.40594834872403707,0.5582347526708431,0.07544824720670947,0.9484211963966256,0.9506734608468974,0.07050457720503404,0.010570946205159512,0.01017816903006214,0.2806252773981911,0.3114026501646351,0.3345838803172121,0.9474267916328984,0.21179208877040134,0.7179764166172558,0.1961057119185714,0.9450751995913033,0.09068400842747874,0.029750099987230133,0.000399758751282334,0.12477456464357554,0.07123101821039607,0.04438516480470307,0.0013449254343730244,0.7683594935747955,0.02750582375993349,0.028429693659084255,0.591305885046841,0.022538783271891353,0.945096852347794,0.08470538015872525,0.0001372796117896148,0.20380917730307363,0.06564130165284775,0.0021804439610699374,1.4936816246060748e-06,0.0006957679395264605,0.9444159147625019,0.0015326807585254588,0.0543664729178186,0.02983985422894266,9.594743033635933e-05,0.0,0.025027872379244146,0.16940477112880145,0.09178507423073694,0.39472012889500596,0.005251740432072522,0.17405354176465018,9.768821125800083e-05
NumberofTennisCourtsRate_df90,0.41058565055851315,0.18600931062292458,0.17498711617907287,0.0033429052095898786,0.9109054829970028,0.047419000421353455,0.8154948534617408,0.04860015207793175,0.1788085091599273,0.00857606051965349,0.29582305869653597,0.035131123402803964,0.0004018411321605056,0.0002098236915279026,0.0002670323965066187,0.011777264760771282,0.00017375050918490013,0.11315581008512732,0.9284942942043175,0.008671322752122963,0.0329923891070898,0.4915802732750128,0.05702824504347439,0.9660655785130731,0.5189301817408967,0.05579687821734906,0.10365490742699085,2.0608009909513538e-06,0.007126796974742766,0.029446920716622336,0.7299049068103678,0.9095502621803343,0.7228376496849533,0.7540019392176757,0.003385360040628127,0.0021785316920343734,0.4456498759716525,0.0008549091491429192,0.043960578206337954,0.2458704030555058,0.6819715236299081,0.5113894549713808,0.7692706019513255,0.024487633971164446,0.15155151964952565,0.2033819820177133,0.15044991202614066,0.8401688130472694,0.17193952771360138,0.06461206656785916,0.10813213572005963,0.03606647626915391,0.21796187704673312,0.000994135698417666,0.005401914231702003,0.044269248095908834,0.0006743888864957806,0.13466986539998685,3.2506600511594405e-06,0.02294680214042373,0.021122715000681854,0.06579245299797166,0.019270050881737468,0.0022844426800448466,0.00019567163244388886,0.1965026855465978,0.4746673912279535,0.015247245864942659,0.12563600444442594,0.0027080193995553193,2.356805809045084e-05,5.9683766805605875e-09,0.06535082039593468,0.015246946700631087,0.24683358582855183,0.060461571143040564,0.25603209905092983,0.3163196955293243,0.12517362519555347,0.01593057207792768,0.009454189185692543,0.02976840338123301,0.1270433342490264,0.5454628729382963,1.3082561525921862e-06,0.6126105119472075,0.0006262238798903847,7.317151807913168e-07,0.3859940328776925,0.21657398121600585,0.1670059459288049,0.2457400270130431,0.008084418829585853,0.2843116936822329,0.024078469113935935,0.025027872379244146,0.0,0.5772654204471422,0.8595081990794912,0.5273561371053177,0.06920123163671386,3.3148719989987635e-05,3.463912595459808e-11
NumberofCommericalIndustrialPropertiesforSaleRate_df91,0.002475117437944361,0.5247801826480386,0.0010730079960990855,0.11077979115096445,0.1550270839293068,0.001884082868301742,0.0019579133038802603,0.0012770283200493086,0.7845914336822757,3.181384194258004e-05,0.7304452241222248,0.07852989711840953,0.5670577700970848,0.07843060168635733,0.23477465817157156,0.7480711467263244,0.10300991049228096,0.0010141853886979793,0.0006774779262145616,0.040790191140262506,3.7221105488028814e-06,0.0005301423117607364,0.46761203182309763,0.8816946994020984,0.4761534987939174,0.06178540583587265,0.6397073924072406,0.6407388291287999,0.9764947496114817,0.17351191294654633,0.29894278633369564,0.05844207332265939,0.11510987817163662,3.198588384945694e-05,0.5761554974595463,0.005269021381350682,0.8306240319295612,0.9846541143643128,0.7845235059964376,0.41862530304932405,0.0003209599721070361,0.020568397747667725,0.7682836553384215,0.496425319143505,6.044745316380114e-05,0.056265289057252504,0.7619133736472125,0.0013646494880466364,0.9449294632746837,0.008241600160275395,0.0068792008820934706,0.5545625711541344,0.17907245145348213,0.3649245361458802,0.14076847853839175,0.03538354222804688,0.18484822568939946,0.8895257267864896,0.2525332550573541,1.0846074103773344e-05,0.489861863506571,0.0199039179696319,0.15132519971617564,0.2756443259678923,0.0003409790750010185,0.0002033692171068936,0.17940534767132113,0.7643713520642634,0.07695462043312445,7.44849191798148e-09,0.8016165126560092,0.34499254322758527,4.1999636233273765e-15,0.07334775912533309,8.319690867297307e-25,0.4559283536042292,0.056383618450191623,0.4752648276692175,0.5022559000862821,0.06321839509318782,0.33417807042179226,0.6982285085710125,0.983116775379217,0.6794003437009278,0.09397738445296845,0.9694963644288443,0.4384527873697078,0.8904749303769033,0.15060534908387097,0.0004716662011561223,0.0001468623981841968,0.6441691827998954,0.4059535700863404,0.10098394287083022,0.6421761976189514,0.16940477112880145,0.5772654204471422,0.0,0.473680146614147,0.6959263402705252,6.510141925767453e-05,0.8280252193805108,0.6645889530432282
Rent Bank ApplicantsRate_df49,0.0001611006992854071,0.026037026114291255,0.061344464504595554,4.6907921551150606e-05,0.006122815836735162,0.3266221435108946,0.11394452933597544,0.2678117335131445,0.0001781369212329034,0.15962295644038046,1.3909621785275732e-08,0.6532074085358942,0.0019116866327978132,2.431413543123146e-09,0.01720403735967662,0.05256035298060064,3.101926514629254e-07,0.01997866824203615,0.46945180123557656,0.01409226129386683,0.05434751612984063,0.014175341943567569,3.2228525721840735e-10,2.7061204878582144e-11,3.86278447962488e-08,0.8891513372253999,6.61565400001488e-14,0.0006646939774099552,3.638536553265996e-18,5.057075440087438e-07,0.0012687823104360783,0.13606970024164614,0.08806095741252343,0.4216948908448085,3.1259513666779565e-11,4.1809640772324084e-07,1.4299727734127526e-08,0.0005099573042193094,0.0006288104158858997,9.03929909364169e-06,6.555096018219949e-05,2.0734070585404555e-07,3.401721873675155e-07,0.0006800160407381381,0.990447278557242,2.0074408274213244e-08,1.636394393549022e-09,0.0035230243003494172,2.6453105657823637e-06,0.654767653166992,0.5036264440566177,0.007040494361991899,5.1006160672793796e-12,0.010792743831236394,0.006134604450359108,1.3864429682329105e-10,0.0005265663604307807,0.030271763245658907,0.03880049456170123,0.028972754841659478,0.37096474642250726,0.02369080936654125,4.466636371948829e-06,0.10069016668708594,0.20913530914602535,0.9411351215709344,2.4270286311613667e-07,0.0007355224923327229,0.5173520685639583,0.17808883681113769,0.0007954177612029832,0.7152301621786723,0.11094604993999313,0.07352341786625421,0.16595161064040928,3.9335659231195324e-19,0.018439286922022752,1.0979906067738581e-05,0.00042795462632340685,0.0374333769705193,0.7540042829406981,0.0007232247235828423,0.0052353297011763535,0.015373881327693826,0.16457258776287662,0.5503744140444126,0.6792773365260402,0.7169631031843899,0.6985462279159067,0.014505270814330428,0.08599141982757537,0.37652793127754436,0.846647848176971,0.5060587723324317,0.0929345875900541,0.09178507423073694,0.8595081990794912,0.473680146614147,0.0,0.41944303396587873,0.840548314755504,0.25010443238727326,0.01760720553220452
SumAffordableHousingRate_df70,0.2974270109031298,0.9945076130415381,0.5897059580177049,0.003484818989255324,0.7396692798642798,0.058495507581937375,0.9000165252493824,0.00022250739323597768,0.01742561417164629,0.05563670239580347,0.03516384152499737,0.0796463612743041,0.011024492602420343,0.003908519812714164,0.0001252833594153826,0.030956128966412744,0.007790882608154066,0.004092637563619419,0.48187220653950824,0.042229997185241286,0.06353995927336124,0.24837613735409841,0.05728660346561883,0.9312070830081559,0.1305420983857325,0.11765781954743801,0.03874839965842573,0.18698691572034973,0.025959103833435766,0.10773589106137389,0.3159150794439384,0.9849046104830266,0.15897166253599285,0.1551807923568316,0.011406193853618293,0.014772905948600203,0.5280224234833707,0.011696394464510877,0.03603008551458875,0.3521307261703487,0.22811046753563338,0.719936385674934,0.9917170038420203,0.1531136933623819,0.8929007405458578,0.8148020944000492,0.10449351733365385,0.12551291650249186,0.12529973712512033,0.04871715979124408,0.4682696021769173,0.11973186561079695,0.09179589244733623,0.012060964018446368,0.027467860165484793,0.14235911753213384,0.009772216439729177,0.06241351442281795,0.1190323741150853,0.005654463184288968,0.8770392624900669,0.4616558654173276,0.011982981327635084,0.0006065440294077612,0.0008280572411499428,0.02117790198047639,0.13052637603997205,0.0001825031673389356,0.0067398359273294125,0.03216885843918298,0.022805572401933316,0.3512450448254068,0.4195479653674274,0.5109549280901374,0.37197186665813997,0.013135227594721759,0.7807477180669615,0.008649835629758955,0.00893496563711649,0.20024307035628103,0.17901903552648243,0.4004265728517058,0.07637819362192859,0.029537590605472574,0.02596177210862052,0.08269296195847989,0.2638889126603665,0.6180921974888115,0.8112238782088227,0.5232286667716852,0.023726412488701363,0.15154980760113107,0.21093578466486795,0.6267355047349754,0.20359500220717408,0.39472012889500596,0.5273561371053177,0.6959263402705252,0.41944303396587873,0.0,0.014541537135999672,0.34355069996592646,0.012271090313433082
NumberofMotorVehicleCollisionsRate_df78,0.08775781414590592,0.5070385411032087,0.027059996955103763,0.081073946342718,0.9076036297660195,0.03291323142268339,0.6332238879333438,0.661818426170359,0.3191652989775697,5.655281583269766e-13,0.46954828258647546,0.9571773893395323,0.15760157409908476,0.0007801518228057897,0.664549432468814,0.2944497842263843,0.056445248905144615,0.5367824465158489,0.6913576470168703,0.2316824609283333,0.5884715088974427,0.7058404395155409,0.3690612522508733,0.32031601227144907,0.5990195852497094,0.011668131296470055,0.22858184902761494,0.33793191181420673,0.13392383131618324,0.26225093768875074,0.4822800947405481,0.16131720789898005,0.05608653836143891,1.4841660033073326e-05,0.013147538604961479,0.011863445242249583,0.7165079975625895,0.009778852142750642,0.007071515551389081,0.9120067349342114,0.5487879947618137,0.2621246781328511,0.7286761064758357,0.4116815886472776,0.9399410661054489,0.986067513028406,0.8234937050655807,0.9526008872513291,0.27913843327957305,0.2047106780073838,0.7185904228958363,0.8155928606923338,0.11473602058191382,0.006247607805671131,0.016835702178121987,0.022716845076183365,0.010897558581014648,0.2851744111199001,0.06462850504844334,2.617525750428438e-15,0.9908354014433062,9.88431725619999e-05,0.00022777754407681604,1.1146404656076073e-10,1.5661975252951659e-12,8.030356039853182e-13,0.05909319271356747,0.10844975120274235,1.1223341974274125e-10,1.907397820458293e-06,0.08036088601664376,0.9207475005390064,8.355794533502811e-12,0.1346917766092484,2.509570632545919e-08,0.39533166762797967,0.003618461981955414,0.009809785125316163,0.8838574887317169,5.7471336623961474e-08,0.012403608857663052,0.000298357767625448,0.2463434530958583,0.0446762982388022,0.001085088409043509,0.011927731404002323,0.2586273105286072,0.05612148535973991,1.4504816155868555e-08,2.2350000530742606e-07,5.691856742559116e-05,0.008509842045725514,0.018084219372265425,0.12875663499533918,0.0005470548954824083,0.005251740432072522,0.06920123163671386,6.510141925767453e-05,0.840548314755504,0.014541537135999672,0.0,0.32781775081220077,0.5101089752995733
total_vehicleRate_df92,0.4433451280404609,0.8151046279130585,0.04950597767400882,0.46701524261424354,0.22287711816234146,0.10236014419983148,0.8500088486813272,0.4146999256638607,0.14755361354131286,0.0981897747142409,0.05238806092933085,2.998418613505804e-16,0.00015602875305224126,0.23040445776374685,0.0014263888354924782,0.0027055875412607196,0.02065534969979949,0.0060877128055238,0.225044782085954,0.08975365940329914,0.33088967973193817,0.5287126215855275,0.41521848425094704,0.03140456525711989,0.24421937256825416,0.20016562844917163,0.3107089964721382,4.634076967538304e-06,0.9311902256433362,0.06156166264636151,0.020666463511088043,0.8860102290820459,0.6685346926857698,0.32076098908210354,0.10668974707925041,0.48154932173888726,0.7316822833962155,0.025942025966368285,0.6842664632076768,0.00022943371875399702,0.08176712606512505,0.012465574303872995,0.038295411056917,3.6406240738915974e-05,0.43337101761606694,0.00018025069845274412,0.9665804641605357,0.4103948400686389,0.0009479122034893402,0.6454518237032846,0.004592280203204229,1.0634283522986288e-08,0.5511435067099729,0.004195387805970382,0.009678408436423105,0.10825108342271089,0.24307852042295647,0.43225714107231944,9.562743758378697e-07,0.6218811084186157,0.24798935411764023,0.44592776032916226,0.05893427945779328,0.4772220086117675,0.16781974390027837,0.19722595323306993,0.009813257436413356,0.6133849799674769,0.37957372194501515,0.06208397835589989,0.010059358419761565,1.7588946978171182e-06,0.1749102021805618,0.7343058095390225,0.7097625238343286,0.3989654335081435,0.17287101421046572,0.11633115240110593,0.6511558192361407,0.5408779951070565,0.2582384647351935,0.009136617212225447,0.5480066649651221,0.7927380714489164,8.374202084075367e-08,0.22359644247275545,0.6844671462315539,3.2598597275513846e-05,0.3420091111670955,0.11266475364883029,0.16334591233523033,0.24606665047210693,0.3494534686139665,0.15536398000131685,0.00011843374486728577,0.17405354176465018,3.3148719989987635e-05,0.8280252193805108,0.25010443238727326,0.34355069996592646,0.32781775081220077,0.0,1.3740114716098455e-09
NumberofTreesRate_df93,0.04120627828080836,0.29678859125732887,0.17538054042691997,4.92939078455337e-12,0.8961440399972433,0.0002155614278363338,0.9750284795048003,4.2577389905617776e-08,0.00028219933221887785,0.03135575990085775,0.0040954430302073686,8.490034303291535e-05,3.7699355706288823e-14,9.758267728547322e-12,3.869244829852613e-14,0.002462008704384464,6.404781005801145e-20,0.0023140461691439278,0.09070729526842955,0.00011562779515103851,4.178071777845983e-06,0.007326417410416514,3.12942310910398e-06,0.17663457931731996,0.002175324708723035,0.025113678251413397,1.030492777285519e-05,2.1427252260327305e-07,2.042404881743601e-09,6.9235580365615324e-15,0.03359169958918463,0.40646218230389053,0.5461392094927127,0.34701043060129166,3.156743249961526e-11,7.980035727850844e-10,0.0003219716399653379,4.6259055433874474e-07,0.00796720181368087,0.1457598964307495,0.17979591279648482,0.36228817347819986,0.26622367532945884,0.007491819977119659,0.3087697344021788,0.46438811063594326,7.045043068917583e-05,0.042303107311257276,0.06338387401296315,0.018329397137394364,0.002936281888750855,8.904763841428903e-05,0.0005094086283512662,2.109036014014408e-07,4.212949312358312e-06,0.010498812381091184,3.849373391771926e-06,0.557067394522432,9.126773475860553e-08,0.16980045452189782,0.002977831917312945,0.7662670382069594,0.001258871770056485,0.006064789849434902,0.0014743523316464362,0.09964693271894887,0.0854228137816033,8.343631461699683e-05,0.6100778124306967,0.0028283331765477536,1.16043570962949e-14,1.2197153502395107e-12,0.8179337020933768,0.0069379677220688316,0.7573258027016871,1.8383450146570793e-06,0.9131039768970425,0.002136212177724887,0.00013578328546670884,0.2851576606998262,0.006079257436619097,0.23069278347157152,0.28757388828025987,0.06629874833806351,2.093691615643387e-45,0.17796686411810347,0.019137146777353627,4.443143098223481e-15,0.14363863979078054,0.8054272484916256,0.30813827717246556,0.05874410939032128,0.003909034391554105,0.00398843517873476,2.556833895247641e-10,9.768821125800083e-05,3.463912595459808e-11,0.6645889530432282,0.01760720553220452,0.012271090313433082,0.5101089752995733,1.3740114716098455e-09,0.0
